:02000004FFE01B
:100000000A0000141F2003D500002000000000009B
:10001000804A03000000000000001040FFFFFFFFC7
:1000200040121040FFFFFFFF6A030014414238D521
:100030003F2000F16C000054E0000054AB0100547C
:1000400000113ED5000C40B200111ED55F111ED527
:100050000A00001401113CD5C10010B721007BB289
:1000600001111CD5E07F86D240111CD5030000147D
:100070000006A0D2401018D5FF4403D5404238D521
:100080001F2000F14C01005440000054AB0000540C
:10009000000438D5000C7492E00000B50400001490
:1000A000000438D5001C7892600000B56008005844
:1000B00000E01BD5DF3F03D5414238D53F2000F19A
:1000C0006C000054C0000054AB00005420F239D53D
:1000D00000007AB220F219D5DF3F03D50D0000945D
:1000E0004A010094A00038D5009C409200DC609248
:1000F000C00000B45F2003D541060058200040F93D
:10010000A0FFFFB400001FD6BF4100D5C708009470
:10011000FD031EAA000038D500FC44D3002C4092F9
:100120001F0C34F100010054000038D500FC44D30A
:10013000002C40921F1C34F180000054FE031DAAC5
:10014000C0035FD6FEFFFF17FDFFFF17FD031EAACA
:10015000A00038D5009C409200DC6092600000B5A1
:1001600040030058DF0800940003005821030058A2
:10017000F2080094A00038D5009C409200DC609208
:10018000C00000B460020058FE0800946400001033
:100190004502005875080094FE031DAAC0035FD6EF
:1001A00040010058F3080014C0035FD6C0035FD6B7
:1001B0009FFFFF17000000000084D7170000000019
:1001C0001022D1FF000000000010FCFF0000000022
:1001D0000020FCFF00000000010000000000000003
:1001E000FD7BBFA9FD0300919D3300940000805268
:1001F000FD7BC1A8C0035FD6FD7BBEA92000805255
:1002000005008052FD030091E7630091E6730091C1
:10021000040080D2030080520200805261028052AA
:10022000E01F00B975010094A0000034200100D047
:10023000003C1A91D015009404000014E01B40B952
:100240001F0400318100005400008052FD7BC2A8D1
:10025000C0035FD61FFC037168000054001C00122D
:10026000FBFFFF17200100D000081B91F2FFFF17D2
:10027000FD7BBDA9FD030091F30B00F9F30300AA78
:10028000DEFFFF97021C0012210100D0E0830091E5
:1002900021941B915D3A0094E1830091E00313AA3D
:1002A000F0340094F30B40F9FD7BC3A8C0035FD684
:1002B000FD7BBEA9FD030091F35301A9F403002ABD
:1002C0001300805289000094000440B9BF3F03D559
:1002D0009F02206A61FFFF54730600117F2A00719C
:1002E00021FFFF54F35341A9FD7BC2A8C0035FD691
:1002F000FD7BBDA9FD030091F35301A9F51300F99E
:100300007A00009413100091000080D28D35009483
:10031000F40300AA15C489D2600240B9BF3F03D5D7
:1003200020010036E00314AA863500941F0015EB67
:1003300048010054200080D2CB350094001900946D
:10034000F6FFFF1700008052F35341A9F51340F95F
:10035000FD7BC3A8C0035FD6A00D8012FBFFFF1773
:100360001F9C0F71C9020054FD7BBEA9017D805204
:10037000FD030091F30B00F91308C11A200100D00E
:1003800000B81B91E103132A4A3A009454000094E8
:10039000000042B9BF3F03D5000C04121300132A1A
:1003A000BF3F03D54E000094130002B900008052F5
:1003B000F30B40F9FD7BC2A8C0035FD6A0028012F8
:1003C000C0035FD6FD7BBFA9FD03009144000094EC
:1003D000000042B9BF3F03D5006C0012017D80527E
:1003E000FD7BC1A8007C011BC0035FD6FD7BBCA9BF
:1003F000E20300AAFD030091F35301A9F40301AA4B
:1004000001008012F51300F9550A40F9E00315AA1E
:10041000392F0094F303002A0002F837E103002A81
:10042000E00315AA4331009420020034E103132AAB
:10043000E4C30091E00315AA03008052420100903A
:1004400042900791AA320094F303002A600000351D
:10045000E01B40F9800200F9F51340F9E003132A8C
:10046000F35341A9FD7BC4A8C0035FD65302801299
:10047000FAFFFF17FD7BBFA9410100B0200100D0AA
:10048000FD03009121C03391003C1C91D8FFFF97E0
:100490004000003413340094410100B0200100D02A
:1004A00021A0339100701C91D1FFFF9740FFFF35D1
:1004B000410100B0200100D021E0339100A41C9143
:1004C000CBFFFF9780FEFF35FD7BC1A8C0035FD641
:1004D000400100B0007846F9C0035FD6400100B08B
:1004E000007446F9C0035FD6400100B0007C46F9B5
:1004F000C0035FD6FD7BBBA9810100F0214035918F
:10050000FD030091E2830091F30B00F9F303002A4D
:10051000C00380526E480094A0000034000080D2D6
:10052000F30B40F9FD7BC5A8C0035FD6E01340F98B
:10053000E1A30091F32300F9253F009400FFFF376A
:10054000E0A30091953F009401F87A923F9800B1A2
:1005500060FEFF541F1400B141FEFF54F0FFFF176F
:10056000FD7BBEA9C0038052FD030091F30B00F98F
:10057000137D80D2E0FFFF970108D39A200100D0BD
:1005800000F41C91CB39009400048052DAFFFF97ED
:100590000108D39A200100D000441D91C539009470
:1005A00060008052D4FFFF970108D39A200100D049
:1005B00000981D91BF39009420048052CEFFFF9710
:1005C0000108D39A200100D000EC1D91B9390094A4
:1005D00040048052C8FFFF970108D39A200100D041
:1005E00000401E91B339009400068052C2FFFF976D
:1005F0000108D39A200100D0F30B40F900941E911A
:10060000FD7BC2A8AB390014FD031EAAE40B005801
:10061000850040F9E10B00583F0005EBE101005473
:10062000A00038D5009C409200DC6092200100B50B
:100630009F0000F9240B00589F0000B941C03ED52F
:1006400021007FB241C01ED5DF3F03D59F3F03D5B8
:100650007F2003D5FFFFFF17440A0058850040F9AB
:10066000A6006D92460300B5040A0058850440B9FF
:10067000A00038D5010C4092C20900584220C19A0E
:10068000A600028A860000B5840800589F0000B9C1
:1006900003000014A4080058820400B9A00038D553
:1006A000009C409200DC6092200200B46407005875
:1006B000850040F9450000B4A0001FD6A00038D541
:1006C000009C409200DC609220FFFFB56406005859
:1006D000850040F9450000B4A0001FD6A00038D521
:1006E000009C409200DC609220FFFFB4600600583E
:1006F0007C07009420060058410600588F0700949C
:10070000A00038D5009C409200DC6092C00000B48C
:10071000800500589B070094640000106505005890
:1007200012070094A00038D5009C409200DC609233
:10073000600200B5A1030058200040F9A20400584F
:10074000000002EAA100005480040058A1040058EF
:10075000C20400580400001440040058E10300588B
:1007600082040058030040B900100091230000B932
:10077000211000913F0002EB61FFFF54FE031DAA10
:10078000C0035FD6000000001822D1FF0000000067
:10079000E7E52812000000001022D1FF0000000051
:1007A0002022D1FF000000000010D1FF0000000057
:1007B00000010000000000000010FCFF000000002D
:1007C0000020FCFF0000000001000000000000000D
:1007D000000F0F0000000000E89CE2FF0000000096
:1007E000F0E8E2FF00000000E034E3FF000000005A
:1007F000D8E8E2FF000000005F1C0072FD7BB8A992
:10080000E2079F1A081C0012000C0853022C022A4F
:10081000FD030091602814530000012AE87700B915
:10082000089080D24200002A68F4BFF2094888D2BA
:10083000A51C001211F111D11E5111D10E0102D1CE
:10084000F35301A914029852138111D1F55B02A947
:1008500015E111D140000432F76303A9170698D2BD
:100860006C0080520D7D80D2E901A0F217FDA7F245
:100870002A00805214FDA772F96B04A9FB7305A925
:10088000E06F00B9E43F00F965030034C00340B9EC
:10089000BF3F03D500001812E07300B9BF3F03D576
:1008A000A10200B9BF3F03D5AAFA03B9027D805265
:1008B000000140B9BF3F03D5400F0035DF3F03D5EE
:1008C00024E03BD500E03BD5007C0D9B0008C99A95
:1008D0000000048B00040091DF3F03D524E03BD5EA
:1008E0009F0000EBA3FFFF544204007121FEFF5460
:1008F000200000143FFC1F712818005460F4BFD280
:10090000040040B9BF3F03D5841000120B7D805214
:100910008004001102008052001000126F0240B9E2
:10092000BF3F03D51F000F6B610500546200003507
:10093000BF3F03D5CA0100B9DF3F03D52FE03BD548
:1009400002E03BD5427C0D9B4208C99A42000F8BC6
:1009500042040091DF3F03D52FE03BD5FF0102EBBE
:10096000A3FFFF546B0500712200805281FDFF54EC
:10097000A00D80121FFC077104184B7AE10100548E
:10098000DF3F03D524E03BD502E03BD50BFA80D214
:10099000427C0B9B4208C99A4200048B420400919E
:1009A000DF3F03D524E03BD59F0002EBA3FFFF54BC
:1009B0008C050071A1F6FF54F35341A9F55B42A9E0
:1009C000F76343A9F96B44A9FB7345A9FD7BC8A84C
:1009D000C0035FD6BF3F03D58400140BE26F40B95C
:1009E00084787ED3820000B9BF3F03D570F4BFD2B4
:1009F0000B0080D2000200B97F000B6B880000540E
:100A0000BF3F03D5CA0100B9A9FFFF17E23F40F974
:100A100004040011841000120F7D805256786BB8C8
:100A200002008052780240B9BF3F03D59F00186B87
:100A30006102005462000035BF3F03D5CA0100B90E
:100A4000DF3F03D538E03BD502E03BD5427C0D9B30
:100A50004208C99A4200188B42040091DF3F03D537
:100A600038E03BD51F0302EBA3FFFF54EF050071F5
:100A70002200805281FDFF54BEFFFF17BF3F03D508
:100A80000000140B00787ED3160000B9BF3F03D5D9
:100A90006B050091E003042A040200B9D7FFFF1799
:100AA000BF3F03D51F0100B925010034C00340B981
:100AB000BF3F03D5E27340B9000018121F00026B5C
:100AC000A008801200009F1AABFFFF17220240B956
:100AD000BF3F03D5800480D260F4BFF2000040B96C
:100AE000BF3F03D55F00006B20EEFF54E042228B36
:100AF00000F47ED3000040B9BF3F03D5420400118B
:100B0000420C0012BF3F03D5047C1C53220200B9E3
:100B10009F040071C1ECFF54EB7740B9046C58D3CB
:100B20007F01046B41ECFF54E60100B4CB0040B9F7
:100B3000DF0000B9960480D2194888D276F4BFF25B
:100B40001A0698520F584CD3DB8200D1187D80D200
:100B5000F901A0F21AFDA772AF00003500280012BB
:100B600085FFFF170B008052F3FFFF1710FA80D2AA
:100B7000C40240B9BF3F03D59F00026BE10100549E
:100B8000DF3F03D53CE03BD504E03BD5847C189B9C
:100B90008408D99A84001C8B84040091DF3F03D51C
:100BA0003CE03BD59F0304EBA3FFFF54100600F18C
:100BB00001FEFF546FFFFF1744001A0B84787ED3A9
:100BC000900040B9BF3F03D542040011EF0500512A
:100BD000420C0012BF3F03D5620300B9EBFBFF34A8
:100BE000C40040B96B050051F07824B8C40040B986
:100BF00084040011C40000B9D8FFFF17A0028012BE
:100C00005DFFFF17FD7BBEA9FD030091F35301A912
:100C1000BF3F03D5930180D27420805273F4BFF29A
:100C2000E00313AA14C41FB8BF3F03D57FC21FB887
:100C3000BF3F03D51F7804B925008052070080D23A
:100C4000E003052A060080D2040080D2030080520F
:100C50000200805241008052E8FEFF97600000359C
:100C6000BF3F03D5740200B9F35341A9FD7BC2A86D
:100C7000C0035FD6070080D2060080D205008052F4
:100C8000040080D20300805202008052610680522C
:100C900020008052D9FEFF17FD7BBDA9070080D23E
:100CA000060080D2FD03009105008052040080D22E
:100CB0000300805202008052410680522000805280
:100CC000F30B00F9CDFEFF97600200352000805243
:100CD000E7A30091E6B3009105008052040080D2A2
:100CE000030080520200805261078052E02F00B959
:100CF000C2FEFF97F303002AA0000035E02B40B9A5
:100D000098FDFF97F303002A20020034DAFFFF97D3
:100D10000F000014D8FFFF97F303002A800100356D
:100D2000070080D2060080D205008052040080D2E5
:100D300003008052020080524106805220008052FF
:100D4000AEFEFF97F303002A20FCFF34E003132AD2
:100D5000F30B40F9FD7BC3A8C0035FD6FD7BBFA9A1
:100D6000070080D2060080D2FD030091050080526A
:100D7000040080D20300805202008052E1088052B9
:100D8000200080529DFEFF9740000034D531009432
:100D9000FD7BC1A8C0035FD6FD7BBEA923008052A6
:100DA000070080D2FD030091E4730091060080D219
:100DB0000500805202008052A10B8052E01F00B952
:100DC000E003032A8DFEFF97FD7BC2A8C0035FD618
:100DD00097FCFF17FD7BBFA9FD030091BDFDFF97A9
:100DE000010040B9BF3F03D540E08152FD7BC1A85F
:100DF000E001A0722000000AC0035FD6FD7BBEA9FF
:100E0000FD030091F30B00F9F3FFFF97F303002AB2
:100E100000020034210100D021E81E91F3010836C0
:100E2000220100D042001F91200100D000781F91C4
:100E3000A0370094617A1E7261010054F30B40F9EF
:100E400040010090FD7BC2A8004C3191CA120014F1
:100E5000210100D021301F91420100904250319178
:100E6000F2FFFF17A0FF9F527F02006A6103005448
:100E7000217C1013220280523F1C0072610000543A
:100E8000217C0813422000113F0C40F26100005405
:100E9000217C0413421000113F0440F26100005411
:100EA000217C0213420800113F0040F24214821AD2
:100EB0005F4000716D010054210100D04244005197
:100EC00021441F91F30B40F9200100D0FD7BC2A803
:100ED00000C01F917737001422008052E7FFFF17F0
:100EE000210100D04224005121681F91F6FFFF1715
:100EF000FD7BBEA9FD030091F35301A9BF3F03D5BC
:100F0000008082D22100805240FABFF22120A072DC
:100F100005008052E77F8052010000B92101009056
:100F20002120369124004129A5040011261040B942
:100F3000238441F8E220C01AE920C61A4200092A97
:100F40008020C01A680040B98420C61A0000042A14
:100F50000201220A620000B9620040B90000022AC0
:100F6000600000B9BF240071E1FDFF545CFDFF97F4
:100F7000134440B91440A15259FDFF977302142A3B
:100F8000134400B956FDFF97134840B954FDFF972D
:100F90007302142A134800B951FDFF97134C40B94E
:100FA0004FFDFF977302142A134C00B94CFDFF97B5
:100FB000133440B94AFDFF974104A0527302012A3D
:100FC000133400B946FDFF97132C40B944FDFF9739
:100FD00073021B32132C00B941FDFF97133840B93F
:100FE0003FFDFF9773021732133800B93CFDFF979E
:100FF000133C40B93AFDFF9773021732133C00B916
:10100000F35341A9FD7BC2A8C0035FD6FD7BBEA9F7
:10101000FD030091F30B00F931FDFF97002053B958
:10102000BF3F03D51F040071F3179F1A2CFDFF97D4
:10103000736E1C53005453B9BF3F03D51F04007196
:10104000410000547302183225FDFF97002853B960
:10105000BF3F03D51F0400714100005473021032DA
:101060001FFDFF97002C53B9BF3F03D51F0400712C
:101070004100005473020832BF3F03D518FDFF97AB
:10108000136C00B916FDFF97000053B9BF3F03D59D
:101090001F040071F3179F1A11FDFF97000453B945
:1010A000BF3F03D51F040071410000547302183282
:1010B0000BFDFF97000853B9BF3F03D51F04007114
:1010C0004100005473021032BF3F03D504FDFF9767
:1010D000137000B9F30B40F9FD7BC2A8C0035FD6C3
:1010E000FD7BBAA900029ED260FCBFF2FD03009115
:1010F000F35301A9F55B02A9F76303A9180080D295
:10110000F96B04A9FB2B00F9B7000094F703002A40
:1011100000349ED260FCBFF2B3000094FF02006B6B
:10112000F503002AF322801A00669ED260FCBFF20B
:10113000AD000094F603002A007E9ED260FCBFF250
:10114000A9000094DF02006BF403002AC122801A78
:10115000000C80523F00136B2120931AFF82017113
:10116000F792801A00029ED221F47ED3E203172A5E
:10117000213C009160FCBFF221787C92FF6321CB7F
:10118000F30300917A120091E10313AAA6000094E0
:10119000FF02186B08060054BF820171791200919A
:1011A000000C8052170080D21A2682D2B592801A83
:1011B00000349ED2E203152AE10313AA60FCBFF2B9
:1011C00099000094BF02176B68050054DFA20071FC
:1011D0007812009100058052150080D2196082D2E9
:1011E000D692801A00669ED2E203162AE10313AA61
:1011F00060FCBFF28C000094DF02156BC804005441
:101200009F82017177120091000C8052150080D2EC
:10121000188082D29492801A007E9ED2E203142A11
:10122000E10313AA60FCBFF27F0000949F02156BDC
:1012300028040054BF030091F35341A9F55B42A970
:10124000F76343A9F96B44A9FB2B40F9FD7BC6A8C2
:10125000C0035FD65B7B78B8BF3F03D5797A78B897
:101260009FFCFF97180B0091390740913B6B20B80A
:10127000C8FFFF173B7B77B8BF3F03D5787A77B8B5
:1012800097FCFF97F70A009118031A8B1B6B20B885
:10129000CDFFFF171A7B75B8BF3F03D5777A75B8B6
:1012A0008FFCFF97B50A0091F702198BFA6A20B8F4
:1012B000D2FFFF17F97A75B8BF3F03D5767A75B8B4
:1012C00087FCFF97B50A0091D602188BD96A20B81F
:1012D000D7FFFF17FD7BBFA9FD03009181FFFF979B
:1012E000FD7BC1A84AFFFF17BF3F03D5010082D293
:1012F0006000805201FABFF2200000B920E21BD545
:101300000000801200E21BD500008052C0035FD6AF
:1013100021E8885201CAA8721F00016B60030054C3
:10132000E8010054616A89528169A8721F00016B4B
:10133000C0020054212B88528189A8721F00016BC2
:101340004002005481EA8952E149A8721F00016BF2
:10135000E0079F1A00040011C0035FD661688A523B
:1013600021A9A9721F00016B0001005401AB8A5230
:10137000A109AA721F00016B80000054816A885283
:10138000E129A972F2FFFF1720008052F3FFFF1737
:10139000FD7BBFA9E30300AAE20301AAFD030091BC
:1013A000000040B9BF3F03D5DAFFFF97400000B906
:1013B0001F08007141010054600040B9BF3F03D5D0
:1013C0000008C05AD3FFFF971F080071400000B902
:1013D000E0139F5AFD7BC1A8C0035FD60000805276
:1013E000FDFFFF17FD7BBEA9E40300AAFD030091EA
:1013F000E1730091E7FFFF9720010035800440B9B9
:10140000BF3F03D5E11F40B93F04007141000054C4
:101410000008C05A00400051007C0253FD7BC2A866
:10142000C0035FD6FD7BBEA9E50301AAE40300AAC1
:10143000FD030091E603022AE1730091D5FFFF97B7
:1014400080010035811040B9BF3F03D5E21F40B98C
:101450005F040071210100542108C05AA10000B9A5
:1014600083500091220080525F00066BA30000545D
:10147000FD7BC2A8C0035FD642FFFF35F8FFFF1710
:10148000610040B9A5100091BF3F03D5E41F40B9EA
:101490009F040071810000542108C05AA10000B9C6
:1014A00002000014C4FFFF344204001163100091D5
:1014B000EEFFFF1700B09ED260FCBFF2020040B901
:1014C000BF3F03D5618889526169AA725F00016BD1
:1014D000616A89528169A87281010054BF3F03D5B6
:1014E000010401B802000291010040B92108C05A6C
:1014F000014400B81F0002EB81FFFF5400B29ED2EE
:1015000060FCBFF2C0035FD65F00016B80FFFF5439
:10151000000080D2FCFFFF17FD7BBEA980BF9ED2DA
:1015200060FCBFF2FD030091F30B00F9130040B91A
:10153000BF3F03D5BF3F03D5E9FBFF97130402B9B3
:10154000E7FBFF97000442B9BF3F03D5F30B40F917
:10155000FD7BC2A8C0035FD600809052E0FAA27261
:10156000C0035FD6FD7BBEA900C09ED260FCBFF267
:10157000FD030091F30B00F9130040B9BF3F03D501
:10158000BF3F03D5D6FBFF97130802B9D4FBFF97E3
:10159000000842B9BF3F03D5F30B40F9FD7BC2A859
:1015A000C0035FD6FD7BBEA9FD030091AB04009490
:1015B00040000034CB2F0094AFFBFF97BF3F03D513
:1015C000C7FBFF97E1E18152E1E1BF72010800B979
:1015D000BF3F03D5004284D220FABFF21F0000F9BA
:1015E00042FFFF9788FDFF9700008052EBFDFF97B9
:1015F00039FFFF97E263009101008052C0038052DF
:101600006144009480FDFF354B88009427050094C9
:10161000FBFDFF97D3FBFF97210100F0214C0891C0
:10162000E2630091A009805264440094E103002A1F
:10163000A0000034200100B0001820919D350094D6
:10164000DDFFFF17E263009101008052A00380528A
:101650004D44009400FBFF35E2630091010080528D
:10166000400C80524844009460FAFF358BFDFF9790
:10167000FD7BC2A8C0035FD6FD7BB9A9210100B0E4
:1016800021C82091FD030091F35301A9F30300AA9F
:10169000F55B02A9F76303A9F96B04A9FB7305A91C
:1016A000580A40F9E00318AA6B290094730300B4A8
:1016B000632200D1F703002A200080D2627A60B84A
:1016C000F40300AA00040091617860B85F00016B28
:1016D00060FFFF54FA03142A770CF836210100B09A
:1016E000200100B021F00B9100E8209171350094A9
:1016F00020008052600200B99F02006BE00000549D
:1017000000018052600600B99F0A00716000005419
:1017100080008052600A00B9F35341A9F55B42A9E9
:10172000F76343A9F96B44A9FB7345A9FD7BC7A8DF
:10173000C0035FD6BF021A6BAB010054F55B42A930
:10174000E203142AF35341A9210100B0F76343A92E
:1017500021F00B91F96B44A9200100B0FB7345A95E
:1017600000802191FD7BC7A852350014E00318AA20
:1017700039290094FB03002A6004F8375C0A40F919
:10178000E103002AE2A3019120098052254400943C
:10179000A0050034E2A30191E1031B2A600E8052F0
:1017A0002044009480050034E2A30191E1031B2A48
:1017B000600980521B44009420050034E1031B2A79
:1017C000E0031CAA030080D2220100B04220229133
:1017D0009B280094FB0300AA600100B4210100D003
:1017E000214C38919F2F009400030034210100B058
:1017F000200100B0E2031BAA21B009910050229100
:101800002C350094D6060011E103172AE303162AAB
:10181000E20319AAE00318AA040080D2F729009471
:10182000E10300AA80F8FFB595F7FF35210100B06C
:1018300021F00B9136020035200100B000182391F1
:10184000ABFFFF172000805260DA35B8B5060011F3
:10185000EDFFFF1700018052FCFFFF178000805250
:10186000FAFFFF17390100B01600805239C32291E8
:1018700015008052E5FFFF17F35341A9200100B086
:10188000F55B42A900C42391F76343A9F96B44A90E
:10189000FB7345A9FD7BC7A806350014FD7BBFA9D6
:1018A000FD03009193FDFF97FD7BC1A820008052AE
:1018B0003AFDFF1700E03BD5C0035FD6DF3F03D5FD
:1018C00020E03BD5408E00B9C0035FD6FD7BBBA9AD
:1018D000FD030091F55B02A9F50300AA60008052A8
:1018E0000000024B360080D2F35301A9F30301AA92
:1018F000000C000B00300011F76303A9F703022A64
:10190000D622C09AF80303AAF92300F9D90600D118
:10191000F30000B5F35341A9F55B42A9F76343A96E
:10192000F92340F9FD7BC5A8C0035FD6FF02007113
:101930003403158A60C256FAA3000054940000B51F
:10194000B502168B730216CBF2FFFF17000340B9E6
:10195000D40214CB9F0213EBE30318AA0004001176
:10196000000300B99492939AE00315AAE2060011CD
:10197000E10314AA730214CBB502148BD4FFFF97B2
:10198000E4FFFF17404238D5000C02531F080071D6
:10199000A100005400113CD51F005EF2E0179F1A11
:1019A00000040011C0035FD6FD7BBEA9FD030091BA
:1019B000F30B00F9535A40F9415A40F92104409180
:1019C000415A00F9415A40F9435240F9425640F910
:1019D000210003CB3F0002EB09010054435A40F9B8
:1019E000200100B0415240F9006C2491425640F968
:1019F000610001CB6A300094E00313AA020082D296
:101A0000010080526A2F0094E00313AAF30B40F9FF
:101A1000FD7BC2A8C0035FD6FD7BBDA943008052F9
:101A20006300014BFD030091F35301A9F40300AAE5
:101A3000630C030BF55B02A9160040F9C006001207
:101A40001F040071C0000054200100B0E20316AA78
:101A5000E10314AA00F42591513000947330001171
:101A6000F503012AD1FFFF97030080D26420D39AA7
:101A7000840016AABF0A007141000054840440B2D9
:101A8000047823F8630400917F0008F101FFFF54FC
:101A9000020440B2820200F9F35341A9F55B42A966
:101AA000FD7BC3A8C0035FD666008052C600034B0F
:101AB000FD7BBAA9C60C060BC6300011FD030091D0
:101AC000F96B04A9390080D23923C69A0624C69A34
:101AD0003A0700D1C6207DD3F35301A9F30302AA2C
:101AE000F55B02A9F503032AF60305AAF76303A928
:101AF000F80300AA9700068BFB2B00F9FB0301AA51
:101B0000130100B5F35341A9F55B42A9F76343A95B
:101B1000F96B44A9FB2B40F9FD7BC6A8C0035FD637
:101B2000BF0200715403188A60C259FA830100543D
:101B3000740100B5600316AABF0E00714100005485
:101B4000000440B21803198B7B03198B730219CB65
:101B5000E00200F9F7220091EAFFFF17E00240F9E6
:101B6000000400726102005490FFFF97000440B22D
:101B7000E00200F9340314CBE1031BAAE40240F9AC
:101B80009F0213EB9492939AE00318AAE50316AA16
:101B9000A3060011E20314AA1803148B7B03148B11
:101BA000730214CB848C7492C0FFFF97EAFFFF1777
:101BB0001F0C007100FEFF54E103152AE00317AA71
:101BC00096FFFF97ECFFFF17FD7BBFA94201009036
:101BD000E60300AAFD0300916BFFFF97030080D28C
:101BE000458046F9A40840F9A40400B5A20C40F9C8
:101BF000620400B50200C2D27F0002EBA8040054C8
:101C00000280C0D27F0002EBA80400540220C0D2A0
:101C10007F0002EBA80400540202C0D27F0002EB56
:101C2000A80400542200C0D27F0002EB820480D2BC
:101C3000030480D26390829AE2979F9A0410B0D2F4
:101C40001F040071858002AA844002AA8510859A2B
:101C5000040880D2840003CB00A086D2840005AAA9
:101C6000800000AA460000B4C20000F9410000B4A0
:101C7000230000F9FD7BC1A8C0035FD6A20442F88F
:101C80008400028B7F0004EB6320849AD6FFFF1749
:101C9000030680D2A20080D2E9FFFF17830580D21D
:101CA000820080D2E6FFFF17430580D2620080D217
:101CB000E3FFFF17030580D2420080D2E0FFFF1749
:101CC000FD7BBEA9000080D2FD030091E16300917D
:101CD000FF1700B9BDFFFF97E00F40F9040080D265
:101CE000460100901F9800F1E5879F1AC08046F9D1
:101CF0000000048B010840F9010100B5030C40F914
:101D0000C30000B5E11780B9000088D2FD7BC2A8EE
:101D10000034018BC0035FD6000040F9E35300910B
:101D2000E203052A84800091E9FEFF97F0FFFF1788
:101D3000FD7BBCA9FD030091F35301A9F51300F944
:101D4000415A40F9610000B4405240F9800000B5AA
:101D5000200100B000C42791912F0094130080D27D
:101D600054010090358080D210FFFF97898246F998
:101D70002701138BE02041A9000100AAA00000B5B3
:101D8000F35341A9F51340F9FD7BC4A8C0035FD606
:101D9000E1E30091000080D28CFFFF97E01F40F943
:101DA000050115AAE18840A91F9800F1206973F880
:101DB000E3879F1A445240F9738200913BFFFF97DB
:101DC000EBFFFF17FD7BBEA9FD030091F35301A9B3
:101DD000535240F9545640F9535A00F9D5FFFF9732
:101DE000425A40F9415240F9435640F92100038BD1
:101DF000210002CB415600F9415A40F9415200F905
:101E0000CCFFFF97415240F9415E00F9535200F96F
:101E1000545600F9F35341A9FD7BC2A8C0035FD615
:101E2000FD7BBFA9FD030091405A40F9400000B579
:101E3000E5FFFF97474238D5485240F9010080D26C
:101E4000E70C0253000080D260FFFF979F3F03D54D
:101E5000018080D2FF0400718181A8F2E11FC0F2ED
:101E600061020054082018D5402018D501A218D5C9
:101E7000DF3F03D5404238D5000C02531F040071E8
:101E800001030054001038D5000040B2414238D55B
:101E9000210C02533F04007101030054001018D5B7
:101EA000DF3F03D5FD7BC1A8C0035FD6FF080071EB
:101EB000A100005408201CD540201CD501A21CD52F
:101EC000ECFFFF17FF0C0071A100005408201ED585
:101ED00040201ED501A21ED5E6FFFF17812D0094DC
:101EE0001F0800716100005400103CD5E7FFFF1788
:101EF00000103ED5E5FFFF173F0800716100005458
:101F000000101CD5E7FFFF1700101ED5E5FFFF17D7
:101F1000FD7BBFA9FD030091DE000094FD7BC1A8FD
:101F2000FD000014ED000014E0000014FD7BBFA9CB
:101F3000FD030091404238D5000C02531F0400718C
:101F4000E1020054001038D580000037F1FFFF9700
:101F5000F3000094B3FFFF97405A40F9400000B5EA
:101F600099FFFF97404238D5000C02531F040071BF
:101F700021020054001038D500007EB2414238D50D
:101F8000210C02533F04007121020054001018D5A7
:101F9000DF3F03D5FD7BC1A8C0035FD61F080071DA
:101FA0006100005400103CD5E8FFFF1700103ED53B
:101FB000E6FFFF171F0800716100005400103CD5B8
:101FC000EEFFFF1700103ED5ECFFFF173F08007132
:101FD0006100005400101CD5EEFFFF1700101ED545
:101FE000ECFFFF17404238D5000C02531F0400716C
:101FF00021020054001038D560031036FD7BBFA9C4
:10200000A10080920000018AFD030091414238D571
:10201000210C02533F040071A1010054001018D597
:10202000DF3F03D5990000949C000094FD7BC1A87C
:10203000BB0000141F0800716100005400103CD563
:10204000EEFFFF1700103ED5ECFFFF173F080071B1
:102050006100005400101CD5F2FFFF1700101ED5C0
:10206000F0FFFF17C0035FD6404238D5000C025383
:102070001F04007181000054001038D5000802537D
:10208000C0035FD61F0800716100005400103CD5EA
:10209000FBFFFF1700103ED5F9FFFF17404238D570
:1020A000000C02531F04007141010054001038D588
:1020B00000F87392414238D5210C02533F0400715D
:1020C00041010054001018D5DF3F03D5C0035FD68F
:1020D0001F0800716100005400103CD5F5FFFF1788
:1020E00000103ED5F3FFFF173F0800716100005458
:1020F00000101CD5F5FFFF1700101ED5F3FFFF17CA
:10210000404238D5000C02531F0400718100005476
:10211000001038D500000012C0035FD61F08007100
:102120006100005400103CD5FBFFFF1700103ED5A6
:10213000F9FFFF17FD7BBFA9FD0300917300009419
:10214000FD7BC1A857000014FD7BBFA9FD030091D2
:10215000F9FFFF97404238D5000C02531F0400716D
:1021600061010054001038D5000074B2414238D5E6
:10217000210C02533F04007161010054001018D576
:10218000DF3F03D5FD7BC1A8C0035FD61F080071E8
:102190006100005400103CD5F4FFFF1700103ED53D
:1021A000F2FFFF173F0800716100005400101CD5BA
:1021B000F4FFFF1700101ED5F2FFFF170CF87FD3B6
:1021C0000C001AD5DF3F03D5060039D5C20840D32D
:1021D000900000B4C35C43D3C4DC60D3030000149C
:1021E000C33043D3C46C4DD3421000916510C05A24
:1021F000E60303AAC720C59A890107AA8720C29AC5
:10220000290107AA61000036497608D502000014AA
:10221000497E08D5C60400F1EAFEFF54840400F1AB
:102220008AFEFF54C0035FD6E10300AA9F3F03D597
:102230002A0039D54B6958D36B0200B4EF031EAAAC
:10224000500738D5105E54D3000080D20C04008BA8
:102250004C25CC9A8C0940929F0900F14B00005408
:10226000D7FFFF97000400917F0100EB0CFFFF54A4
:10227000000080D200001AD59F3F03D5DF3F03D571
:10228000FE030FAAC0035FD6000080D2E7FFFF174E
:10229000200080D2E5FFFF17000080D2C0035FD688
:1022A000000080D2C0035FD623003BD5634C50D3DF
:1022B000820080D24220C39A430400D10000238AC6
:1022C000207E0BD50000028B1F0001EBA3FFFF5403
:1022D0009F3F03D5C0035FD623003BD5634C50D34B
:1022E000820080D24220C39A430400D10000238A96
:1022F000207608D50000028B1F0001EBA3FFFF54DE
:102300009F3F03D5C0035FD61F7108D5DF3F03D5BC
:10231000C0035FD6000080D2C0035FD6494238D5E3
:102320003F2100F16C000054C00000542B01005408
:102330001F870ED59F3F03D5DF3F03D5080000144C
:102340001F870CD59F3F03D5DF3F03D50400001442
:102350001F8708D59F3F03D5DF3F03D5C0035FD656
:10236000C0035FD600000000FEFFFF971F2003D5CB
:10237000464238D5DF2000F1EC0000544000005404
:102380002B000054BF0400F14000005425000094CD
:1023900080001FD65F111ED5E67F86D246111CD560
:1023A0007FE01CD5A602005806101CD5E60300915C
:1023B00006411ED506C03ED506C01CD5BF0000F1A3
:1023C000E0000054E601005806111ED5E601005851
:1023D00006401ED524401ED5E0039FD6A601005816
:1023E00006111ED5A601005806401ED524401ED554
:1023F000E0039FD6000000003008C5300000000058
:10240000B105000000000000C9030000000000004A
:10241000B101000000000000DA010000000000002F
:10242000C0035FD600000000000300581FEC7C9240
:10243000E0030091F50500941F000091F20300AA4B
:10244000F6050094000080D257FCFF97A401009489
:102450001F0000F11210929AE10300911F0000F199
:102460000010819A1F00009140010058610100583E
:102470001F8400F81F0001EBC3FFFF54E00312AA02
:10248000412640F91101001400F0E3FF00000000B4
:102490000000F03F000000004012F03F000000008C
:1024A000FD7BBDA943008052FD030091410240F92C
:1024B000223440F9E20B00F9223840F9E21300F926
:1024C000228447A9E20F00F9E11700F9E2830091A5
:1024D000E143009167060094FD7BC3A8C0035FD66B
:1024E000414238D53F2000F16C00005440020054B6
:1024F0002B02005469008052090000B9090440B958
:102500002A1100128A0100340B0002910900801286
:10251000694500B8694500B84A050051CAFFFF3552
:10252000C103005860008052200000B900108052A2
:10253000200400B9C0035FD6424238D55F2000F1C5
:102540006C000054400100542B010054090080121B
:10255000098000B929008052090001B9E93C805284
:10256000290000B909108052290400B9C0035FD6C0
:10257000090090520920A07209000FB9C0035FD66C
:102580007F2003D5092040B9092400B9292500126C
:1025900089FFFF35C0035FD60020FCFF000000006C
:1025A000FD7BBFA9FD030091000C40F900003FD660
:1025B000FD7BBFA901008452FD030091411A01B9BE
:1025C0005F1E01B9D92A0094C00000352000805256
:1025D000EA3E009460000035FD7BC1A8E23E001495
:1025E000FD7BC1A8C0035FD6400400B4FD7BBEA93B
:1025F000FD030091F30B00F9F30300AA11230094EB
:102600000001F836D6260094E10300AAF30B40F946
:1026100020010090FD7BC2A8003C2891A531001448
:10262000E00313AA01008052DD060094E0000035AB
:10263000200100900074289101008052F30B40F9B2
:10264000FD7BC2A89B310014E00313AA95FFFF97FE
:10265000E103002A80000034200100900008299145
:10266000F7FFFF17F30B40F9FD7BC2A8C0035FD64D
:10267000C0035FD660010090016C44F940688AD2C3
:1026800020ABA9F23F0000EBA100005460010090D4
:1026900000A02391000040F9C0035FD600008092A3
:1026A000FEFFFF17000080D2C0035FD6C0035FD6D5
:1026B00000004891C0035FD6A0028012C0035FD61D
:1026C000A0028012C0035FD6450040B9E4A4805246
:1026D00024C3AA72BF00046B61000054E10302AA84
:1026E000F8FFFF17FD7BBFA9030880D2FD0300910F
:1026F000F2FFFF971F000071A10280120000811AF3
:10270000FD7BC1A8C0035FD6FD7BBCA9FD03009182
:10271000F35301A9F30302AAF40300AAE00780928D
:10272000F55B02A9F60304AAF71B00F9F70301AA57
:10273000010880D2DFFFFF97640240F9F50300AA89
:1027400060224079E30315AAE10316AA02FC009176
:10275000E00300CB4200008AE00313AA80003FD6CA
:102760001FFC00710C01005495008012F35341A925
:10277000E003152AF55B42A9F71B40F9FD7BC4A8CD
:10278000C0035FD6A10240B900BA8152C0BFBD727A
:102790003F00006B41010054F71B40F9E30315AA09
:1027A000E20316AAE10313AAF55B42A9E00314AA07
:1027B000F35341A9FD7BC4A8E8010014E20315AA64
:1027C000E10317AAE00314AAC0FFFF97F503002A4C
:1027D000E0FCFF35830A40F960224079822E40B93F
:1027E00061224079040400D18400028B630002CB93
:1027F00021040051823240B9E00300CB81C021CBDB
:102800004200048B640240F92100008A420001CB9F
:102810006300018B4200008AC102018BE00313AA0E
:1028200080003FD6A000F837813240B93F00006BEE
:10283000E9F9FF54CDFFFF17F503002ACCFFFF177E
:10284000400240F9800000B5200100F000203891DE
:10285000400200F9C0035FD6FD7BBFA9FD030091D4
:1028600054FFFF9780000035411A40F9210071B2F2
:10287000411A00F9FD7BC1A8C0035FD6401A40F998
:10288000C0007836401A40F9000076B2401A00F9CC
:1028900000008052C0035FD6FD7BBFA9FD030091FD
:1028A00044FFFF97A0000035401A40F9000076B2BF
:1028B000401A00F900008052FD7BC1A8C0035FD61A
:1028C00000008052C0035FD6FD7BB2A9820280D295
:1028D000010100F0FD030091F55B02A9F5E3019110
:1028E00021202691E00315AAF35301A9F76303A958
:1028F000F96B04A9FB7305A9C72B0094010AA0D2A8
:10290000D0FFFF9700F4A7D2410C0094411A40F980
:10291000210077B2411A00F9401A40F9800050377F
:10292000D7FFFF9740000034EE2A00946FFAFF971C
:10293000F6DD975280830094B6D5BB7229F6FF97D7
:10294000940100D001008052020A80D2E04302913B
:10295000972B0094E00315AAF6BB00B947FBFF973D
:102960003A010090810100D0800100D02120049123
:1029700000600691130001CBE0F301B2605595F2BF
:102980009422049173FE43935AE32991190080D253
:1029900057028012737E009B00038052737E209B3F
:1029A0009302138BB87A79B81F03166B4006005454
:1029B000FC0314AA2B000014800B40B91F00186BF5
:1029C000E10400549C0400B4E003182A36FFFF978A
:1029D000E10300AA400000B5810340F92001009006
:1029E00000802991B3300094800B40B9E1A301919C
:1029F000E06B00B9E0430291FF3B00F9830B40F923
:102A000060003FD6F703002A00040035E1A30191DE
:102A1000E0430291ABFFFF97F703002A6003003504
:102A2000F8BB00B9E04302919DFBFF97E063423998
:102A30001F64007141030054E05B40F9130000B0D3
:102A400073122391E9FEFF9719FFFF97E04302916C
:102A500060023FD6E0031AAAC70B00949C63009162
:102A60009F0313EBA1FAFF54390700913F1700F1C0
:102A7000A1F9FF5497FDFF342001009000882A91AE
:102A8000BD0B0094A9FFFF17E103172A2001009056
:102A9000005C2A9187300094F1FFFF17130000902B
:102AA00073821691E9FFFF17FD7BBFA90140985281
:102AB0002100A072FD030091417600B9B37100942A
:102AC000401A40F9000065B2401A00F92001009058
:102AD00000342B91FD7BC1A8A70B0014000080D20D
:102AE000C0035FD6FD7BBCA9FD030091F35301A990
:102AF000F403022AE20301AAF55B02A9F30303AA85
:102B0000E3F30091011440B9000040F9CC23009494
:102B1000A00200B4E23F40B9417C4093210400D1BF
:102B20001600018B0202003401686138C1010035D2
:102B300015008052BF02146B81000054600200F93E
:102B4000000080520900001401008052DB2A00942A
:102B5000000400911F0016EB08010054B506001197
:102B6000F5FFFF17A0028012F35341A9F55B42A9BC
:102B7000FD7BC4A8C0035FD6C0008012FBFFFF1717
:102B8000FD7BBDA9FD030091E3A30091F35301A9CF
:102B9000F30300AAD4FFFF97A0010035600240F9BB
:102BA000611240B9F41740F9E20314AA1223009409
:102BB000E000F836E203002AE10314AA20010090A5
:102BC00000042C913B300094A0028012F35341A9E1
:102BD000FD7BC3A8C0035FD6FD7BB8A9FD030091B0
:102BE000F35301A9F303032AF55B02A9F50302AA33
:102BF000F60304AAF76303A9F70300AAF80301AADE
:102C0000F92300F9E103032A540040F9E2A30191FA
:102C1000E00314AAB306009460020034C00A40F92D
:102C2000000200B5020080D2E103132AE00314AAD7
:102C3000AF220094E10300AA2001009000882C91AB
:102C40001C300094000D8012F35341A9F55B42A99A
:102C5000F76343A9F92340F9FD7BC8A8C0035FD6F9
:102C6000E03700F9E2630191E103132AE00314AABB
:102C7000CA06009440010034E2630191E103132A83
:102C8000E00314AAB306009400030035A10640F93E
:102C9000E05B40B90000010BE05B00B9E273019119
:102CA000E103132AE00314AACE06009400030035C2
:102CB000E25F40B902030035E103132A020080D22B
:102CC000E00314AA8A22009421010090E20300AAE2
:102CD00021340C912001009000402D91F52F00949B
:102CE00000008052D9FFFF17E3830191E2C30191F5
:102CF000E103132AE00314AA82060094400800347A
:102D00002001009000D82D911B0B00942000801210
:102D1000CEFFFF17407C4093E03300F9E02240797A
:102D2000E15B40B903040051E003004B2400030AB7
:102D30002100000AF53740F94200040B997C4093CA
:102D40004200030BE40240F94200000AB5FE009184
:102D500001C3218BB5E67A92427C4093E30315AA26
:102D6000E00317AA80003FD6E13340F91F0001EBD2
:102D7000E3040054B502198B020080D2E103132A48
:102D8000E00314AA5A220094E10300AA2001009053
:102D900000482E91C72F0094420A40F9E30315AA78
:102DA000E43340F9E103132AE00314AADE06009499
:102DB000200300342001009000E42E91EE0A0094DC
:102DC000E20346A9E10315AA932A0094B6F8FFB4DA
:102DD000E03740F9C00A00F9E03340F9C03200B9E9
:102DE000E2E30191E103132AE00314AA41060094EF
:102DF0001F000071E03F40F900009FDAC00E00F9AB
:102E0000B8FFFF17F53B40F9DCFFFF178000801289
:102E10008EFFFF17000080128CFFFF17FD7BB7A904
:102E2000FD030091F35301A9F30300AAF55B02A986
:102E3000F60301AAF50303AAF71B00F9210100908C
:102E4000F70302AA21F42E91143040B902008052F7
:102E5000000840F99402008BE00303AAF42B00F968
:102E600048FFFF972002F836420A40F9220300B4D7
:102E7000400A40F9020440B9E00314AA741200F9B0
:102E80004208C05A410A40F9632A0094F55B42A9FE
:102E900001008452601240F9F35341A9F71B40F935
:102EA000FD7BC9A8BE040014E303002AE4030191DA
:102EB000E20315AAE10317AAE00316AA47FFFF974A
:102EC0008000F837E02B40F9601200F9F0FFFF179F
:102ED000F35341A9F55B42A9F71B40F9FD7BC9A853
:102EE000C0035FD6C0035FD6FD7BBEA9217C021B59
:102EF000000880D2FD030091F30B00F9337C40936E
:102F000061FE009121E47A924E0D0094A00100B57B
:102F1000E10313AA2001009000042F91652F009473
:102F20002001009000A02F91622F0094E10313AACA
:102F3000000080D2F30B40F9FD7BC2A8DDFDFF1736
:102F4000F30B40F9FD7BC2A8C0035FD6000080529E
:102F5000C0035FD6C0035FD6FFC304D1FD7B01A9C8
:102F6000FD430091F35302A9F30300AAF55B03A903
:102F7000F76304A9F70301AAF80302AAF96B05A9EC
:102F8000FB7306A9600440B90008C05A000C001188
:102F900000747E92D4FFFF97E2224079010C0091E9
:102FA00021F47E92E16B00F941040051E203024BEF
:102FB0002100000B2100020A22008052357C409340
:102FC000E00315AAC9FFFF97600100B59A008012BF
:102FD000FD7B41A9E0031A2AF35342A9F55B43A9FB
:102FE000F76344A9F96B45A9FB7346A9FFC3049194
:102FF000C0035FD6E40240F9F40300AAE30300AA89
:10300000E20315AAE10318AAE00317AA80003FD63D
:10301000E0FDFFB4F46700F9CDFFFF97A01800377B
:10302000E00314AACCFFFF97F50300AAE06700F9BC
:10303000B1090094E0DF00B9F403002A6000F8361B
:10304000BA028012E3FFFF17020080D2E103002AD8
:10305000E00315AAA6210094E10300AA000100F0F4
:10306000002C3091132F0094E103142AE00315AAD9
:1030700003090094F403002A600000341A0080124F
:10308000D4FFFF17000100F000E42E913A0A0094EB
:10309000E00315AA010100F021CC3091EE2200944A
:1030A000E0DB00B9E0FCFF37E0230391020080522F
:1030B00021010090218C1291B2FEFF97F603002AA5
:1030C0002001F836E023039102008052010100F054
:1030D00021EC3091ABFEFF97F603002A00FDFF378D
:1030E00034008052E40313AAE303162AE223039177
:1030F000E10318AAE00317AAB8FEFF97FA03002A13
:1031000080F6FF3562220091E103162AE00315AA3A
:1031100061050094C0010034200280526022003911
:10312000E3230391E20318AAE10317AAE00313AA19
:103130003BFFFF97FA03002A0001F836602240396E
:103140001F44007161F4FF540400001460224039F0
:103150001F44007160FEFF54190100F0000100F0EF
:1031600039EF309100883991E04300F9000100F017
:1031700000E43191E04700F9E203142AE10319AABF
:10318000E0230391FFFF02397EFEFF97FB03002A35
:10319000E00BF837DF02006B610000549406001169
:1031A000F6FFFF17E303002AE4830391E223039170
:1031B000E10318AAE00317AAFF7B00F987FEFF9737
:1031C000FA03002A1F0000710007801244B3407AFE
:1031D00020010054E3031A2AE203142A010100F03B
:1031E000000100F021A00D9100143191B12E009446
:1031F00078FFFF17E2FF0291E1031B2AE00315AA03
:1032000025050094E0FF42391F440071010100547C
:10321000E3230391E20318AAE10317AAE0830391D1
:10322000FFFEFF97E08340F9601200F9600E40F95D
:103230001F0400B1A1000054E07F40F91F0400B159
:1032400040000054600E00F97A1240F99AFAFFB477
:10325000E3030391E203142AE10319AAE023039193
:1032600021FEFF97C0F9FF37E203142AE10319AAF0
:10327000E023039143FEFF97FC174FA9FB03002AAD
:10328000E24340F9E103002AE41341B9030080D28C
:10329000E06340F9E03F00F9E00315AAE55300F9C7
:1032A000E4AF00B9E6210094E24740F9E60300AA42
:1032B000E1031B2AE00315AA030080D2E64F00F9C0
:1032C000DF210094E70300AAE1031B2AE00315AA0B
:1032D000030080D2020100F042F03191E74B00F987
:1032E000D7210094E00300F9E71B49A9E3031CAAD6
:1032F000E23F40F9E103142AE55340F9E0031AAA3A
:10330000E4AF40B93C030094A5FFFF17600E40F9FD
:10331000000400D11F0C00B169000054600A40F99C
:10332000600E00F9604240B900001F32604200B9EF
:103330001A00805227FFFF1700008052C0035FD69B
:10334000FD7BBAA9FD030091F35301A9F40300AA80
:10335000F55B02A9F50301AA16000090F76303A923
:103360002C4C0094F5FFFF97D6B20F91F813019102
:10337000047C409337008052E2230191E10315AAB7
:10338000030080D2E04700B9E00314AAF6E304A9E1
:10339000F7B30079DDFCFF97600100340002A05212
:1033A000E2230191E10315AA0402A0D2030080D216
:1033B000E04700B9E00314AAF6E304A9F7B30079E3
:1033C000D2FCFF97F303002A236C0094F55B42A91B
:1033D000E003132AF35341A9F76343A9FD7BC6A871
:1033E000C0035FD6E003012AC0035FD6FD7BBDA901
:1033F000FD030091F35301A9F40300AAF30302AA09
:10340000F55B02A9F60303AA000440F9150080B990
:103410002100154BE003152AF3FFFF970000150B61
:10342000E20316AAE103132ABE6B0094F503002AF7
:10343000FF4B009480220079BF020071F55B42A926
:1034400060029F9AF35341A9FD7BC3A8C0035FD6D6
:10345000FD7BBEA9FD030091F30B00F9130440F9B5
:10346000602A40B94224C09A2124C09AE00313AADA
:10347000C9310094612A40B9F30B40F90020C19A88
:10348000FD7BC2A8C0035FD640008052C0035FD658
:10349000E00301AAC0035FD6FEFFFF17FFFFFF177F
:1034A00000D44139001443D31F1C007100109F1A2F
:1034B000C0035FD6FBFFFF17FD7BB9A9FD03009199
:1034C000F35301A9F55B02A9F50301AAF76303A968
:1034D000F70300AAF80302AAF92300F9F90304AAE2
:1034E000200040B91F040071800200540008005100
:1034F0001F0400716902005456028012000100F09E
:1035000000183291EB2D0094F407A0B0800240F92E
:10351000C00100B5E003162A92450094F303002A87
:1035200080030034E103002A000100F000A432917E
:10353000E02D00942100001416008052F3FFFF17C5
:1035400036008052F1FFFF1760460094000440B936
:10355000DF02006B01FEFF54800240F9A10240B976
:10356000CAFFFF971F080071E00800541F0C00718C
:10357000200400541F04007180050054000100F075
:10358000B302801200E43591FB0800940B00001494
:10359000E003162A38460094800200F9C00100B505
:1035A00053028012E103162A42028012000100F049
:1035B000004C3391BF2D0094F55B42A9E003132A20
:1035C000F35341A9F76343A9F92340F9FD7BC7A849
:1035D000C0035FD6E5420094F303002AE0FBFF340A
:1035E000E103002A9F0200F9000100F00004349179
:1035F000D0FFFF17800240F9AFFFFF97F303002AC7
:10360000800240F931460094E103132AAD30009462
:10361000F303002AA0000034000100F00098349168
:10362000D5080094E5FFFF17800240F9E10319AACD
:103630009BFFFF97F30300AA800240F92346009402
:10364000E10300AA0000009000401191030080D225
:10365000E08705A9242840B9221040F9E00317AA01
:10366000E10315AA6422C49AE2D30079E2630191CE
:1036700026FCFF97A0010034000100F000203591E6
:10368000BD080094800240F910460094E20300AAAD
:10369000E40318AAE10315AAE00317AA2300805245
:1036A000BD0000946000003513008052C3FFFF1777
:1036B00033008012C1FFFF17044080D20300805204
:1036C000020100F0425036917CFFFF17FD7BBCA940
:1036D000FD030091F35301A9F55B02A9FF3F00B977
:1036E000400500B4F503012A010100F021C0369124
:1036F000F40300AA58210094E103002AE000F83600
:1037000013008012F55B42A9E003132AF35341A989
:10371000FD7BC4A8C0035FD6E2F30091E00314AAC6
:10372000160100F0331F0094D6E63191F303002A0E
:1037300093FEFF37E03F40B91F0000712DFEFF549C
:103740001F040071E0000054E103132AE2F300912A
:10375000E00314AA271F0094F303002AF5FFFF17C4
:10376000E20316AAE103132AE00314AA030080D29D
:10377000B3200094A0FEFFB4480100941F00156B15
:1037800041FEFF54E0FFFF1713018012DEFFFF1719
:10379000FD7BBCA9FD030091F35301A9F40301AA29
:1037A00001008052F71B00F9F707A0B0F322009147
:1037B000F55B02A9F50300AAF60302AAE00313AA27
:1037C000023080D2FA270094602080D2432080D239
:1037D0000006A0F2E00600F9E007A0B000E00091CA
:1037E000600600F9E007A0B000600391600A00F9EC
:1037F000202080D20303A0F2000BA0F2606A00F93F
:10380000A078805260E200B9E007A0B000400191CA
:10381000600E00F9E007A0B000000291601200F90C
:10382000202080D2631A00F9000BA0F2632600F971
:103830002000C0F2603E00F9756E00F9768200F952
:10384000A00038D5003C4092604A00F920798052AF
:10385000633200F9744200F9608A00B9E007A0B051
:1038600000A00191601600F9E00313AAF35341A9E7
:10387000F55B42A9F71B40F9FD7BC4A8C0035FD6E6
:10388000C4FFFF17FD7BBDA9FD030091E2A30091DA
:10389000F35301A9F30300AAF403012A950300944A
:1038A000A0000034E2A30091E103142AE00313AA6C
:1038B0008C030094F35341A9E01740F9FD7BC3A8A2
:1038C000C0035FD6FD7BBDA941038052FD0300917B
:1038D000F35301A9F40300AAF51300F9151040F9F8
:1038E000E00315AA7AFFFF970003F837E103002AE7
:1038F000E00315AAE4FFFF97F30300AA2102805218
:10390000E00315AA72FFFF97E103002A2002F837AF
:10391000E00315AADCFFFF97E10300AA940E40F92B
:10392000E00313AA020080D2D6FFFF97F30300AA98
:103930000078805220421BD5ABF9FF97E00313AA11
:10394000010080D280023FD6130080D2ECFFFF1727
:103950000104A0D2F2FFFF17FD7BBEA9E50301AA77
:10396000E10303AAFD030091000440F9E463009120
:10397000E30302AAE20305AA3A830094017C409380
:103980001F000071E00F40F9FD7BC2A82010809A53
:10399000C0035FD6FD7BBAA9FD030091F71B00F9B8
:1039A000F707A0B0F55B02A9F50300AAE00302AA9D
:1039B000E28A41B9F60301AAF35301A9F40304AA68
:1039C00062030035E103032A7E810094F303002A99
:1039D000A0020034E203002A010100F0000100F01F
:1039E00021100A9100F03691B22C00941301F836A0
:1039F000010100F0000100F0E303132AE20314AA1E
:103A000021740C91005C3791AA2C0094F55B42A9BB
:103A1000E003132AF35341A9F71B40F9FD7BC6A825
:103A2000C0035FD620008052E08A01B900000090F8
:103A300000602591E0D304A900088052E22301919F
:103A4000E10316AA040080D2030080D2E0B300791B
:103A5000E00315AA2DFBFF97F303002AE4FFFF17ED
:103A6000FD7BBEA9FD030091F30B00F9F30302AA4D
:103A7000000440F900C840F9196B00941F00007160
:103A800060029F9AF30B40F9FD7BC2A8C0035FD68A
:103A90000080A052C0035FD600008052C0035FD6F2
:103AA00000008052C0035FD6FD7BBBA9FD030091DF
:103AB000F35301A9F40301AAF30300AAF51300F9D3
:103AC000F6FFFF97F503002AF6FFFF97024888529A
:103AD000E103002A63008452E003152AE201A07288
:103AE000046B0094200100B5000100F000F4379150
:103AF000A107009440028012F35341A9F51340F945
:103B0000FD7BC5A8C0035FD60100009021802991EC
:103B1000E18303A921008052E1930079DDFFFF9743
:103B2000E103002A000100F000403891213D00949B
:103B3000E2E30091E403002AE10314AAE00313AADC
:103B4000030080D2F1FAFF97ECFFFF17FD7BBEA9BF
:103B5000E00303AA0340A0D2FD0300912100038BE0
:103B6000F30B00F9F30302AA2B270094E00313AA36
:103B7000F30B40F9FD7BC2A8C0035FD6FD7BBCA957
:103B80000340A0D2FD030091F35301A9F40301AA5D
:103B900001BA8152620040B9C1BFBD725F00016BC2
:103BA000E0010054F30300AAB3FAFF97E20300AA6E
:103BB0001F0400B1A1000054010880D2E0078092E8
:103BC000BCFAFF97E20300AAE10314AAE00313AAD8
:103BD000F35341A9FD7BC4A8BCFAFF170100009074
:103BE00021302D91E1FF02A921008052020080D2F4
:103BF000E1730079E1A30091D8FCFF97F35341A949
:103C0000FD7BC4A8C0035FD6E12484920000018B31
:103C100000EC7C92C0035FD6FD7BBEA9022580D25A
:103C200001008052FD030091F30B00F9F30300AA99
:103C300073C20491DE260094538A00F9F30B40F915
:103C4000FD7BC2A8C0035FD6FD7BBEA9FD0300912A
:103C5000F35301A9F30300AAF40302AA600240B9D6
:103C60006000F8360000801207000014600640F97A
:103C7000000100B4E10314AA72260094A0000035EC
:103C8000600240B9F35341A9FD7BC2A8C0035FD6CF
:103C900073620091F2FFFF17E20300AA2101009076
:103CA000000100D02150129100802091E7FFFF1702
:103CB000FD7BBCA9FD030091F35301A9F403042A81
:103CC000F30301AA01008052F55B02A9F50300AAE3
:103CD000F76303A9F70302AAF80303AABE2200941C
:103CE000F603002A01008052E00315AAC7220094BF
:103CF00001741E53C6761E53050080D2217C40936A
:103D0000C27C409326C0268B9F02056B2C01005479
:103D10009F02007180A29F1AF35341A9F55B42A94B
:103D2000007C061BF76343A9FD7BC4A8C0035FD6D4
:103D3000A7F07DD3E17A65F8E46A67B8DF0A00711D
:103D400021050054210CC0DA61020039233C0853DC
:103D500063060039235C1053630A0039237C18532F
:103D6000630E0039239C60D36312003923BC68D3EF
:103D70006316003923DC70D321FC78D3631A003931
:103D8000611E0039017B65F86402028B076B67B81E
:103D90001F080071E1020054210CC0DA616A223868
:103DA000233C085383040039235C105383080039F3
:103DB000237C1853830C0039239C60D38310003973
:103DC00023BC68D38314003923DC70D321FC78D35F
:103DD00083180039811C00397302068BA5040091F9
:103DE000CAFFFF178108C05A610200B9E6FFFF173A
:103DF000E108C05A616A22B8F8FFFF17FD7BBDA930
:103E0000FD030091F35301A9F40302AAF55B02A993
:103E1000F50300AAF603012A771E00941F0400315F
:103E2000A1000054E20314AAE103162AE00315AA34
:103E300046220094F303002A2001F836C82000949B
:103E4000E30300AA010100F020010090E20314AA9C
:103E500021880E9100FC1A91962B0094F55B42A9E3
:103E6000E003132AF35341A9FD7BC3A8C0035FD627
:103E7000FD7BB7A9FD030091F35301A9F55B02A9EE
:103E8000F503032AF76303A9F92300F97F100071F2
:103E90000D02005413008012E203152A83008052A1
:103EA000010100F02001009021540991002C1B9188
:103EB000802B0094F55B42A9E003132AF35341A938
:103EC000F76343A9F92340F9FD7BC9A8C0035FD676
:103ED000F40300AAF60301AAF70302AAD91C00946E
:103EE000F303002A2001F8369D200094E20300AA83
:103EF000010100F02001009021540991000C1B9158
:103F00006C2B0094ECFFFF1738010090184F38918C
:103F1000E20318AAE00314AA01008052B8FFFF9739
:103F2000F303002A80FCFF37190100F039232291A6
:103F3000E30318AAE103002AE20319AAE00314AA82
:103F4000E4008052AD210094F803002AC004F83642
:103F500083200094F303182AE20300AAE10319AABC
:103F60002001009000841C91522B0094D2FFFF1777
:103F700084040091BF02046BAD000054C07A64F861
:103F800080FFFFB5E07A64F840FFFFB5040300341A
:103F9000E30317AAE20316AAE1430191E00314AA7E
:103FA000350100B043FFFF97B5920791E403002A63
:103FB000E103132AE3430191E20315AAE00314AAE3
:103FC0008E210094F303002A2001F8366420009427
:103FD000E20300AAE10315AA2001009000841C91CD
:103FE000C8FFFF17040080D2E3FFFF1713008052C1
:103FF000B1FFFF17FD7BB9A9FD030091F35301A9A0
:10400000F40300AAF55B02A9F60303AAF50305AAC7
:10401000F76303A9F80306AAF70307AAF96B04A933
:10402000F903042AFA3B40F9FB2B00F9FB0302AA2F
:10403000841C00942002F836F303002A48200094E0
:10404000010100D0E20300AA21F00D91000100F06F
:10405000000C1B91172B0094F55B42A9E003132A77
:10406000F35341A9F76343A9F96B44A9FB2B40F92A
:10407000FD7BC7A8C0035FD6E00314AA020100D0ED
:104080000100805242C436915DFFFF97F303002A7E
:1040900040FEFF37E103002AE2031BAAE00314AA53
:1040A00057FFFF97F303002A80FDFF37D60EC0DAD3
:1040B000E103002A020100D0E3A3019142883E916E
:1040C000E00314AA04018052F63700F94B21009452
:1040D000BF0600B140010054B50EC0DA020100F085
:1040E000E3A3019142001D91E103132AE00314AA06
:1040F00004018052F53700F940210094390BC05A71
:10410000020100F0E3A3019142081E91E103132A8A
:10411000E00314AA84008052F96B00B9372100949F
:10412000580100B4E00318AA6E250094020100D0E3
:1041300004040011E30318AA42883991E103132A09
:10414000E00314AA2D210094570100B4E00317AA3C
:1041500064250094020100D004040011E30317AAAF
:1041600042E43191E103132AE00314AA23210094CD
:104170005AF7FFB4E0031AAA5A250094E3031AAAD7
:1041800004040011E103132AE00314AA020100D081
:1041900042F0319119210094B0FFFF17C00600B41E
:1041A000FD7BBCA9FD030091F35301A9F40300AA10
:1041B000F303012AF55B02A93D1D0094F603002AD2
:1041C00015008052BF02166B6B0000540300805232
:1041D0000D000014E3E30091E2C30091E103152A0E
:1041E000E00314AA251D0094E01B40F99F0200EB98
:1041F00021030054E103152AE00314AAB52000941A
:1042000023008052E0098252822240B97302000BDF
:10421000800E40B94208C05A812E00120008C05AD0
:104220000000020B7302000B7302010B734E141299
:104230007302014B600AC05A800600B903010035C1
:10424000E003132AF35341A9F55B42A9FD7BC4A8FF
:10425000C0035FD6B5060011DBFFFF17E203132A88
:10426000E10314AAE00314AA7E200094A0FEFF3606
:10427000F5FFFF1700008052C0035FD6FD7BADA99C
:10428000FD030091F55B02A9F50300AAF60305AA58
:10429000E0C30291F35301A9F30307AAF76303A94B
:1042A000F80307AAF96B04A9190080521A0080527A
:1042B000FB7305A9E66B00B9E10F07A90100805265
:1042C000E2131029021080D239250094B70A40B9B0
:1042D0001F030039E00AC05A17008012E05F0C2962
:1042E000E03381B9FF6F00B9E04700F900070091A2
:1042F000E04B00F9FFAB00B9FBAB40B9E2A3029180
:10430000E00315AAE1031B2AE31B0094F403002A2F
:10431000E06F40B9FCAB40B91F000071841A497AC4
:10432000211700549F0E0071800900542801005489
:104330009F060071600D00549F0A007180130054A5
:104340000000805207000014FB6700B9EBFFFF1765
:104350009F120071000C00549F260071E0179F1AF5
:10436000E16740B91F0000712018413A4114005420
:10437000E16B40B95F0300714013417AEC010054D6
:10438000E100809221CC3A8BC202018BC16A61B8F4
:10439000420440B92100020BE26340B92100024B04
:1043A0003F001B6BA10000545A070051417F7D93D1
:1043B000C46A61B89B00024B1F000071640B413A54
:1043C000A0010054E06B40B95F03006B0A01005488
:1043D000417F7D93E26340B9C0CE3A8B87031B4B8C
:1043E0006203020BC26A21B8070400B95A07001120
:1043F0001B0080129F26007181FAFF54A12640B94C
:10440000E0AB40B92108C05A1F00016BC10F005436
:10441000E16B40B95F03016BCA010054417F7D939A
:10442000E36340B9C2CE3A8B00001B4B7703030B0A
:10443000D76A21B8E13B41B9400400B9A10000347A
:10444000A12240B92108C05A0000010B400400B964
:10445000400700110C000014E1031B2A020080D267
:10446000E00315AA441D0094010840B9E00315AA11
:104470002108C05A7F1C0094E10300AA400200B545
:1044800040018012F35341A9F55B42A9F76343A9A8
:10449000F96B44A9FB7345A9FD7BD3A8C0035FD684
:1044A000E03F40F9E14F00F900787CF89C0700916B
:1044B0006C240094E14F40F980000035FC031B2A76
:1044C000A8FFFF171C0080D2E08740B91F001C6BBB
:1044D0008CFEFF543F070071E0D79F1AF8FFFF17CB
:1044E000F7060011FF820071C0FCFF54E1031B2A94
:1044F000E2B30291E00315AA7D1C0094E10300AA37
:104500007700003500004039E0070035E0AF80B9A2
:10451000620218CB420800914200008BE04740F94C
:104520005F0000EBCA060054E04B40F97F0200EB4D
:1045300060000054E005805260160038E00313AAC2
:1045400042240094E0AF80B93F0700719C139B1A8E
:10455000020080D27302008BE0C3029119D837B8F1
:10456000E08340B91F00026B8C000054B901003594
:10457000FC031B2A73FFFF17E03B40F9E10318AA75
:10458000E24F00F9007862F836240094E24F40F9D7
:104590004204009160FEFF35590080520200001471
:1045A00039070051E003192A6EFFFF17B7F6FF37EE
:1045B000E0C30291E106005102D877B87F0218EB00
:1045C0008900005460FE5F381FBC007181FFFF54FA
:1045D0007F020039E003192AF703012AF903022AAE
:1045E0003F040031E1EBFF5421008052E16F00B93C
:1045F0005CFFFF17FB6740B970FFFF174000801298
:10460000A1FFFF17600180129FFFFF17FD7BBDA96F
:10461000FD030091F35301A9F30303AAF40302AAD3
:10462000E3B30091061D0094E00100B4E22F40B90D
:10463000050080D2040080D2437C0213BF0003EB4C
:10464000A10100545F20007109020054FF8344EB74
:10465000C0010054000100F0E10314AA00181D91EC
:104660009429009400008012F35341A9FD7BC3A854
:10467000C0035FD6017865B8A50400912108C05A2F
:10468000248004AAEEFFFF1700008052640200F9A4
:10469000F6FFFF17FD7BBDA9FD030091E3B3009179
:1046A000F30B00F9F30302AA020100D042E43191B6
:1046B000E31C0094000100B478FDFF97011C001278
:1046C0000000805261020039F30B40F9FD7BC3A862
:1046D000C0035FD6E11F805200008012FAFFFF176F
:1046E000E30302AA020100D042883E91C8FFFF17EF
:1046F000E30302AA020100F042001D91C4FFFF176C
:10470000FD7BBDA9FD030091F35301A9F40302AAA7
:10471000F30303AA020100F0E3B3009142C43E9107
:10472000C71C0094800200F9E00000B4E12F80B9BA
:1047300000008052610200F9F35341A9FD7BC3A838
:10474000C0035FD6010080D200008012FAFFFF177D
:10475000FD7BBEA9030080D2FD030091F30B00F99D
:10476000F30302AA020100F0428C1D91B41C0094D4
:10477000000100B4000040B90008C05A600200B94E
:1047800000008052F30B40F9FD7BC2A8C0035FD646
:1047900020008012FCFFFF17FD7BBEA9030080D222
:1047A000FD030091F30B00F9F30302AA020100F0EC
:1047B00042BC1D91A21C0094000100B4000040B94D
:1047C0000008C05A600200B900008052F30B40F9A3
:1047D000FD7BC2A8C0035FD620008012FCFFFF173C
:1047E000FD7BBEA9030080D2FD030091F30B00F90D
:1047F000F30302AA020100F042F41D91901C009400
:10480000000100B4000040B90008C05A600200B9BD
:1048100000008052F30B40F9FD7BC2A8C0035FD6B5
:1048200020008012FCFFFF17FD7BBDA9FD03009156
:10483000F30B00F9F30302AAE3B300912201009005
:1048400042F435917E1C0094600200F91F0000F1D3
:10485000E0139F5AF30B40F9FD7BC3A8C0035FD65A
:10486000FD7BBDA9FD030091F35301A9F40302AA46
:10487000F30303AA22010090E3B30091429C3C9110
:104880006F1C0094800200F9E00000B4E12F40B9F1
:1048900000008052610200B9F35341A9FD7BC3A817
:1048A000C0035FD60100805200008012FAFFFF179C
:1048B000FD7BBCA9FD030091F35301A9F40300AAF9
:1048C000F30304AAE00302AAF55B02A9F503012A97
:1048D000F60303AAE1E300914E0800940002F837C2
:1048E000E01F40F9E20316AAE103152A040840F983
:1048F000031840B9E00314AA80003FD6E01F40F936
:10490000000840B9600200B900008052F35341A989
:10491000F55B42A9FD7BC4A8C0035FD600008012EE
:10492000FBFFFF17FD7BAFA9FD030091F55B02A91B
:10493000F50303AA2301009063503191F60304AA02
:10494000E33F00F923008052E40302AAE5B301919A
:10495000E20315AAF35301A9F40300AAF76303A91C
:10496000F703012AF96B04A9FB7305A9E36F00B9EA
:10497000E30316AA40020094A0030034000100F0F3
:1049800013008052001C1E91E03F00F9F53F40F9F2
:10499000E103132A020080D2E00314AA541B0094FE
:1049A000F30300AAE103172A020080D2E00314AA4D
:1049B0004F1B0094E20313AAE30300AAE10315AA24
:1049C000000100F000702191BA280094000080528C
:1049D000F35341A9F55B42A9F76343A9F96B44A9D5
:1049E000FB7345A9FD7BD1A8C0035FD6E103172A5D
:1049F000E00314AA180100F0190100F0A91A0094AC
:104A0000183B2791F303002A39871E911B0100F000
:104A1000F300F8367F220031641A4B3AA10D00549E
:104A2000000100F00000219115000014E103132A99
:104A3000020080D2E00314AA2D1B0094FA0300AAFE
:104A4000E00318AA27230094E20300AAE10318AAAE
:104A5000E0031AAA0C23009420090035E203029116
:104A6000E103132AE00314AAFF3F00F96FFFFF9749
:104A7000A0000034000100F000AC1E91E03F00F9FE
:104A8000C3FFFF17FC4340F9000100F000843091A0
:104A9000E1031CAA87280094020100F0E34302917D
:104AA00042201F91E103132AE00314AAE41B00949F
:104AB000000200B4E19340B93F100071A10100541D
:104AC000000040B960010034000100F000541F9163
:104AD0007828009460EB2091A7030094E103132A47
:104AE000E00314AA7C1A0094F303002AC9FFFF17FD
:104AF000E3D30191E2230291E103132AE00314AA14
:104B000058FFFF9780000034000100F0007C1F91E7
:104B1000DBFFFF17FA3F0391E4C301915AE77A9252
:104B2000E2031CAAE3031AAAE103162AE00315AA6A
:104B300060FFFF9780000034000100F000F41F9137
:104B4000CFFFFF17E2034E295F00006B8000005487
:104B5000000100F000602091C9FFFF17E14740F914
:104B6000427C4093E0031AAA5E23009440FBFF348A
:104B7000000100F000AC2091C1FFFF17E06F40B9C9
:104B8000E0FAFF34E00319AAD6220094E10319AA3F
:104B9000E20300AAE0031AAABB22009400FAFF3540
:104BA000440A40F9E6E30191E30316AAE20315AAD9
:104BB000E103132AE00314AA050080127E01009489
:104BC000A0F8FF34000100F000F42091C3FFFF17AC
:104BD000200080527FFFFF17FD7BBDA9FD030091E0
:104BE000F35301A9F40300AA130080D2F55B02A9D4
:104BF000350100B0B5423A9160EA7BD3B66A60F8FD
:104C0000E00316AAB7220094E10314AAE20300AA63
:104C1000E00316AA9C220094A0010035E00316AA26
:104C2000B0220094806A60381FB000710101005406
:104C3000A016138BF35341A9F55B42A9FD7BC3A8D2
:104C4000C0035FD6330080D2ECFFFF17D3FFFFB461
:104C5000000080D2F8FFFF17FD7BBDA981058052BF
:104C6000FD030091F35301A9F51300F99322009479
:104C7000E00000B5130080D2F51340F9E00313AA59
:104C8000F35341A9FD7BC3A8C0035FD61404009170
:104C9000730100F0750100F073821391B5621591F4
:104CA0007F0215EB82FEFF54600240F9E10314AA73
:104CB0006C22009420FEFF3473A20091F9FFFF17CD
:104CC000FD7BBDA9FD030091F35301A9F51300F984
:104CD000E00000B5130080D2F51340F9E00313AAF9
:104CE000F35341A9FD7BC3A8C0035FD6F50300AA17
:104CF000930100909401009073A2029194E20291BA
:104D00007F0214EB82FEFF54600240F9E10315AA12
:104D10005422009420FEFF3473420091F9FFFF17E4
:104D2000FD7BBAA9FD030091F35301A9F30300AA87
:104D3000F55B02A9F50301AAF76303A9F80305AA25
:104D4000F96B04A9200440B90100A2520008C05A1E
:104D50001F00016B89010054000100F036008052F1
:104D6000008C2291A00000F9F35341A9E003162A18
:104D7000F55B42A9F76343A9F96B44A9FD7BC6A87B
:104D8000C0035FD6F703022AFA0303AAF903042A31
:104D9000E2630191E103172AE00315AAA3FEFF973E
:104DA000F603002AC0000034000100F000AC1E91A0
:104DB00016008012000300F9ECFFFF17E103172A29
:104DC000E00315AA030080D2020100F042E0229124
:104DD0001B1B0094F40300AA600000B5140100F04E
:104DE000946A2291020F80D201008052E00313AA3C
:104DF0006F220094E103172A030080D2E00315AA72
:104E0000020100F0420023910D1B0094600600F99E
:104E1000E02F40F9750E00F9772200B9601600F90D
:104E20006EFFFF97601A00F9E02F40F98BFFFF97A4
:104E3000602200F9E00314AAA2FFFF97601E00F9A8
:104E4000620640F97A2600F9E12F40F9795200B95B
:104E5000000100F00038239196270094601A40F971
:104E6000600000B4602240F900F8FFB5000100F0D6
:104E700000502391CFFFFF17E50300AAE00303AA28
:104E8000830000B4040080525F00046B4C000054A7
:104E9000C0035FD6260080B9840400112120009150
:104EA00063400091A600068B66001FF826C05FB81D
:104EB00066801FB8F5FFFF17FD7BA4A9FD030091D5
:104EC000F35301A9F40305AAF30303AAF55B02A9AE
:104ED000F50300AAF603012AF76303A9E103022AF6
:104EE000F703042AF96B04A9020080D2FB7305A919
:104EF000FF4300D1FE1900949F0200F9E50314AAB4
:104F0000E403172AE30313AAE203162AE10315AA0E
:104F1000A03700F9A003029182FFFF9760010035DE
:104F2000A3C30191A2E30191E103162AE00315AAAC
:104F30004CFEFF97FA03002AA0010034000100F0A4
:104F4000007C1F91800200F900008012BF030091D5
:104F5000F35341A9F55B42A9F76343A9F96B44A94F
:104F6000FB7345A9FD7BDCA8C0035FD6A3D30191E9
:104F7000E103162AE00315AA020100F042C02391C2
:104F8000AF1A0094F30300AA400100B4B77780B9C8
:104F90001700178BE00313AA1F0017EBE300005460
:104FA0005A010035000100F000F42391E6FFFF17DD
:104FB000170080D2F8FFFF17011440383F0000713E
:104FC0005A179A1AF5FFFF17530100B4A07740B99A
:104FD0001F000071ED00005460C2208B00F05F38AC
:104FE00080000034000100F000742491D6FFFF1708
:104FF0005F9301718D000054000100F0002C259199
:10500000D1FFFF17407F7D93180100D0003C009135
:1050100018CB259100EC7C9219008052FF6320CBC5
:10502000FC430091FB031CAA7F0217EBA300005472
:1050300059030037000100D000082691C2FFFF1776
:10504000730300F9E00318AAA6210094E20300AA62
:10505000E10313AAE00318AA8B2100942001003574
:10506000603E40391FBC0071C1000054A13740F9B7
:10507000604200917B2100941F00007139179F1A34
:10508000E00313AA97210094000400917B23009170
:105090007302008BE5FFFF17F7008052A7E303912F
:1050A000E2031A2AE1031CAA577F171B84008052CF
:1050B0000301009063800191E0520011F74E00114E
:1050C000E603172A007C7D93003C009100EC7C9263
:1050D000FF6320CB00198052F8430091E50318AA22
:1050E000E00300B9E00315AAFF0B00B964FCFF97C9
:1050F000F303002A1F0000718A000054000100D051
:105100000098269190FFFF1781000054000100D005
:10511000000C27918CFFFF17FF02006B8C000054DE
:10512000000100D0004C279187FFFF17020100D03B
:10513000E103162A42A42791E00315AA030080D2B6
:105140003F1A0094400100B4637E7D93A10E40B9E4
:1051500002CF338B730600112108C05A016B23B8AC
:10516000000440B90008C05A400400B9FFD333CB53
:10517000E10318AAE7430091E203132AE30307AA15
:10518000E00315AA3DFFFF97A06340F9E10307AADA
:10519000A33F40F9051040F9A0030291A47340B960
:1051A000A0003FD640EDFF34000100D000E0279181
:1051B00065FFFF17FD7BB2A9FD030091DF0000F939
:1051C000F35301A9F40300AAF30306AAF55B02A9AD
:1051D000F503012AF60303AAE30304AAE403052A5C
:1051E000E50306AAF71B00F9F70302AAE203012A66
:1051F000E10300AAE0A30191CAFEFF974001003538
:10520000E3330191E2430191E103152AE00314AA7B
:1052100094FDFF9740010034000100D0007C1F91F5
:10522000600200F900008012F35341A9F55B42A926
:10523000F71B40F9FD7BCEA8C0035FD6E05740F9CD
:10524000F72F00F9E32B40F9F66300B9051040F998
:10525000E1630191E44F40B9E0A301912200805243
:10526000A0003FD620FEFF34000100D000E02791CF
:10527000ECFFFF17FD7BB7A9FD030091F35301A9D4
:10528000F40300AA20008052F55B02A9160100D0A9
:10529000D6861E91F76303A9F50304AAF803012A31
:1052A000F96B04A9F70305AA01008052FB7305A955
:1052B000A00000B9E00304AAE20F07A9E20316AABE
:1052C0004D190094A001F837E103002A1A0100D01B
:1052D000E00315AA1B0100D0721800945A87289188
:1052E000F303002A7BF7209119008052B300F836AF
:1052F00059000034FF0200B9000080523000001451
:10530000E2031AAAE103132AE00315AA030080D2DC
:10531000CB190094400A00B4010100D021980591F6
:10532000D0200094C0090035000100F000503191F8
:10533000E103182AE04700F9E00314AA5918009481
:10534000FC03002AA004F8361F20003104184B3A51
:1053500041020054160100D0D6022191E1031C2A1B
:10536000020080D2E00314AAE1180094E103182A95
:10537000F70300AA020080D2E00314AADC1800940C
:10538000E30300AAE20317AA000100D0E10316AA72
:105390000070219147260094020080D2E103132A75
:1053A000E00315AAD2180094E10300AA000100D07E
:1053B00000A828913F26009400008012F35341A9D1
:1053C000F55B42A9F76343A9F96B44A9FB7345A9AF
:1053D000FD7BC9A8C0035FD6020080D2E1031C2A6E
:1053E000E00314AAC218009401088052E03700F9C3
:1053F000B2200094E00300B5E00316AAB92000949F
:10540000E20300AAE10316AAE03740F99E200094C7
:1054100060010035E20F47A9E6230291E40315AAD3
:10542000E1031C2AE00314AA0500801262FFFF9723
:10543000E0000034E0031BAA4F010094E1031C2AA2
:10544000E00314AA24180094BEFFFF1739070011C7
:10545000000100D000E8209147010094E103132AE5
:10546000E00315AA1C180094F303002AA0FFFF17FD
:10547000160100D0D6322891B9FFFF17FD7BB8A9DD
:10548000020080D2FD030091F35301A9F40300AAA6
:10549000F55B02A9F603012AF76303A9F96B04A9D6
:1054A000FB7305A9550A40F9911800940108805230
:1054B000F30300AA81200094E00000B4000100D0B2
:1054C000E10313AA00502991FA25009400008012EC
:1054D0000A000014170100D0F7861E91E20317AAF4
:1054E000E00315AA01008052C3180094F303002AB8
:1054F0002001F83600008052F35341A9F55B42A920
:10550000F76343A9F96B44A9FB7345A9FD7BC8A8C0
:10551000C0035FD6E103002A020100D0E00315AA10
:1055200042E82991030080D245190094A00800B4F4
:10553000010100B021243A914A2000941F0000711B
:10554000FA079F1AE103132AE00315AAD51700945E
:10555000F303002A000100D0008428911900805232
:1055600018008052E03300F9000100D000F42091CF
:10557000E03700F9930AF837E23340F9E103132AE0
:10558000E00315AA030080D22D190094A00A00B4EC
:10559000010100D021202A9132200094200A0035F8
:1055A000000100D000342A9139070011E103162AC6
:1055B000E03F00F9E00314AABA170094FB03002AA5
:1055C0004004F8361F20003104184B3A8100005483
:1055D000000100D000002191E03F00F9FC3F40F9BC
:1055E000E1031B2A020080D2E00314AA40180094B1
:1055F000FB0300AAE103162A020080D2E00314AAEA
:105600003B180094E2031BAAE30300AAE1031CAACF
:10561000000100D000A82A91A62500943A06003483
:10562000E103132AE00315AA020080D23018009487
:10563000E10300AA000100D000A82891A3FFFF17F2
:105640003A008052C0FFFF17E1031B2A020080D2FC
:10565000E00314AA26180094FC0300AAE00317AA8A
:1056600020200094E20300AAE10317AAE0031CAA89
:105670000520009460010035E5E30191E403132A5D
:10568000E30315AAE203162AE1031B2AE00314AA86
:105690000AFEFF97E0000034E03740F9B6000094BE
:1056A000E1031B2AE00314AA8B170094C4FFFF1721
:1056B000000100D01807001100E82091AE0000940E
:1056C0001A0100353F030071001B407A41F1FF547D
:1056D000000100D000742B91762500947CFFFF1709
:1056E000E103132AE00315AA7B170094F303002AB1
:1056F000A1FFFF17FD7BBBA9010100D021C82591A7
:10570000FD030091F35301A9F40300AAF55B02A97C
:10571000F76303A950190094A003F837E33301910C
:10572000020100D042482C91F303002AE103002A31
:10573000E00314AAC2180094180100D0E103132A50
:10574000F60300AA186B2C91E00314AA55170094D5
:10575000F303002A35008012D301F837E3330191B7
:10576000E20318AAE103132AE00314AAB418009470
:10577000F70300AAA00100B5010100B0000100D0AC
:1057800021700A9100982C914A250094B50280124C
:10579000F35341A9E003152AF55B42A9F76343A936
:1057A000FD7BC5A8C0035FD6560100B4020080D2BD
:1057B000E103132AE00314AACD170094E10300AA21
:1057C000E00316AAA71F00941F000071B512931AD8
:1057D000E00317AAA7EAFF97C0000034E103132AE9
:1057E000E00314AA3C170094F303002ADBFFFF1721
:1057F000F503132AE7FFFF17010040F93F1440F2B9
:10580000A1000054010041A93F0000EBE0179F1ADE
:10581000C0035FD600008052FEFFFF17FD7BBEA9CC
:10582000FD030091F35301A9F30300AAF40304AAB2
:10583000010400A9810400D12100028B020800F9B3
:10584000032000B92108C49A217C049B010C00F9B3
:10585000A0003FD660010035610E40F9E00314AAB4
:10586000F8020094600600F9000200B4612240B919
:1058700081000036610240F9620A40F9E61F009497
:10588000610E40F9600640F921FC009121E47A9212
:105890002100008BA5F1FF9700008052F35341A92E
:1058A000FD7BC2A8C0035FD660018012FCFFFF171A
:1058B00005000090040880D2A5E01F91D8FFFF17D3
:1058C000FD7BBEA9FD030091F30B00F9F30300AAD1
:1058D000002040B9E0000836610E40F9600640F94A
:1058E00021FC009121E47A922100008B8EF1FF9738
:1058F000600640A93F0000EBE0000054622240B97E
:1059000062000836620A40F9C31F0094600640F93D
:105910007E000094F30B40F900008052FD7BC2A88A
:10592000C0035FD6C207A0F042A0079140D860F83C
:10593000022040F9F00302AA00021FD6011C001247
:10594000920100B4401A40F94001D836401A40F99B
:10595000C0000836C007A0F000F840F9021C40F96A
:10596000F00302AA00021FD6E003012AE465001436
:10597000C0035FD6E10300AA120100B4431A40F944
:10598000C300D836421A40F962000836200080521F
:10599000E5FFFF17E0650014C0035FD6FD7BBDA9DE
:1059A000C107A0F0FD030091F51300F9D507A0F0A1
:1059B000F35301A9B3EA40F921F040F91400138B25
:1059C0003F0014EB08020054C107A0F021EC40F99D
:1059D0003F0014EB83010054A000F8B6E20300CBB3
:1059E00001008052E00314AA711F0094E00313AA7F
:1059F000B4EA00F9F35341A9F51340F9FD7BC3A8BC
:105A0000C0035FD600008092FBFFFF17E20301AAEC
:105A1000C107A0F00400028B20F000F9C107A0F03C
:105A200024EC00F9C107A0F020E800F90100805241
:105A30005F1F0014FD7BBDA9FD030091F51300F964
:105A400035010090B5823B91F35301A9A10A40F9B9
:105A5000340440F994F67E92937E3F91730200CB1A
:105A600073CE7492730640D17FFE3FF10D03005454
:105A7000000080D2CAFFFF97A10A40F92100148BD1
:105A80001F0001EB41020054E00313CBC4FFFF975A
:105A90001F0400B161020054000080D2C0FFFF97D4
:105AA000A20A40F9010002CB3F7C00F10D01005435
:105AB00023010090210040B2410400F9636847F9D6
:105AC000000003CBC307A0F0608C01B90000805236
:105AD000F35341A9F51340F9FD7BC3A8C0035FD67A
:105AE000A00A40F9C107A0F0940213CB940240B27F
:105AF000140400F9208C41B90000134B208C01B92B
:105B000020008052F3FFFF17411A40F9E10948369F
:105B1000C00900B406805FF8034000D12401009062
:105B200084803B91C1F87F92C60040926500018B52
:105B3000870840F9A20440F942F47E92BF0007EBC7
:105B4000610200542200028BE60000B500005FF8FD
:105B5000630000CB4200008B610041A9200C00F9DA
:105B6000010800F9400040B2600400F920010090F3
:105B7000830800F9006C47F95F0000EB63060054EE
:105B8000C007A0F000E440F9ABFFFF17A20400F942
:105B9000860100B500005FF826010090C6C03B9169
:105BA000630000CB2100008B600840F91F0006EB6A
:105BB000E0040054660C40F9060C00F9C00800F936
:105BC00000008052A600028BC60440F9660100372F
:105BD0002100028BA20840F9E00300352601009065
:105BE000C6C03B915F0006EB61030054830C02A921
:105BF00020008052620801A9220040B2620400F92C
:105C0000616821F8200200353FFC07F1C80200540A
:105C100021FC43D322008052207C02132104001176
:105C20004220C01A21781F53800440F981CC218B77
:105C3000000002AA800400F920045FF8600401A9B2
:105C4000230800F9030C00F9C0035FD6200080523E
:105C5000DDFFFF17A50C40F9450C00F9A20800F97B
:105C6000E6FFFF1722FC49D33FFC27F168020054EE
:105C700020FC46D300E000110204001142781F53BB
:105C800082CC228B45045FF85F0005EB4104005491
:105C9000007C0213210080522120C01A800440F9A8
:105CA000000001AA800400F9650801A9430800F971
:105CB000A30C00F9E5FFFF175F5000F168000054E6
:105CC000406C0111EDFFFF175F5001F18800005497
:105CD00020FC4CD300B80111E8FFFF175F5005F11D
:105CE0008800005420FC4FD300DC0111E3FFFF17B4
:105CF00020FC52D35F5415F100F00111C20F805205
:105D00000030821ADDFFFF17A50840F95F0005EBA0
:105D1000A0000054A00440F900F47E923F0000EB84
:105D200043FFFF54A20C40F9E0FFFF17421A40F96D
:105D3000420048374C020014E10300AAC207A0F059
:105D4000C007A0F042EC40F900F040F9000002AAC0
:105D5000600100B5000080D2C0035FD6000080D291
:105D6000F35341A9F55B42A9F76343A9F96B44A931
:105D7000FB2B40F9FD7BC6A8C0035FD63F0050F166
:105D8000A8FEFF54FD7BBAA9215C00913FB800F149
:105D9000FD030091F35301A93401009094823B91DB
:105DA000F55B02A9F76303A9F96B04A9FB2B00F9C2
:105DB0002903005435EC7C92BFDE07F1A80500549E
:105DC000A1FE43D32204001142781F5382CE228BBE
:105DD000434000D1400440F91F0003EB8100005410
:105DE000400C40F95F0000EBA0010054018C40A979
:105DF000020C40F921F47E92620C00F90100018B43
:105E0000430800F9220440F9420040B2220400F99C
:105E100016000014150480D2EAFFFF1721080011B4
:105E2000801240F925010090A5C03B911F0005EBB1
:105E3000600B0054020440F942F47E92440015CBFA
:105E40009F7C00F1ED0700540300158BA10240B2C6
:105E5000010400F9810040B2830E02A9619400A9F7
:105E6000650C00F9046822F800400091BDFFFF179F
:105E7000A0FE49D3000500B41F1000F148020054F1
:105E8000A1FE46D321E000112204001142781F53E5
:105E900082CE228B424000D1400C40F91F0002EB21
:105EA000E0000054030440F963F47E92650015CBD2
:105EB000BF7C00F14D030054210400512104001166
:105EC000D8FFFF171F5000F168000054016C01114A
:105ED000EEFFFF171F5001F188000054A1FE4CD3C4
:105EE00021B80111E9FFFF171F5005F18800005488
:105EF000A1FE4FD321DC0111E4FFFF17A1FE52D315
:105F00001F5415F121F00111C00F80522130801A69
:105F1000DEFFFF17E1078052DCFFFF17040C40F99A
:105F2000C500F8B7010840F9240C00F9810800F910
:105F30000100038BB4FFFF17E00304AAD8FFFF178B
:105F4000851602A9C400F8B70200028B410440F98B
:105F5000210040B2410400F9C4FFFF17870640F951
:105F60005FFC07F1280C005442FC43D3230080520D
:105F7000447C02134204001142781F536320C41A68
:105F8000630007AA830600F982CE228B43045FF8E0
:105F9000030801A9400800F9600C00F9207C0213F5
:105FA000220080524220C01A800640F91F0002EBF6
:105FB000030400541F0002EAC100005421741E12A1
:105FC00042F87FD3211000111F0002EAA0FFFF5406
:105FD000E901809223040011E603012A63781F532C
:105FE00023CD238B8302038BE70303AAE00C40F944
:105FF0001F0007EBC10D0054C6040011E7400091DB
:10600000DF0440F241FFFF543F0440F2C11000544E
:10601000800640F90000228A800600F9800640F9D7
:1060200042F87FD31F0002EB43000054021100B579
:10603000980A40F9170740F9F7F67E92E20215CB6D
:106040005F7C00F1EC150054C007A0D01B0100F0EC
:106050001A03178B13E440F9606B47F9B302138BF3
:106060001F0400B1810F005473820091E00313AA52
:106070004BFEFF97F60300AA1F0400B16013005403
:106080005F0300EB690000541F0314EBE11200549E
:10609000D907A0D0208F41B90000130B208F01B980
:1060A0005F0316EB010E0054800A40F9F302138BD4
:1060B000730240B2130400F9C107A0D0208F81B948
:1060C00022E040F91F0002EB4900005420E000F9F3
:1060D000C107A0D022DC40F91F0002EB6910005478
:1060E00020DC00F98100001444FC49D35FFC27F157
:1060F0004802005443FC46D363E0001164040011DD
:1061000084781F5384CE248B86045FF89F0006EBAF
:1061100021040054637C0213220080524220C31ADF
:10612000420007AA820600F9061001A9800800F9BA
:10613000C00C00F99AFFFF179F5000F1680000544F
:10614000836C0111EEFFFF179F5001F1880000548E
:1061500043FC4CD363B80111E9FFFF179F5005F1D1
:106160008800005443FC4FD363DC0111E4FFFF17A8
:1061700043FC52D39F5415F163F00111C40F8052B8
:106180006330841ADEFFFF17C60840F99F0006EB54
:10619000A0000054C30440F963F47E927F0002EB38
:1061A00048FFFF54C40C40F9E0FFFF17040440F916
:1061B00084F47E92880015CB1F7D00F1CD01005440
:1061C000030840F9A10240B2010400F90200158B56
:1061D000010C40F9610C00F9230800F9010140B2FB
:1061E000820A02A9419400A9450C00F9086824F824
:1061F0001EFFFF174801F8B70400048B810440F923
:10620000210040B2810400F9010C40F9020C41F870
:10621000410C00F9220800F9D2FEFF17000C40F9EA
:1062200074FFFF1760045FF8210400511F0003EBA7
:10623000C0EEFF547AFFFF172110001142F87FD300
:106240001F0002EAA0FFFF5463FFFF17E103062AC5
:10625000FCFFFF17E00382D27302008B73CE7492AF
:1062600083FFFF17616B47F93F0400B161050054DC
:10627000766B07F9C00E40F280000054010280D214
:10628000200000CBD602008BD302138B000013CB6F
:1062900073FE3F9173CE74927302008BE00313AAD6
:1062A000BFFDFF971F0400B100020054218F41B9C8
:1062B000000016CB0000138B960A00F92100130B87
:1062C000000040B2218F01B9C00600F91F0314EB92
:1062D00040EFFF54FF7E00F188020054800A40F92D
:1062E000210080D2010400F9800A40F9020440F93B
:1062F00042F47E92420015CB5F7C00F10DD3FF5437
:10630000800A40F9A10240B2010400F90100158B96
:10631000810A00F9BDFEFF17DA021ACB00001A0B42
:10632000208F01B9D4FFFF17000740F9F76200D1B1
:10633000F7EE7C92210180D200004092000017AA63
:10634000000700F90003178B018C00F8010400F925
:10635000FF7E00F129EBFF5400430091EBFDFF9716
:1063600056FFFF17FD7BBCA9FD030091F55B02A959
:10637000157C019BF60300AA000100F0F71B00F951
:10638000F35301A9177847F9E00315AAF40640F979
:1063900067FEFF973605F8B7F30300AA200300B4A1
:1063A000411A40F9A1004837E20315AA01008052C2
:1063B000FF1C00941300001401805FF8034000D11B
:1063C00082F67E927F0017EB21F47E92420041FA22
:1063D0004230819A422000D15F2001F188FEFF54B3
:1063E0005F9C00F1A90000541F7C00A95FDC00F154
:1063F00048010054004000911F7C00A91F0800F9CB
:10640000F55B42A9E00313AAF35341A9F71B40F936
:10641000FD7BC4A8C0035FD61F7C01A95F2001F1EA
:106420006000005400800091F4FFFF1700C000914D
:106430007F7E02A9F1FFFF17130080D2F1FFFF1743
:10644000FD7BBCA9FD030091F35301A9F55B02A9F3
:10645000F71B00F93F0050F108060054421A40F9BA
:10646000C2004837F35341A9F55B42A9F71B40F935
:10647000FD7BC4A87E000014F40300AAF70301AA60
:106480001F4000F1E8000054F35341A9E00301AAC2
:10649000F55B42A9F71B40F9FD7BC4A824FEFF175A
:1064A000000480D2215C00919F0200EB36EC7C92CC
:1064B0009422809A3FB800F1D682809A8002008BA5
:1064C0000000168B1AFEFF97E20300AA400300B5F6
:1064D000E00317AA16FEFF971508D49AF30300AA43
:1064E000B582149BD50100B488FDFF97950215CBAA
:1064F000E002158B0EFEFF97E20300AAE00000B455
:106500000108D49A2180149B810201CBBF0201EBC8
:10651000220100547DFDFF97130080D2F55B42A954
:10652000E00313AAF35341A9F71B40F9FD7BC4A86C
:10653000C0035FD64008D49A534000D10088149B12
:10654000800300B4E003144B950600D15500158B71
:10655000007C4093B502008AB54200D1A00213CB63
:106560001F7C00F148000054B502148B610640F90D
:10657000A30213CB21F47E92210003CB200040B272
:10658000A102018BA00600F9200440F9000040B2EE
:10659000200400F9E00302AA610640F921004092BC
:1065A000210003AA610600F9F30315AA57FDFF971E
:1065B000610640F921F47E92210016CB3F7C00F168
:1065C0004D0100546002168B210040B20040009142
:1065D00001801FF8610640F921004092210016AAAF
:1065E000610600F949FDFF9773420091CCFFFF1748
:1065F000428A40F9247C4093451E41B9E40304CB10
:10660000420400D1E503052AA1C0218B4200018B81
:10661000418A40F94200048A010001CB401A41B985
:106620002100028B3F4020EB49010054FD7BBFA9B4
:10663000000100B000282D91FD030091421A41B9DC
:106640009C210094000080D2FD7BC1A8C0035FD6CE
:10665000211C0011E00302AA21701D12411E01B984
:10666000C0035FD621008052E2FFFF17E20300AAB9
:10667000E00301AAE103022ADEFFFF17419240F97D
:10668000610000B421E000D1410000B5C0035FD635
:106690001F0001EB60000054211C40F9F9FFFF17B7
:1066A000032040F902E00091011C40F9610000F96B
:1066B000410000B4230400F91F1C00F95F0400F935
:1066C000F3FFFF17FD7BBDA9FD030091F35301A963
:1066D000F30300AAF40302AAF55B02A9F50303AAD7
:1066E000F60301AAE6FFFF97020A80D2010080525A
:1066F0002F1C0094765600A9000080D2740A00F97D
:106700009F1C0094600E00F961E20091E00312AA60
:10671000429240F9621E00F9420000B4410400F9BF
:10672000019000F900800491200400F9F35341A97D
:10673000F55B42A9FD7BC3A8C0035FD6B20700B4D6
:10674000411A40F961078837FD7BBCA9FD03009120
:10675000F35301A9F55B02A9F76303A9411A40F9B4
:10676000539240F921006FB2411A00F9330500B489
:10677000150100B073E200D1B5CA2D91177182D214
:1067800038008052730400B4761E40F9000080D2B5
:106790007B1C0094F40300AA601A40F99F0200EBEE
:1067A00024030054600A40F9610240F90000148B90
:1067B000601A00F9E00313AA20003FD6601640F9E2
:1067C00000040091601600F9000080D26C1C009457
:1067D000020014CB601240F90000028B601200F935
:1067E0005F0017EB0901005460224139C0000037F7
:1067F000610640F9E00315AA037182522D2100942D
:1068000078220139760000B4D3E200D1DEFFFF1711
:10681000401A40F900F86E92401A00F9F35341A96A
:10682000F55B42A9F76343A9FD7BC4A8C0035FD60B
:10683000C0035FD6000840B91F00036B4C01005431
:10684000FD7BBFA9FD030091200040B9400000B9C5
:10685000E00301AAADFCFF9700008052FD7BC1A8B8
:10686000C0035FD600008012C0035FD6FD7BBEA9C7
:10687000FD030091F30B00F9F30301AAE10302AA5F
:10688000E203032A600240B9E41A0094600200B9EE
:1068900000008052F30B40F9FD7BC2A8C0035FD615
:1068A000FD7BBEA9800080D2FD030091F30B00F9AF
:1068B000F30301AA1EFDFF971F0000B9600200F953
:1068C00000008052F30B40F9FD7BC2A8C0035FD6E5
:1068D000000840B91F00036BCC010054FD7BBEA92A
:1068E000FD030091F30B00F9F30301AAE10302AAEF
:1068F000E00313AAEE110094E00313AA83FCFF97B0
:10690000F30B40F900008052FD7BC2A8C0035FD6A4
:1069100000008012C0035FD6FD7BBFA9E00301AA7F
:10692000E10302AAFD030091E203032ADD110094B2
:1069300000008052FD7BC1A8C0035FD6FD7BBEA9CD
:10694000000D80D2FD030091F35301A9F30301AAC6
:10695000F7FCFF97F40300AA88090094740200F979
:1069600000008052F35341A9FD7BC2A8C0035FD64B
:10697000000840B91F00036BCC010054FD7BBEA989
:10698000FD030091F30B00F9F30301AAE10302AA4E
:10699000E00313AAF0080094E00313AA5BFCFF973E
:1069A000F30B40F900008052FD7BC2A8C0035FD604
:1069B00000008012C0035FD6FD7BBFA9E00301AADF
:1069C000E10302AAFD030091E203032ADF08009419
:1069D00000008052FD7BC1A8C0035FD6FD7BBEA92D
:1069E000000D80D2FD030091F35301A9F30301AA26
:1069F000CFFCFF97F40300AAFA020094740200F996
:106A000000008052F35341A9FD7BC2A8C0035FD6AA
:106A1000FD7BBCA9FD030091F35301A93401009053
:106A200094C21B91F55B02A9F50300AAF60301AA23
:106A3000130080D2F71B00F9170780D2607E179BE6
:106A4000816A60F8E00315AA061B00942001003556
:106A5000737E379B7302148BD30200F9F35341A961
:106A6000F55B42A9F71B40F9FD7BC4A8C0035FD6C4
:106A7000730600917F0E00F121FEFF54800B8012FF
:106A8000F7FFFF17FD7BBCA9FD030091F35301A99C
:106A90003301009073C21B91F55B02A9F50300AAB4
:106AA000F60301AAF71B00F9F70313AA140080529A
:106AB000610240F9E00315AAEA1A0094600100356A
:106AC000611240F9210100B401078052945E219BBC
:106AD000D40200F9F35341A9F55B42A9F71B40F931
:106AE000FD7BC4A8C0035FD69406001173E2009139
:106AF0009F0E0071E1FDFF54800B8012F6FFFF171F
:106B0000FD7BBEA9FD030091F35301A913E47A9222
:106B100074020191E10314AAE00313AA03EDFF97A5
:106B2000E10314AAE00313AAF35341A9FD7BC2A811
:106B3000FDECFF17FF4309D1FD7B00A9FD03009188
:106B4000F35301A9F40300AA130080D2F55B02A954
:106B5000F60301AA35FC44D3F76303A938FC43D3F9
:106B6000F92300F941EDFF97F9630191F703002A3A
:106B7000F50200B5990240F99F0200F97700003450
:106B8000E00314AADFFFFF97800240F9400600B43B
:106B9000737E4093E1630191200080D2990200F955
:106BA000730600D11F0300EB88020054FD7B40A94F
:106BB000E00315AAF35341A9F55B42A9F76343A982
:106BC000F92340F9FF430991C0035FD6A1F27DD3B9
:106BD000800E158B826A61F8227B33F8E20335AAB6
:106BE000826A21F857000034C6FFFF97B5FE419333
:106BF00073060091DFFFFF1702F07DD300F87FD30B
:106C0000237873F8836A22F8E6FFFF1715F07DD327
:106C1000630600D1417873F8846A75F8816A35F8A3
:106C2000E10320AA00F87FD33F0004EB6002005488
:106C3000737E4093730600D11F0300EB89FBFF5462
:106C400001F07DD300F87FD3437873F8836A21F88D
:106C5000F9FFFF1773060051E2630191200080D213
:106C6000737E40931F0300EB28FDFF54F50316AA23
:106C7000990200F9CEFFFF17F30303AAFAFFFF17EB
:106C8000FD7BBAA9FD030091F35301A9F40301AA06
:106C9000F55B02A9F60303AAF76303A9F80301AAA7
:106CA000210C0091F96B04A9FB7305A91A1840F98E
:106CB0001B27403820E05F385C5F4129000000520C
:106CC00033F05F3859001C4B3703174B1300332A3E
:106CD000E2120051F70E0051E00318AA731E0012D1
:106CE000427C4093FF1A009401CB7738F503002AC9
:106CF000420F80B900C3378B7B03012A0004009147
:106D0000410B40F973021B2A731E0012F51A0094FE
:106D1000B502002AB502132AF5010035E10316AACF
:106D2000827F409380C2398BEE1A00941F0000715D
:106D3000810180120000811AF35341A9F55B42A939
:106D4000F76343A9F96B44A9FB7345A9FD7BC6A86A
:106D5000C0035FD6A0028012F8FFFF17FD7BB6A923
:106D6000FD030091F35301A9F55B02A9F76303A9A1
:106D7000F96B04A9FB2B00F9172440F9240FF8370D
:106D8000F60301AAE103042AF40300AAFB0302AA02
:106D9000F503032AF303042AE00317AA030080D2B1
:106DA000020100D042F4359125130094E10300AABA
:106DB000400100B5A0018012BF030091F35341A927
:106DC000F55B42A9F76343A9F96B44A9FB2B40F992
:106DD000FD7BCAA8C0035FD6801640F9211A009433
:106DE000A0FEFF35E103132A03008052E00317AA37
:106DF000020100B042B82E918E160094E103132ACE
:106E000003008052020100B042EC2E91A09700B91D
:106E1000E00317AA87160094A09300B9A3B30191C9
:106E2000E103132AE00317AA020100B042282F91C0
:106E300003130094A04700F9800000B4A06F40B98C
:106E40001F1C007148000054BF4700F9E103132ADA
:106E5000030080D2E00317AA18018052020100B09B
:106E6000425C2F91B89B00B9F5120094E103132AFC
:106E7000030080D2020100B0428C2F91A04300F9A0
:106E8000E00317AAEE120094A03F00F9A19740B9C1
:106E900021F9FF34A24340F9E2F8FFB4C0F8FFB48F
:106EA000802240F9F7030091824E43A9190840B9A6
:106EB0005B0500B4DF0200F1441840FAE00400541E
:106EC000D30400B4210CD81A3F00156B21020054E2
:106ED000BF020871E8010054E003152A5A0840B9BE
:106EE000003C0091A2C3019100707C92010080528D
:106EF000FF6320CB40098052F8030091222E0094BA
:106F0000E0000034000100B000C42F91691F00941C
:106F1000A0028012FF020091A8FFFF17A03B40F9DA
:106F2000E4030091A3E30191E203152AE1031BAA04
:106F30005D6D009400FFFF35650640F9E4031A2AF1
:106F4000E30316AAE203192AE10318AAE00314AA2C
:106F5000A0003FD6F0FFFF1780008012EEFFFF1762
:106F60000001801295FFFF17FD7BB4A9FD0300917E
:106F7000F35301A9F55B02A9F50300AAF60301AAE0
:106F8000F76303A901008052F70302AAF96B04A971
:106F9000020100B0F803032A192440F942841E912B
:106FA000E00319AA14120094E007F837A45240B97C
:106FB0009F04003160010054F35341A9E303182AF0
:106FC000F96B44A9E20317AAF76343A9E10316AAE0
:106FD000E00315AAF55B42A9FD7BCCA860FFFF1773
:106FE000A30640F9F403002A810C80D2E0630191EA
:106FF000020100B042743091DD1E0094E263019101
:10700000E103142AE00319AAFB110094E303182AF0
:10701000E403002AFA03002AE20317AAE10316AAEE
:10702000E00315AA4EFFFF97F303002AE0020034A5
:10703000FF5700B9E103142AE2530191E00319AAB2
:10704000EC100094F403002A0002F837E05740B92E
:107050001F000071AD0100541F040071C1FEFF54F8
:107060009F021A6B80FEFF54E403142AE303182ADC
:10707000E20317AAE10316AAE00315AA38FFFF9757
:10708000F303002A80FDFF35F55B42A9E003132AD4
:10709000F35341A9F76343A9F96B44A9FD7BCCA83D
:1070A000C0035FD633008012F8FFFF17FD7BBDA938
:1070B000FD030091F35301A9F30300AAF40303AA0B
:1070C000F51300F9F503042A002040F9030840B93C
:1070D000607C4093003C009100EC7C92FF6320CBED
:1070E000601A40F9040840B97F00046BEA000054BC
:1070F000A0028012BF030091F35341A9F51340F998
:10710000FD7BC3A8C0035FD6040C40F9E3030091E4
:10711000000040F980003FD6C0FEFF37E303152A88
:10712000E20314AAE1030091E00313AA8FFFFF9783
:10713000F1FFFF1702008052030080D2040040B923
:107140009F00026B48000054C0035FD6050440F95D
:10715000245862B8A55862B8840005CB8300038B1D
:10716000235822B84204001163FC6093F4FFFF1718
:10717000EA0302AAE80303AA03008052020040B90E
:107180005F00036BC8000054020040B90700805242
:107190005F00076B28020054C0035FD63F5823B836
:1071A00063040011F6FFFF17CC7C7ED3225866B82B
:1071B000C60400114200048B04696CB86409A49BE6
:1071C000020440F942686CB82215A29B4540248B0A
:1071D000256823B80E000014FD7BBFA9FD030091B4
:1071E000220040B9260080524B5967B8040140B9CB
:1071F000030440F9090440B96409A49B650040B93F
:10720000827C4092297D041B2509A59BC304005163
:10721000020040B984FC60D3A5FC60D363F47ED344
:10722000DF00026B23FCFF548400058B246823B825
:10723000FF8344EB40000054BFFFFF97020040B9BA
:10724000E70400115F00076BC8FCFF54FD7BC1A879
:10725000C0035FD622C8228B43CC5FB86308C05AF4
:10726000034400B85F0001EB81FFFF54C0035FD609
:10727000FD7BB4A9FD030091F35301A9F55B02A9BD
:10728000F76303A9F96B04A9FB7305A9A33B00F9F4
:10729000621400B4F603012AF50300AA410840F97C
:1072A000F40302AA404C4329B3031429210A00B471
:1072B000A0630291020180D257190094BC4F40F99B
:1072C0009C0FC0DABC5F00F9F3120034810640F96C
:1072D000A11200B4840240F9641200B4600220518B
:1072E0001F00207108120054737E0553E203132A15
:1072F000776A7ED3E33E009163647C92FF6323CB85
:10730000FA030091FF6323CBF4030091E0031AAA70
:10731000A34300F9B3A300B9BAD30AA9CEFFFF97DC
:10732000E203132AE10304AAE00314AACAFFFF97A9
:10733000E10315AAC0767E92003C009100707C9219
:10734000FF6320CBE003162AF8030091E20300AAB2
:10735000A04700F9E00318AA2F190094F90300913F
:10736000A34340F9E21200D10203028BFF6323CB57
:10737000FB030091FF6323CBF6030091FF6323CB54
:10738000F5030091FF6323CBE0030091630080923B
:10739000A04300F9000080D2017C039B416861B8E2
:1073A0002108C05A617B20B8000400917F02006B65
:1073B00048FFFF549C0000B48413C0DA9FFC00F126
:1073C000C10100543F030091B4028012BF03009139
:1073D000E003142AF35341A9F55B42A9F76343A9DB
:1073E000F96B44A9FB7345A9FD7BCCA8C0035FD60C
:1073F000FC830032B4FFFF17BC7F00B95CFE073688
:10740000A0830291E30314AAE2031BAAE10316AAD4
:10741000A43700F957FFFF97A04340F9E20317AAEA
:10742000D40780523C0080D2FB180094A43740F966
:107430009402044BE30316AAE20316AAE10315AA79
:10744000A0830291B40200354AFFFF9773060051F2
:10745000E3031BAAE20315AAE10316AA45FFFF975F
:10746000E20317AAE00315AAEB180094607E40938C
:10747000A27A60B8417B60B85F00016BC302005420
:1074800088000054000400D11F04003121FFFF5484
:10749000200080521100001436FFFF97A37F40B9EF
:1074A0008223D49A7F00026AE0000054A34340F98B
:1074B000E20315AAE10316AA2EFFFF9794060051D6
:1074C000DDFFFF17E20317AAE00316AAD218009403
:1074D000FBFFFF170000805280000034E10315AA73
:1074E000A083029114FFFF97E10318AAA05A73B872
:1074F000730600510008C05A204400B87F060031CE
:1075000061FFFF54A03B40F93F030091A24740F9BF
:10751000E10318AAC0180094ADFFFF1714018012F0
:10752000ABFFFF17B4018012A9FFFF175F000071C6
:107530004D050054FD7BBCA9FD030091F35301A947
:10754000F30301AAF403022AE1C30091F55B02A947
:10755000F50303AA4CFDFF97C0020035E01B40F97C
:10756000E1E30091021040F940003FD620020035CF
:107570009406005116008052E00743A9620240F9C8
:10758000630A40B9051440F99F02166BAC01005420
:1075900024008052A0003FD6C0000035E00743A978
:1075A000E20315AA041840F9030840B980003FD649
:1075B000F35341A9F55B42A9FD7BC4A8C0035FD684
:1075C0000400805273420091A0003FD620FFFF3597
:1075D000D6060011E9FFFF17A0028012C0035FD694
:1075E000216084D21F7C00A9A1E8ACF22171D5F200
:1075F000A1F9FDF2010800F9C19F9BD24117B3F236
:10760000C18ECAF24106E2F2010C00F9013E9C5221
:10761000417AB872012000B9C0035FD6C2B100340C
:10762000FD7BB5A927338FD226749DD2FD0300912F
:10763000859B97D2C43A98D2420400514750ABF28E
:1076400026DBADF265E3B1F2444CB9F2F35301A984
:10765000F55B02A9F76303A9F96B04A9FB7305A9FC
:10766000E27300B9220040392100019123105C38F7
:107670002C305C3833705C38432003AA22205C38FD
:107680003AB05C3828D05C38624002AA23505C389B
:107690004C600CAA29105D388209C05AE2AF00B9CB
:1076A00022405C388C09C05A38305D383E705D38F5
:1076B000432003AA22605C3831B05D3839F05C3871
:1076C000624002AA23905C38536013AA620AC05A2F
:1076D000E2AB00B922805C38730AC05A432003AA87
:1076E00022A05C38624002AA5A601AAA22C05C3802
:1076F000430BC05A5A0BC05A482008AA22E05C38F3
:10770000024102AA28005D38596019AA220BC05A0A
:10771000390BC05A092109AA28205D38284108AA36
:1077200029505D38186118AA080BC05AE8A700B99B
:1077300028405D38180BC05A092109AA28605D3815
:10774000284108AA29905D381E611EAAC80BC05A9C
:10775000E8A300B928805D38DE0BC05ADE03078B32
:10776000092109AA28A05D38284108AA116111AA97
:10777000280AC05AE89F00B928C05D3829D05D3872
:1077800030F05D382F305E38092109AA28E05D38D5
:107790002E705E382B905E38284108AA29105E387A
:1077A000106110AA34D05E38080AC05AE89B00B9AC
:1077B00028005E3836F05E3835305F38092109AA76
:1077C00028205E382DB05E38284108AA29505E383E
:1077D0000F610FAA28405E38EA09C05AEF09C05A63
:1077E000EF01078B092109AA28605E38284108AA01
:1077F0000E610EAA28805E38C909C05A0B210BAA57
:1078000028A05E38684108AA2BC05E380D610DAA19
:10781000A809C05AAD09C05A6B2114AA34E05E38D9
:10782000AD01078B6B4114AA34105F38766116AA3C
:10783000CB0AC05AEB9700B92B005F38D60AC05A62
:107840006B2114AA34205F386B4114AA34505F387E
:10785000756115AAAB0AC05AEB9300B92B405F388B
:10786000B50AC05A6B2114AA34605F386B4114AA60
:1078700034705F386B6114AA7409C05AF47700B988
:1078800034805F386B09C05A37905F381B704329CA
:10789000942217AA37A05F38944217AA37B05F38EE
:1078A000976217AAF40AC05AF48F00B9F40AC05AB2
:1078B00037D05F38F43F00F934C05F38942217AAFC
:1078C00037E05F38944217AA37F05F38976217AAFB
:1078D000F40AC05AF48B00B9F40AC05AF44300F910
:1078E000141040B9F46300B9141440B9F46B00B932
:1078F000F43340F9977E7BD3F46340B9947E1B53F5
:10790000F70214AA74031C4AFC6B40B994021C0AC7
:107910001C1C40B994021C4AFC6340B9F402148B4D
:10792000172040B9F740378B9702178BF43740F98F
:107930008C01178BF76B40B9947E62D3F77E0253AC
:10794000940217AA770314CA9703170A9C7F02535D
:10795000F7021BCA7B03078BF302138B171C40B97A
:10796000F740378B7302178B977D1B53F7160CAAC2
:10797000F702138BF33340F9737E62D373021CAAB0
:107980009C0213CA9C030C8A9C0314CA9402078BA2
:107990009A031A8B5B031B8BFA7E1B535A1717AA89
:1079A0005A031B8B9B7D02536C7B0CAA7B020CCA77
:1079B0007B03178A7B0313CA7302078B7903198B26
:1079C0003903148B547F1B5394161AAA9402198BF3
:1079D000F97E0253377B17AA990117CA39031A8A0D
:1079E00039030CCA3803188B597F02531803138BC1
:1079F000937E1B53397B1AAA731614AA7302188B31
:107A0000F80219CA1803148A180317CA18030C8B32
:107A10006C7E1B531E031E8B987E0253187B14AA88
:107A20008C1513AA340318CA8C011E8B9402138A76
:107A3000940219CA9702178B340AC05A9402078B12
:107A4000917D1B53F402148B31160CAA3102148B56
:107A5000747E0253947A13AA130314CA73020C8A15
:107A6000730218CA7702198B130AC05A7302078B64
:107A7000307E1B53F302138B101611AA1002138BC6
:107A8000937D0253737A0CAA8C0213CA8C01118A5B
:107A90008C0114CA8C01188B8F010F8B0C7E1B5329
:107AA0008C1510AA8C010F8B2F7E0253F17911AA2D
:107AB0006F0211CAEF01108AEF0113CAF401148B8F
:107AC000CF09C05AEF01078B8E7D1B538F020F8B9E
:107AD000CE150CAACE010F8B0F7E0253EF7910AAA0
:107AE00030020FCA10020C8A100211CA1002138B46
:107AF000937D02530D020D8BD07D1B53737A0CAA1C
:107B000010160EAA10020D8BED0113CAAD010E8ADC
:107B1000CC02078BAD010FCAAD01118BD17D025391
:107B2000317A0EAAAD010C8B6E0211CA0C7E1B536A
:107B3000CE01108A8C1510AACE0113CA8C010D8BB0
:107B4000CE010F8B0F7E0253EF7910AAAD02078B87
:107B5000CE010D8B30020FCA8D7D1B5310020C8A93
:107B6000AD150CAA100211CAAD010E8B1002138BB9
:107B70006E01078B73010A4A10020E8BAE7D1B53F8
:107B8000CE150DAACE01108B907D0253107A0CAA4F
:107B9000EC0110CA8C010D8A8C010FCA9101118B66
:107BA000EC3F40F98C01078B31020C8BCC7D1B53D1
:107BB0008C150EAA8C01118BB17D0253317A0DAA5E
:107BC0000D0211CAAD010E8AAD0110CAAF010F8BB3
:107BD000ED4340F9AD01078BEF010D8B8D7D1B53FC
:107BE000AD150CAAAD010F8BCF7D0253EE790EAA15
:107BF000EFAF40B96F000F4A6F020F4AF3FD5FD33A
:107C00006F060FAA33020ECA73020C8AD6020FCA7D
:107C1000730211CA7302108BF001078B7302108B71
:107C2000B07D1B5310160DAA1002138B937D0253C7
:107C3000737A0CAAEC8F40B99401094AF7B354291E
:107C4000F89740B94C000C4AE302034A8C020C4AF4
:107C5000FB7740B9FA67522994FD5FD38C060CAAD2
:107C6000D40113CA94020D8AB5020CCA94020ECA3A
:107C70009402118B9101078B9402118B117E1B537F
:107C8000311610AA3102148BB47D02538D7A0DAADD
:107C9000F48B40B99402084A8302034A74FC5FD310
:107CA000830603AA74020DCA9402108A6B0103CAE8
:107CB000940213CA94020E8B6E00078B94020E8BF3
:107CC0002E7E1B53CE1511AACE01148B147E0253A7
:107CD000947A10AAF0A340B90202024AC20202CA70
:107CE000F6A340B9507C1F53020602AAB00114CA81
:107CF0001002118A10020DCA1302138B5000078B59
:107D00007302108BD07D1B5310160EAA1002138B1A
:107D1000337E0253737A11AAF19F40B93102174A98
:107D2000B10211CA357E1F53B10611AA950213CABA
:107D3000B5020ECAB5020D8B2D02068BB5020D8B56
:107D40000D7E1B53AD1510AAAD01158BD57D0253C9
:107D5000B57A0EAAEE9B40B9CE01164A6E010ECA44
:107D6000CB7D1F536E050EAA6B0215CA6B0110CA9C
:107D70007401148BCB01068B94020B8BAB7D1B53D0
:107D80006B150DAA6B01148B147E0253947A10AA02
:107D9000F03F40F9160202CAF09F40B95001104A64
:107DA0000A010A4AD00210CA167E1F53D00610AA32
:107DB000B60214CAD6020DCAD602138B1302068B62
:107DC000D602138B737D1B5373160BAA7302168B8B
:107DD000B67D0253D67A0DAAED4340F9B70111CA18
:107DE000ED9B40B92D010D4A0903094AED020DCA68
:107DF000F89340B9B77D1F530803084AED060DAA52
:107E0000970216CAF7020BCAF702158BB501068B4B
:107E1000F702158B757E1B53B51613AAB502178B87
:107E2000777D0253EB7A0BAAF7010ECAEA020ACA5F
:107E3000577D1F53EA060AAAD7020BCAF70213CAD4
:107E400058000ACAF702148B5401068BF702148BF0
:107E5000B47E1B53941615AA9402178B777E025397
:107E6000F37A13AA970110CAE90209CA377D1F5392
:107E7000E90609AA770113CAF70215CAF702168B99
:107E80003601068BF702168B967E1B53D61614AA64
:107E9000D602178BB77E0253F57A15AA77000DCA62
:107EA000E80208CA177D1F53E80608AA770215CA18
:107EB000F70214CAEB020B8B1701068B6B01178BB1
:107EC000D77E1B53F71616AAF7020B8B8B7E025335
:107ED000747914AAEB7740B96B01194AF98F40B94C
:107EE0000B030BCA39031A4ADA0108CA787D1F53FB
:107EF0000B070BAAB80214CA180316CA1803138B6F
:107F00007301068B1803138BF37E1B53731617AA8A
:107F10007302188BD87E0253167B16AA380209CA40
:107F2000180319CA197F1F53380718AA990216CACD
:107F3000390317CABC0118CA3503158B1903068B00
:107F4000B502198B797E1B53391713AA3903158B88
:107F5000F57E0253B77A17AAF58B40B9B5021B4AD2
:107F60007B7E0253550315CA7B7B13AABA7E1F532F
:107F7000550715AADA0217CA5A0313CAF33F40F984
:107F80005403148BBA02068B94021A8B3A7F1B534C
:107F90005A1719AA73020FCA5A03148B14020BCA78
:107FA000930213CAEF0103CA747E1F53930613AAE8
:107FB000F4021BCA940219CA9402168B7602068B2D
:107FC0009402168B567F1B53D6161AAAD602148B10
:107FD000347F0253997A19AAF44340F994020CCAE7
:107FE0008C0102CA940314CA42000ECACE010DCA03
:107FF000AD0109CA9C7E1F53940714AA7C0319CAB9
:108000009C031ACA1E0114CA9C03178B9702068B85
:108010009C03178BD77E1B53F71616AAF7021C8BEF
:108020005C7F02539A7B1AAA5C0115CA8F030FCAA0
:10803000FC7D1F538F070FAA3C031ACA9C0316CA64
:108040009C031B8BFB01068B9C031B8BFB7E1B5332
:108050007B1717AA7B031C8BDC7E0253967B16AA28
:108060003C0113CA8C030CCA29010BCA9C7D1F5307
:108070008C070CAA5C0316CA9C0317CA9C03198BB5
:108080009901068B9C03198B797F1B5339171BAA07
:1080900039031C8BFC7E02539C7B17AA770011CA04
:1080A000D70317CA310210CA10020ACA4A0108CA05
:1080B000E37E1F53080118CA770417AAC3021CCA1B
:1080C00063001BCA7A001A8BE302068B5A03038BE8
:1080D000237F1B53631419AA63001A8B7A7F025300
:1080E0005A7B1BAA7B010FCA620302CA6B0115CA25
:1080F0005B7C1F53620702AA9B031ACA7B0319CA3F
:108100007B03168B5600068B7B03168B767C1B53EA
:10811000D61603AAD6021B8B3B7F0253797B19AA82
:108120001B030CCA31021BCA180313CA3B7E1F5320
:10813000710711AA5B0319CA7B0303CA7C031C8B5A
:108140003B02068B9C031B8BDB7E1B537B1716AA03
:108150007B031C8B7C7C0253837B03AABC0217CA63
:10816000CE011CCAB50214CADC7D1F538E070EAAAD
:108170003C0303CA9C0316CA9C031A8BDA01068BC4
:108180009C031A8B7A7F1B535A171BAA5A031C8B0A
:10819000DC7E0253967B16AA7C0202CA10021CCA1D
:1081A0005E7F0253DE7B1AAA73020FCA1C7E1F5326
:1081B000900710AA7C0016CA9C031BCA9C03198B4B
:1081C0001902068B9C03198B597F1B5339171AAA66
:1081D00039031C8B7C7F02539B7B1BAA9C0211CA18
:1081E000AD011CCA94020CCABC7D1F538D070DAA99
:1081F000DC021BCA9C031ACAFA010ECA8303038B52
:10820000BC01068B63001C8B5A011ACA3C7F1B53AE
:108210002A031E8A9C1719AAEF0117CA9C03038B15
:10822000437F1F537A041AAA23031EAA63001B8AE2
:1082300063000AAA4A03058B6300168B367F02533C
:1082400063000A8B8A7F1B534A151CAAD67A19AA87
:108250004A01038B830110CA290103CA9903168AB4
:108260008C0102CA237D1F53690409AA830316AA3D
:1082700063001E8A790019AA2301058B39031B8B21
:10828000FB020DCA3903038B437D1B5363140AAAF7
:1082900008011BCA6300198B997F0253397B1CAA02
:1082A0001B7D1F53680708AA5B0119AA7B03168A66
:1082B0005C01198A7C031CAA1B01058B9C031E8B85
:1082C000F70211CA9C031B8B7B7C1B537B1703AAF1
:1082D0007B031C8B5C7D02538A7B0AAA5C001ACA52
:1082E0008B030BCA7E000A8A42000ECA7C7D1F5394
:1082F0008B070BAA7C000AAA9C03198A9C031EAA5E
:108300009603168B7C01058BD6021C8B7C7F1B533E
:108310009C171BAA9C03168B767C0253C37A03AA74
:10832000360209CA160316CA7E03038A310210CA2E
:10833000D87E1F53160716AA780303AA18030A8AC1
:1083400018031EAA1903198BD802058B3903188B41
:10835000987F1B5318171CAA1803198B797F025397
:10836000397B1BAADB0108CAB5021BCA9E03198A06
:10837000CE010DCABB7E1F53750715AA9B0319AA10
:108380007B03038A7B031EAA7B030A8BAA02058B4D
:108390007B030A8B0A7F1B534A1518AA4A011B8BC1
:1083A0009B7F02537B7B1CAA1C020BCA73021CCA54
:1083B0001E031B8A10021ACA7C7E1F53930713AA3E
:1083C0001C031BAA9C03198A9C031EAA9C03038BF3
:1083D0006302058B9C03038B437D1B5363140AAA22
:1083E00063001C8B1C7F0253987B18AABC0116CA21
:1083F00094021CCA5E01188AAD0109CA9C7E1F53F3
:10840000940714AA5C0118AA9C031B8A9C031EAA49
:108410009C03198B9902058B9C03198B797C1B5348
:10842000391703AA39031C8B5C7D02538A7B0AAA85
:108430005C0315CAEF011CCA7E000A8A5A0308CAE7
:10844000FC7D1F538F070FAA7C000AAA9C03188A81
:108450009C031EAA9C031B8BFB01058B9C031B8B9F
:108460003B7F1B537B1719AA7B031C8B7C7C02531D
:108470009C7B03AA230113CA8C0103CA3E031C8AF6
:10848000837D1F536C040CAA23031CAA63000A8A71
:1084900063001EAA7E7F1B536300188B9801058B17
:1084A0006300188BDE171BAADE03038B237F0253A6
:1084B000797819AA030114CAF70203CA7803198A42
:1084C000080116CAE37E1F53770417AA630319AA8B
:1084D00063001C8A630018AA78010FCA6A000A8B1D
:1084E000E302058B4A01038BC37F1B5363141EAA4F
:1084F000580018CA63000A8B6A7F02535B791BAA73
:10850000027F1F53580418AAC2031BAA4200198AEB
:10851000CA031B8A4A000AAA0203058B4A011C8B64
:10852000DC7F02534A01028B627C1B53421403AA74
:108530009C7B1EAA42000A8BCA020CCA31020ACADC
:108540007E001C8AD60213CA2A7E1F53510511AA27
:108550006A001CAA4A011B8A4A011EAA4A01198BF9
:108560003902058B4A01198B597C1B53391702AA12
:1085700039030A8B6A7C0253437903AAAA0217CAF9
:10858000CA010ACA5E00038A4E7D1F53CA050AAAA1
:108590004E0003AACE011C8ACE011EAA5E7C0253A5
:1085A000CE011B8B5B01058BCE011B8B3B7F1B53CD
:1085B0007B1719AADE7B02AA7B030E8B6E0218CAF8
:1085C0000E020ECA30031E8A73020FCAC27D1F53E9
:1085D0004E040EAA22031EAA4200038A420010AAD9
:1085E000D001058B42001C8B4200108B707F1B5307
:1085F00010161BAA1002028B227F0253597819AA67
:10860000820211CAA20102CA7C03198A4D7C1F533F
:10861000A20502AA6D0319AAAD011E8AAD011CAA0A
:108620001C7E1B53AD01038B4300058BAD01038BF7
:108630009C1710AA9C030D8BED010ACA4D030DCAAD
:10864000637F02537B781BAAEF0117CAA37D1F53D8
:108650001A021B8A6D040DAA03021BAA6300198A61
:1086600063001AAABA01058B63001E8B9E010ECA15
:1086700063001A8B9A7F1B535A171CAA5A03038B49
:10868000037E0253707810AA23010BCAC30303CAE6
:108690009E03108A6B0115CAB50214CA697C1F5368
:1086A00094020CCA230503AA890310AA29011B8A74
:1086B0008C0118CA29011EAA2901198B7900058B82
:1086C0002901198B597F1B5339171AAA3903098BB2
:1086D000897F02533C791CAAE90202CA090109CA2E
:1086E0005E031C8AF70211CA287D1F53090509AAD7
:1086F00048031CAA0801108A08011EAA08011B8B46
:108700003B01058B08011B8B3B7F1B537B1719AA71
:108710007B03088B487F02531A791AAA08030DCAF3
:10872000680108CA3E031A8A18030ACA0B7D1F5340
:10873000680508AA2B031AAA6B011C8A6B011EAAE2
:108740007001108B0B01058B10020B8B6B7F1B5381
:108750006B151BAA6B01108B307F0253197A19AA73
:10876000300203CAD00210CA31020ECA167E1F534D
:10877000D00610AA560319CAD6021BCADC021C8BEB
:108780001602048B9C03168B767D1B53D6160BAA00
:10879000D6021C8B7C7F02539B7B1BAA5C0109CAFF
:1087A000B5021CCA4A0102CABC7E1F53950715AA0E
:1087B0003C031BCA9C030BCA9C031A8BBA02048B92
:1087C0009C031A8BDA7E1B535A1716AA5A031C8B6A
:1087D0007C7D02539C7B0BAACB0108CA73020BCA97
:1087E000CE010DCA6B7E1F53730513AA6B031CCAFF
:1087F0006B0116CA6B01198B7902048B6B01198B03
:10880000597F1B5339171AAA39030B8BCB7E02539E
:10881000767916AA4B0010CA8B020BCA420003CA13
:10882000747D1F538B060BAA940316CA94021ACAAE
:108830009B021B8B7401048B7B03148B347F1B53B3
:10884000941619AA94021B8B5B7F02537A7B1AAA97
:10885000BB0115CAEF011BCAAD0109CAFB7D1F533D
:108860006F070FAADB021ACA7B0319CA7C031C8B91
:10887000FB01048B9C031B8B9B7E1B537B1714AA51
:108880007B031C8B3C7F0253997B19AA7C0013CA83
:108890008C011CCA630008CA9C7D1F538C070CAA5C
:1088A0005C0319CA9C0314CA9C03168B9601048BA3
:1088B0009C03168B767F1B53D6161BAAD6021C8BE5
:1088C0009C7E02539C7B14AA34010BCAF40214CA86
:1088D000290110CA977E1F53F40614AA37031CCA35
:1088E000F7021BCAF7021A8B9A02048BF7021A8B43
:1088F000DA7E1B535A1716AA5A03178B777F025337
:10890000FB7A1BAA17010FCA170317CA080115CA59
:10891000F87E1F53170717AA98031BCA180316CA15
:108920001903198BF802048B3903188B587F1B53DA
:1089300018171AAA1803198BD97E0253367B16AA68
:1089400019020CCA310219CA100213CA397E1F5308
:10895000310711AA790316CA39031ACA3C031C8BC2
:108960003902048B9C03198B197F1B53391718AAE2
:1089700039031C8B5C7F02539A7B1AAABC0214CA6F
:108980004A011CCAB5020BCA5C7D1F538A070AAA9A
:10899000DC021ACA9C0318CA9C031B8B5B01048B64
:1089A0009C031B8B3B7F1B537B1719AA7B031C8BE0
:1089B0001C7F0253987B18AA7C0217CACE011CCADE
:1089C00073020FCADC7D1F538E070EAA5C0318CA00
:1089D0009C0319CA9C03168BD601048B9C03168B2F
:1089E000767F1B53D6161BAAD6021C8B3C7F0253E4
:1089F000997B19AA7C0111CA820302CA6B010CCAB5
:108A00005C7C1F53820702AA1C0319CA9C031BCA61
:108A1000940202CA9C031A8B5A00048B9C031A8B83
:108A2000DA7E1B535A1716AA340114CA5A031C8B38
:108A30007C7F02539B7B1BAAFC010ACAAD011CCAA6
:108A4000897E1F53340514AABC7D1F538902048BF1
:108A50008D070DAA3C031BCA9C0316CAF7020DCA58
:108A60009C03188BB801048B9C03188B587F1B53F5
:108A700018171AAA170117CA18031C8BDC7E025399
:108A8000967B16AA9C010ECA7C001CCAE87E1F5366
:108A9000170517AA4A0114CA837F1F53E802048BE3
:108AA0007C041CAA630316CA63001ACA31021CCADA
:108AB0007900198B8303048B3903038B037F1B53CA
:108AC000631418AA100211CA6300198B597F02534C
:108AD000397B1AAAB5020ACADA0219CACE0117CA24
:108AE0005A0318CA73020ECA5A031B8B5A03098B06
:108AF000697C1B53291503AA29011A8B1A7F02537B
:108B00005A7B18AA2D031ACAAD0103CAAD01168BF0
:108B1000AD01088B287D1B53081509AA08010D8B90
:108B20006D7C0253AD7903AA037E1F53700410AA13
:108B300043030DCA630009CA1102048B6300198B39
:108B40000A7D02536300118B117D1B53311608AA55
:108B5000420010CA3102038B237D0253637809AAB5
:108B6000A97E1F53350515AAA90103CA290108CA00
:108B7000B502048B29011A8B487908AAB502098B22
:108B80006A7E1F53297E1B53530513AA291511AA68
:108B90006A0008CA2901158B6B0102CA4A0111CA71
:108BA0007302048B4A010D8B2D7E025373020A8BD4
:108BB000AD7911AA2A7D1B53627D1F534A1509AA5C
:108BC0004B040BAA02010DCA4A01138B420009CAC9
:108BD0006B01048B4200038BE36340B96B01028B92
:108BE000427D1B5342140AAA2909891342000B8BA8
:108BF0006200020B021000B9E26B40B942000A0B9E
:108C0000021400B9021840B92901020B021C40B934
:108C100042000D0B09080329022040B94200080B4D
:108C2000022000B9E27340B942040051E27300B976
:108C30005F0400318151FF54F35341A9F55B42A910
:108C4000F76343A9F96B44A9FB7345A9FD7BCBA846
:108C5000C0035FD6C0035FD6FD7BBBA9FD030091B7
:108C6000F35301A9F40300AAF303022AF55B02A956
:108C700016088052F50301AAF76303A9F92300F946
:108C8000000040F9171440924000000B800200F9E8
:108C9000F903172AD602174B1F4022EB820000541B
:108CA000800640F900040091800600F9FF0200F1FF
:108CB000C212537AC801005473020151E10315AA8C
:108CC00098920091B502168B3303130B0003178B98
:108CD000170080D2E20316AACF120094E10318AA6B
:108CE000E00314AA220080524DFAFF97627E0653D9
:108CF000E10315AAE00314AA49FAFF97621600726D
:108D00008001005473667A9280920091F92340F9B1
:108D1000A102138BF35341A90000178BF55B42A905
:108D200042144092F76343A9FD7BC5A8BA12001410
:108D3000F35341A9F55B42A9F76343A9F92340F92D
:108D4000FD7BC5A8C0035FD642000034C3FFFF17F8
:108D5000C0035FD6FD7BBDA9FD030091F35301A9BC
:108D6000F40301AAF30300AA010840A923FC5DD380
:108D7000620C02AA030780D24208C05AE22B00B953
:108D800022F07DD321144092630001CB3FDC00F13F
:108D90004208C05AE22F00B9020F80D2420001CB34
:108DA0004280839AE10000D021F01891E7FFFF97FD
:108DB000E1A30091E00313AA02018052A7FFFF97ED
:108DC000604E4039800200396026407980060039C3
:108DD000601240B9007C0853800A0039601240B923
:108DE000800E0039605E403980120039602E407973
:108DF00080160039601640B9007C0853801A00398B
:108E0000601640B9801E0039606E403980220039FA
:108E10006036407980260039601A40B9007C0853DA
:108E2000802A0039601A40B9802E0039607E4039AE
:108E300080320039603E407980360039601E40B98A
:108E4000007C0853803A0039601E40B9803E0039EA
:108E5000608E403980420039604640798046003952
:108E6000602240B9007C0853804A0039602240B932
:108E7000804E0039F35341A9FD7BC3A8C0035FD6E0
:108E8000FD7BB5A9FD030091F35301A9F30300AAEB
:108E90007442218BE0230191F55B02A9F603032ABA
:108EA000F71B00F9F70302AACEF9FF977F0214EB34
:108EB00023010054E10317AAE0230191A6FFFF97C5
:108EC000F35341A9F55B42A9F71B40F9FD7BCBA801
:108ED000C0035FD6950213CBE10313AADF02156B23
:108EE000E0230191D532951AE203152A73C2358B1E
:108EF00096FFFF9712F6FF97EDFFFF17FD7BB5A9D1
:108F0000FD030091F35301A9F30300AA7442218BDE
:108F1000E0230191F55B02A9F603032AF71B00F990
:108F2000F70302AA150000947F0214EB23010054FA
:108F3000E10317AAE02301915D080094F35341A9CE
:108F4000F55B42A9F71B40F9FD7BCBA8C0035FD6B8
:108F5000950213CBE10313AADF02156BE023019105
:108F6000D532951AE203152A73C2358B4D08009449
:108F7000F3F5FF97EDFFFF17E1CC9C521F7C002912
:108F80002141AD72010800B9A1D09552E16CB772D0
:108F9000010C00B9416E9E52C18DA772011000B93B
:108FA00041A79E52E1A9B472011400B9E14F8A525F
:108FB000C121AA72011800B981118D52A160B3724A
:108FC000011C00B961359B5261F0A372012000B908
:108FD00021A39952017CAB72012400B9C0035FD672
:108FE000C2FE0034FD7BB9A942040051FD0300918B
:108FF000F35301A9F55B02A9F76303A9F96B04A96F
:10900000FB7305A9E26F00B92200403921000191EC
:1090100023105C3837305C3838705C38432003AA42
:1090200022205C383AB05C3839F05C38624002AAE1
:1090300023505C38576017AA22405C3834305D38C2
:10904000F70AC05A33705D38422003AA23605C38A7
:109050003EB05D3831F05D38424003AA23905C3861
:10906000586018AA22805C38180BC05A422003AA04
:1090700023A05C38424003AA23D05C385A601AAA65
:1090800022C05C385A0BC05A422003AA23E05C3845
:10909000424003AA23105D38596019AA22005D38A6
:1090A000390BC05A422003AA23205D38424003AA4C
:1090B00023505D38546014AA22405D38940AC05A87
:1090C000422003AA23605D38424003AA23905D3802
:1090D000536013AA22805D38730AC05A422003AA43
:1090E00023A05D38424003AA23D05D385E601EAAEB
:1090F00022C05D38DE0BC05A422003AA23E05D384F
:10910000424003AA516011AA22005E3823105E3843
:10911000310AC05A30305E382F705E38422003AAC0
:1091200023205E382EB05E382DF05E38424003AA10
:1091300023505E38506010AA22405E382B305F38D2
:10914000100AC05A2A705F38422003AA23605E3892
:109150002CB05F3836F05F38424003AA23905E3867
:109160004F600FAA22805E38EF09C05A422003AA3E
:1091700023A05E38424003AA23D05E384E600EAA78
:1091800022C05E38CE09C05A422003AA23E05E38CE
:10919000424003AA23105F384D600DAA22005F38B9
:1091A000AD09C05A422003AA23205F38424003AAD7
:1091B00023505F384B600BAA22405F386B09C05ABE
:1091C000422003AA23605F38424003AA23905F38FD
:1091D0004A600AAA22805F384A09C05A422003AA7C
:1091E00023A05F38424003AA23D05F384C600CAA0A
:1091F00022C05F388C09C05A422003AA23E05F389E
:10920000424003AA566016AA021840B9042040B989
:10921000D60AC05A07184129432C82136318C24A40
:109220006364C24A021C40B94200044A041840B9AF
:109230004200040A042040B94200044A04F3855263
:109240006200020B032440B94451A8726300040B6E
:10925000040C40B94200030B031440B94200170B41
:10926000F701170B6900020B030840B9653483133B
:10927000A508C34AA558C34A6300042A041040B98C
:109280006300040A040840B98400060A6300042A43
:1092900024928852A500030BE426AE72A500020BAF
:1092A000020C43294200034A4200090A4200034AD1
:1092B000032040B94200180B6300040BA43485134B
:1092C0004200030B232D89136318C94A8408C54A39
:1092D0006364C94A8458C54A4200030B031040B96D
:1092E0006800020B030840B96300052A6300060A00
:1092F000060840B9C600050A6300062AE6799F52AF
:109300008400030B031840B98400020B021840B913
:1093100006B8B6724200094A4200080A4200034AEF
:10932000031C40B942001A0B6300060BA600042A76
:109330004200030B032D88136318C84AC600070AAE
:109340006364C84AA700040A4200030B030C40B937
:10935000C600072A2701084A7B00020B83348413C6
:109360006308C44AE7001B0A6358C44AE700094A75
:109370006300060BA6749B526300020B021840B9EF
:10938000E700190BA636BD724200060B9500032AB2
:10939000E700020B622F9B134218DB4A9C00030A72
:1093A0004264DB4AB502050AE700020B020840B935
:1093B000B5021C2A4600070B623483134208C34AD5
:1093C0004258C34A4200150B4200070B07011B4AD3
:1093D000E700060A7500022AE700084A7C00020A34
:1093E000E700090B694B9852C92AA7728902090B39
:1093F000E700090BC92C86132919C64AB502040ACD
:109400002965C64AB5021C2AE700090B49348213B4
:109410002909C24AA500070B2959C24A2901150B7F
:109420002901070B6703064AE700050A5500092AC8
:10943000E7001B4A5C00090AE700080B283E82523D
:10944000283EAB726802080BE700080BA82C8513B6
:109450000819C54AB502030A0865C54AB5021C2A9F
:10946000E700080B283589130809C94A8400070B4F
:109470000859C94A0801150BD500054AB502040A66
:109480000801070BB502064A87549052B5021B0B20
:10949000E747B272C703070B3B01082AB502070B67
:1094A000872C8413E718C44A3C01080AE764C44ABD
:1094B0007B03020AB502070B07358813E708C84A81
:1094C0007B031C2AE758C84A6300150BE7001B0BF7
:1094D000E700150BB500044AB502030A1B01072A71
:1094E000B502054A1C01070AB502060BA6DA8B5223
:1094F0008663B5722602060BB502060B662C831333
:10950000C618C34A7B03090AC664C34A7B031C2AE4
:10951000B502060BE6348713C608C74A4200150B8E
:10952000C658C74AC6001B0BC600150B9500034A58
:10953000B502020AFB00062AB502044AFC00060A2C
:10954000B502050B05539552E500BB720502050BEC
:10955000B502050B452C8213A518C24A7B03080AE5
:10956000A564C24A7B031C2AB502050BC5348613C9
:10957000A508C64A2901150BA558C64AA5001B0B0C
:10958000A500150B7500024AB502090ADB00052A81
:10959000B502034ADC00050AB502040B24608B52B5
:1095A0006450A272E401040BB502040B242D89134C
:1095B0008418C94A7B03070A8464C94A7B031C2AAE
:1095C000B502040BA43485138408C54A0801150BA1
:1095D0008458C54A84001B0B8400150B5500094AAA
:1095E000B502080ABB00042AB502024ABC00040AFC
:1095F000B502030BC3B790522386A472C301030BB9
:10960000B502030B032D88136318C84A7B03060AAF
:109610006364C84A7B031C2AB502030B833484139A
:109620006308C44AE700150B6358C44A63001B0B68
:109630006300150B3501084AB502070A9B00032A8F
:10964000B502094A9C00030AB502020B62B88F52A8
:1096500082A1AA72A201020BB502020BE22C8713AF
:109660004218C74A7B03050A4264C74A7B031C2A87
:10967000B502020B623483134208C34AC600150BBD
:109680004258C34A42001B0B4200150B1501074A02
:10969000B502060A7B00022AB502084A7C00020ACB
:1096A000B502090B89AE8B52C957AE726901090B1D
:1096B000B502090BC92C86132919C64A7B03040A73
:1096C0002965C64A7B031C2AB502090B493482135B
:1096D0002909C24AA500150B2959C24A29011B0BA9
:1096E0002901150BF500064AB502050A5B00092A97
:1096F000B502074A5C00090AB502080BC83F96523A
:10970000C81BB0724801080BB502080BA82C8513C2
:109710000819C54A7B03030A0865C54A7B031C2A4E
:10972000B502080B283589130809C94A8400150BAE
:109730000859C94A08011B0B0801150BD500054A39
:10974000B502040A3B01082AB502064A3C01080A90
:10975000B502070BE7D48052877BB3728701070BF2
:10976000B502070B872C8413E718C44A7B03020A4F
:10977000E764C44A7B031C2AB502070B073588132C
:10978000E708C84A6300150BE758C84AE7001B0BF7
:10979000E700150BB500044AB502030A1B01072AAE
:1097A000B502054A1C01070AB502060B862E9E5219
:1097B0006633B872C602060BB502060B662C83131D
:1097C000C618C34A7B03090AC664C34A7B031C2A22
:1097D000B502060BE6348713C608C74A4200150BCC
:1097E000C658C74AC6001B0B9B4D8C13C600150BF1
:1097F000154B98137B47CC4AB51ED84A7B2B4C4A55
:10980000B50E584A7503150BFB00062AB502170B57
:109810009700034AF702020AFC00060AF702044A0C
:109820007B03080AF702050B25388D526593BC723D
:10983000A502050BF702050B452C8213A518C24A99
:109840007B031C2AA564C24AD801180BF702050B3A
:10985000C5348613A508C64A2901170BA558C64A60
:10986000A5001B0BDB4E9613A500170B574B9A1345
:109870007B47D64AF71EDA4A7B2B564AF70E5A4ADE
:109880007703170BDB00052AF702180B7800024A52
:109890001803090ADC00050A1803034A7B03070AB8
:1098A0001803040BC4F08852C4F7BD72E402040B21
:1098B0001803040B242D89138418C94A7B031C2A1E
:1098C0008464C94ABA011A0B1803040BA434851323
:1098D0008408C54A0801180B8458C54A84001B0B2C
:1098E000BB4E95138400180B384B99137B47D54A10
:1098F000181FD94A7B2B554A180F594A7803180B61
:10990000BB00042A18031A0B5A00094A5A03080A12
:10991000BC00040A5A03024A7B03060A5A03030BDB
:10992000C3B8935223F8A1720303030B5A03030B2A
:10993000032D88136318C84A7B031C2A6364C84A32
:109940007901190B5A03030B833484136308C44A47
:10995000E7001A0B6358C44A63001B0BFB4E9713B6
:1099600063001A0B9A4A94137B47D74A5A1FD44A6A
:109970007B2B574A5A0F544A7A031A0B9B00032A2F
:109980005A03190B3901084A3903070A9C00030AD4
:109990003903094A7B03050A3903020B82399452C1
:1099A0008281A4724203020B3903020BE22C87135B
:1099B0004218C74A7B031C2A4264C74A5401140B4D
:1099C0003903020B623483134208C34AC600190BE1
:1099D0004258C34A42001B0B1B4F98134200190BFD
:1099E000794A93137B47D84A391FD34A7B2B584A6D
:1099F000390F534A7903190B7B00022A3903140BE0
:109A00001401074A9402060A7C00020A9402084ADA
:109A10007B03040A9402090BE98D855229BDA572C6
:109A20002903090B9402090BC92C86132919C64A6C
:109A30007B031C2A2965C64A9301130B9402090B68
:109A4000493482132909C24AA500140B2959C24A74
:109A500029011B0B5B4F9A132901140BD44B9E1346
:109A60007B47DA4A941EDE4A7B2B5A4A940E5E4AA2
:109A70007403140B5B00092A9402130BF300064ACB
:109A80007302050A5C00090A7302074A7B03030A92
:109A90007302080B48959052884EA9728802080BF1
:109AA0007302080BA82C85130819C54A7B031C2ACE
:109AB0000865C54ADE021E0B7302080B28358913A0
:109AC0000809C94A8400130B0859C94A08011B0B2D
:109AD0003B4F99130801130B334A91137B47D94A23
:109AE000731ED14A7B2B594A730E514A7303130BD1
:109AF0003B01082A73021E0BDE00054ADE03040A3E
:109B00003C01080ADE03064A7B03020ADE03070B58
:109B1000873B95520796AB726702070BDE03070B74
:109B2000872C8413E718C44A7B031C2AE764C44AC1
:109B3000DE03070B07358813E708C84A63001E0BCE
:109B4000E758C84AE7001B0B1B4A90137B1FD04AFB
:109B5000E7001E0B7B0F504A9E4E94137B03110BA4
:109B6000DE47D44AB100044ADE2B544A3102030ACC
:109B7000DE03150B3102054ADE031B0B3102060B17
:109B8000461B915226DFAE72C603060B3102060B4E
:109B9000662C8313C618C34A1B01072AC664C34A2E
:109BA0001C01070A3102060BE6348713C608C74AB0
:109BB0007B03090A7B031C2AC658C74AC6001B0B35
:109BC0004200110BC600110BF1498F13311ECF4A11
:109BD000FB00062A310E4F4AFC00060A3102100B28
:109BE000704E93131046D34A7B03080A102A534A37
:109BF0007B031C2A1002170B3102100B9000034A42
:109C00001002020A1002044A1002050B452A8A5269
:109C1000C507B3722502050B1002050B452C8213F4
:109C2000A518C24AA564C24A1002050BC5348613A2
:109C3000A508C64A2901100BA558C64AA5001B0B4A
:109C4000A500100BD0498E13101ECE4ADB00052A4A
:109C5000100E4E4ADC00050A10020F0BCF4F9E1368
:109C6000EF45DE4A7B03070AEF295E4A7B031C2A85
:109C7000EF01180B10020F0B6F00024AEF01090AE7
:109C8000EF01034AEF01040BA4CD98522406B572EC
:109C90000402040BEF01040B242D89138418C94A14
:109CA0008464C94AEF01040BA43485138408C54AAF
:109CB00008010F0B8458C54A84001B0B84000F0B4E
:109CC000AF498D13EF1DCD4ABB00042AEF0D4D4A5D
:109CD000BC00040AEF010E0B2E4E9113CE45D14A63
:109CE0007B03060ACE29514A7B031C2ACE011A0B9C
:109CF000EF010E0B4E00094ACE01080ACE01024ABE
:109D0000CE01030B03F984526300B672E301030B27
:109D1000CE01030B032D88136318C84A6364C84A35
:109D2000CE01030B833484136308C44AE7000E0B8F
:109D30006358C44A63001B0B63000E0B6E498B1300
:109D4000CE1DCB4A9B00032ACE0D4B4A9C00030A32
:109D5000CE010D0B0D4E9013AD45D04A7B03050A85
:109D6000AD29504A7B031C2AAD01190BCE010D0B06
:109D70002D01084AAD01070AAD01094AAD01020BE8
:109D8000E2F88F5222EBB772C201020BAD01020B57
:109D9000E22C87134218C74A4264C74AAD01020B3E
:109DA000623483134208C34AC6000D0B4258C34AAB
:109DB00042001B0B5B498A137B1FCA4A42000D0BF2
:109DC0007B0F4A4AED4D8F137B030B0BAD45CF4AFA
:109DD0000B01074AAD294F4A6B01060AAD01140B6E
:109DE0006B01084AAD011B0B6B01090B697E8152A7
:109DF00009DCB872A901090B6B01090BC92C861388
:109E00002919C64A7B00022A2965C64A7C00020A33
:109E10006B01090B493482132909C24A7B03040AE6
:109E20007B031C2A2959C24A29011B0BA5000B0BD5
:109E300029010B0B8B498C136B1DCC4A5B00092A43
:109E40006B0D4C4A5C00090A6B010A0BCA4D8E135C
:109E50004A45CE4A7B03030A4A294E4A7B031C2A01
:109E60004A01130B6B010A0BEA00064A4A01050A74
:109E70004A01074A4A01080BE8289252E8B4BA722C
:109E80006801080B4A01080BA82C85130819C54A5C
:109E90000865C54A4A01080B283589130809C94ACB
:109EA00084000A0B0859C94A08011B0B08010A0B58
:109EB000CA4A96134A1DD64A3B01082A4A0D564AF9
:109EC0003C01080A4A010C0BAC4D8D138C45CD4A60
:109ED0007B03020A8C294D4A7B031C2A8C011E0B32
:109EE0004A010C0BCC00054A8C01040A8C01064A7D
:109EF0008C01070B276A8C5247D9A0724701070BC8
:109F00008C01070B872C8413E718C44AE764C44A02
:109F10008C01070B07358813E708C84A63000C0B50
:109F2000E758C84AE7001B0BE7000C0BAC4A951337
:109F30008C1DD54A1B01072A8C0D554A1C01070AA6
:109F40008C01160B764D8B13D646CB4A7B03090A40
:109F5000D62A4B4A7B031C2AD602110B8C01160B06
:109F6000B600044AD602030AD602054AD602060BF8
:109F7000E62C85522685A2728601060BD602060BB8
:109F8000662C8313C618C34AC664C34AD602060B9E
:109F9000E6348713C608C74A4200160BC658C74A9C
:109FA000C6001B0BC600160BF64A9713D61ED74ADF
:109FB000FB00062AD60E574AFC00060AD602150BED
:109FC000554D8A13B546CA4A7B03080AB52A4A4A40
:109FD0007B031C2AB502100BD602150B9500034A11
:109FE000B502020AB502044AB502050BA55081521A
:109FF000E5F6A472C502050BB502050B452C8213CC
:10A00000A518C24AA564C24AB502050BC534861319
:10A01000A508C64A2901150BA558C64AA5001B0B61
:10A02000A500150B154B9813B51ED84ADB00052A61
:10A03000B50E584ADC00050AB502170B974D8C1374
:10A04000F746CC4A7B03070AF72A4C4A7B031C2AB3
:10A05000F7020F0BB502170B7700024AF702090A45
:10A06000F702034AF702040B0427845264C3A57263
:10A07000A402040BF702040B242D89138418C94A87
:10A080008464C94AF702040BA43485138408C54AC2
:10A090000801170B8458C54A84001B0B8400170B5A
:10A0A000574B9A13F71EDA4ABB00042AF70E5A4A96
:10A0B000BC00040AF702180BD84E96131847D64A6C
:10A0C0007B03060A182B564A7B031C2A18030E0B27
:10A0D000F702180B5800094A1803080A1803024A25
:10A0E0001803030B83BF8D5283A5A972E302030BF0
:10A0F0001803030B032D88136318C84A6364C84A06
:10A100001803030B833484136308C44AE700180B55
:10A110006358C44A63001B0B6300180B384B991338
:10A12000181FD94A9B00032A180F594A9C00030A9A
:10A1300018031A0BBA4E95135A47D54A7B03050AE2
:10A140005A2B554A7B031C2A5A030D0B18031A0B72
:10A150003A01084A5A03070A5A03094A5A03020BEA
:10A1600062A281520267AA720203020B5A03020B17
:10A17000E22C87134218C74A4264C74A5A03020BAB
:10A18000623483134208C34AC6001A0B4258C34ABA
:10A1900042001B0B42001A0B9A4A94135A1FD44ACE
:10A1A0007B00022A5A0F544A7C00020A5A03190BF8
:10A1B000F94E97133947D74A7B03040A392B574A7C
:10A1C0007B031C2A39030B0B5A03190B1901074A8D
:10A1D0003903060A3903084A3903090B896A8E5282
:10A1E00049A1AC724903090B3903090BC92C861329
:10A1F0002919C64A2965C64A3903090B493482130D
:10A200002909C24AA500190B2959C24A29011B0B69
:10A210002901190B794A9313391FD34A5B00092A84
:10A22000390F534A5C00090A3903140B144F981371
:10A230009446D84A7B03030A942A584A7B031C2A73
:10A2400094020A0B3903140BF400064A9402050A1F
:10A250009402074A9402080B6857815248CDAE72A7
:10A260002803080B9402080BA82C85130819C54A6B
:10A270000865C54A9402080B283589130809C94A9C
:10A280008400140B0859C94A08011B0B0801140B60
:10A29000D44B9E13941EDE4A3B01082A940E5E4A5C
:10A2A0003C01080A9402130B534F9A137346DA4A7F
:10A2B0007B03020A732A5A4A7B031C2A73020C0B83
:10A2C0009402130BD300054A7302040A7302064A70
:10A2D0007302070BC72599524738B0728702070BE4
:10A2E0007302070B872C8413E718C44AE764C44A37
:10A2F0007302070B07358813E708C84A6300130B7E
:10A30000E758C84AE7001B0B3B4F9913E700130BB4
:10A31000334A9113731ED14A7B47D94A730E514A6F
:10A320007B2B594A73021E0BBE00044ADE03030A4C
:10A330007B03160BDE03054A73021B0BDE03060BC1
:10A34000A6908552464EB2726602060BDE03060BDD
:10A35000662C8313C618C34A1B01072AC664C34A66
:10A360001C01070ADE03060BE6348713C608C74A3A
:10A370007B03090A7B031C2AC658C74AC6001B0B6D
:10A3800042001E0BC6001E0B1E4A9013DE1FD04A51
:10A39000FB00062ADE0F504AFC00060ADE03110B02
:10A3A000914E94133146D44A7B03080A312A544A09
:10A3B0007B031C2A3102150BDE03110B9100034AAB
:10A3C0003102020A3102044A3102050B25149D5262
:10A3D000E557B472C503050B3102050B452C8213FA
:10A3E000A518C24AA564C24A3102050BC5348613BA
:10A3F000A508C64A2901110BA558C64AA5001B0B82
:10A40000FB498F137B1FCF4AA500110B7B0F4F4ACF
:10A41000714E93137B03100B3146D34A7000024AEE
:10A42000312A534A1002090A3102170B1002034A5B
:10A4300031021B0B1002040B64C98C524403B57229
:10A440002402040B1002040B242D89138418C94A1A
:10A45000DB00052A8464C94ADC00050A1002040BEB
:10A46000A43485138408C54A7B03070A7B031C2A8E
:10A470008458C54A84001B0B0801100B8400100B84
:10A48000D0498E13101ECE4ABB00042A100E4E4A2D
:10A49000BC00040A10020F0BCF4F9E13EF45DE4A9B
:10A4A0007B03060AEF295E4A7B031C2AEF01180B87
:10A4B00010020F0B4F00094AEF01080AEF01024A90
:10A4C000EF01030B036E91526349B8720302030B51
:10A4D000EF01030B032D88136318C84A6364C84A4D
:10A4E000EF01030B833484136308C44AE7000F0BA6
:10A4F0006358C44A63001B0B63000F0BAF498D13F5
:10A50000EF1DCD4A9B00032AEF0D4D4A9C00030A24
:10A51000EF010E0B2E4E9113CE45D14A7B03050A57
:10A52000CE29514A7B031C2ACE011A0BEF010E0BD8
:10A530002E01084ACE01070ACE01094ACE01020BBC
:10A5400062348A5282EDB872E201020BCE01020B34
:10A55000E22C87134218C74A4264C74ACE01020B55
:10A56000623483134208C34AC6000E0B4258C34AE2
:10A5700042001B0B42000E0B6E498B13CE1DCB4AC3
:10A580007B00022ACE0D4B4A7C00020ACE010D0B45
:10A590000D4E9013AD45D04A7B03040AAD29504AB5
:10A5A0007B031C2AAD01190BCE010D0B0D01074ACF
:10A5B000AD01060AAD01084AAD01090B29039D5200
:10A5C0004932BA72C901090BAD01090BC92C8613B6
:10A5D0002919C64A2965C64AAD01090B49348213B7
:10A5E0002909C24AA5000D0B2959C24A29011B0B92
:10A5F00029010D0B4D498A13AD1DCA4A5B00092A7A
:10A60000AD0D4A4A5C00090AAD010B0BEB4D8F13EF
:10A610006B45CF4A7B03030A6B294F4A7B031C2AF5
:10A620006B01140BAD010B0BEB00064A6B01050A25
:10A630006B01074A6B01080B88C4805228D3BA7299
:10A64000A801080B6B01080BA82C85130819C54A33
:10A650000865C54A6B01080B283589130809C94AE2
:10A6600084000B0B0859C94A08011B0B08010B0B8E
:10A670008B498C136B1DCC4A3B01082A6B0D4C4A4D
:10A680003C01080A6B010A0BCA4D8E134A45CE4A9B
:10A690007B03020A4A294E4A7B031C2A4A01130BF8
:10A6A0006B010A0BCA00054A4A01040A4A01064A1C
:10A6B0004A01070BA7B08652C781BE726701070B1C
:10A6C0004A01070B872C8413E718C44AE764C44A7D
:10A6D0004A01070B07358813E708C84A63000A0BCD
:10A6E000E758C84AE7001B0BE7000A0BCA4A961353
:10A6F0004A1DD64A1B01072A4A0D564A1C01070A61
:10A700004A010C0BAC4D8D138C45CD4A7B03090AD5
:10A710008C294D4A7B031C2A8C011E0B4A010C0B11
:10A72000AC00044A8C01030A8C01054A8C01060B1B
:10A73000060E9452460DA2724601060B8C01060BC2
:10A74000662C8313C618C34AC664C34A8C01060B21
:10A75000E6348713C608C74A42000C0BC658C74ADE
:10A76000C6001B0BC6000C0BAC4A95138C1DD54ABA
:10A77000FB00062A8C0D554AFC00060A8C01160BBC
:10A78000764D8B13D646CB4A7B03080AD62A4B4A12
:10A790007B031C2AD602110B8C01160B9600034A70
:10A7A000D602020AD602044AD602050BC5229852E6
:10A7B0008534A3728501050BD602050B452C821347
:10A7C000A518C24AA564C24AD602050BC534861331
:10A7D000A508C64A2901160BA558C64AA5001B0B99
:10A7E000A500160BF64A9713D61ED74ADB00052A9A
:10A7F000D60E574ADC00050AD602150B554D8A13B2
:10A80000B546CA4A7B03070AB52A4A4A7B031C2A73
:10A81000B502100BD602150B7500024AB502090AE3
:10A82000B502034AB502040B04818D52E4C6A3723B
:10A83000C402040BB502040B242D89138418C94AE1
:10A840008464C94AB502040BA43485138408C54A3C
:10A850000801150B8458C54A84001B0B8400150B96
:10A86000154B9813B51ED84ABB00042AB50E584A9A
:10A87000BC00040AB502170B974D8C13F746CC4A5F
:10A880007B03060AF72A4C4A7B031C2AF7020F0BAC
:10A89000B502170B5700094AF702080AF702024AE5
:10A8A000F702030B83E98E5203E9A472A302030BA0
:10A8B000F702030B032D88136318C84A6364C84A60
:10A8C000F702030B833484136308C44AE700170BB1
:10A8D0006358C44A63001B0B6300170B574B9A1352
:10A8E000F71EDA4A9B00032AF70E5A4A9C00030A15
:10A8F000F702180BD84E96131847D64A7B03050A61
:10A90000182B564A7B031C2A18030E0BF702180B50
:10A910003801084A1803070A1803094A1803020BEA
:10A92000A29697520296A672E202020B1803020B3D
:10A93000E22C87134218C74A4264C74A1803020B25
:10A94000623483134208C34AC600180B4258C34AF4
:10A9500042001B0B4200180B384B9913181FD94AA1
:10A960007B00022A180F594A7C00020A18031A0BAE
:10A97000BA4E95135A47D54A7B03040A5A2B554AB7
:10A980007B031C2A5A030D0B18031A0B1A01074AE2
:10A990005A03060A5A03084A5A03090B6996815258
:10A9A0008923A7720903090B5A03090BC92C8613C3
:10A9B0002919C64A2965C64A5A03090BA9001A0B68
:10A9C00045348213A508C24AA558C24AA5001B0BEC
:10A9D000A5001A0B9A4A94135A1FD44A5B00052A01
:10A9E0005A0F544A5C00050A5903190BFA4E971383
:10A9F0005A47D74A7B03030A5A2B574A7B031C2A20
:10AA00005A030B0B39031A0BFA00064A5A03090AB8
:10AA10005A03074A5A03080B4849955208DBA972A2
:10AA20002803080B5A03080B282D89130819C94A53
:10AA30000865C94A5A03080B88001A0BA434851309
:10AA40008408C54A8458C54A84001B0B1B4F9813C1
:10AA500084001A0B7A4A93135A1FD34A7B47D84A69
:10AA60005A0F534A7B2B584A7B030A0B5A03140B89
:10AA700074031A0BDA00094A5A03080ABB00042AB5
:10AA80005A03064ABC00040A4703070BFA499952C5
:10AA90009A73AB729A021A0BE7001A0B1A2D8813DD
:10AAA0005A1BC84A7B03020A5A67C84A7B031C2AFE
:10AAB000E7001A0B7A00070B833484136308C44A37
:10AAC0006358C44A63001B0B6300070BC74B9E13FC
:10AAD000E71CDE4A9B00032AE70C5E4A9C00030A3F
:10AAE000E700130B334F99137346D94A7B03050ACA
:10AAF000732A594A7B031C2A73020C0BE700130BC1
:10AB00003301084A73021A0A7302094A7302060BD8
:10AB100066FE8D52C605AD72E600060B7302060B8B
:10AB2000462F9A13C618DA4AC664DA4A7302060B2D
:10AB30004600130B623483134208C34A4258C34A87
:10AB400042001B0B9B4E94137B47D44A4200130BCD
:10AB50007B2B544A334A91137B03160B731ED14A45
:10AB600016011A4A730E514AD602060A73021E0BC8
:10AB7000D602084A73021B0BD602090BC95D90521C
:10AB8000E991AE726902090BD602090BC92C861332
:10AB90002919C64A7B00022A2965C64A7C00020A96
:10ABA000D602090B493482132909C24A7B03040ADD
:10ABB0002959C24A7B031C2A29011B0BA500160B2D
:10ABC0002901160B164A9013D61ED04A5B00090ABB
:10ABD000D60E504AD102110BF64C8713D646C74AFF
:10ABE000D62A474AD602150B5503064AB502050A6E
:10ABF0003102160BB5021A4A5600092AB502080B93
:10AC0000E86D8C52A814AF722802080BB502080B2D
:10AC1000A82C85130819C54AD602030A0865C54A37
:10AC2000D6021B2AB502080B283589130809C94A20
:10AC30008400150B0859C94A0801160BD600054AAD
:10AC40000801150BF5498F13B51ECF4AD602040A29
:10AC5000B50E4F4AD602064AB502100B704E93133A
:10AC60001046D34AD6021A0B102A534A3A01080A50
:10AC70001002170B3701082AB502100B90028F52F1
:10AC80001099B072B002100BD602100B902C8413E6
:10AC9000101AC44AF702020A1066C44AF7021A2AB6
:10ACA000D602100B10358813100AC84A6300160B21
:10ACB000105AC84A1002170B1002160BD6498E13F1
:10ACC000D61ECE4A1701100AD60E4E4ACF020F0BDF
:10ACD000364E9113D646D14AD12A514A1601102A2E
:10ACE0003102180BD602090AEF01110BB100044A18
:10ACF0003102030AD602172A3102054A3102060B35
:10AD000006418052E698B172E601060B3102060B4D
:10AD1000662C8313C618C34AC664C34A3102060BA5
:10AD200006369013C608D04A4200110BC658D04AC6
:10AD3000C600160BC600110BB1498D13311ECD4A4A
:10AD40001602060A310E4D4A2E020E0BB14E951315
:10AD50003146D54A352A554A9100034A3102020A42
:10AD6000B502190B3102044ACE01150B3102050B55
:10AD700045FF9F52C517B272C501050B3102050B85
:10AD8000452C8213A518C24A1502062AA564C24A98
:10AD9000B502080A3102050BC5348613A508C64A58
:10ADA000B502162AA558C64A2901110BA500150B94
:10ADB000A500110B71498B13311ECB4A310E4B4A42
:10ADC0002D020D0BF14D8F133146CF4A2F2A4F4ADA
:10ADD000D100052AEF01140B3102100AAD010F0B4F
:10ADE0006F00024AEF01090AD400050AEF01034A85
:10ADF0003102142AEF01040B649D8D52048AB4724F
:10AE0000A401040BEF01040B242D89138418C94AF3
:10AE10008464C94AEF01040BA43485138408C54A2D
:10AE200008010F0B8458C54A8400110B84000F0BD6
:10AE30004F498A13EF1DCA4AEF0D4A4AE701070B33
:10AE4000EF7E94522FDFB7726B010F0BEB000B0BF1
:10AE5000C74D8E13E744CE4AEE284E4A4700094AB2
:10AE6000CE01030B032D88136318C84AE700080AB4
:10AE7000E700024A6364C84A6300070B6E010E0BC9
:10AE8000CE01030BA700042AE700060A83348413CB
:10AE90006308C44AAB00040AE7000B2A6358C44A9B
:10AEA0006300070B87498C13E71CCC4A10020E0B7A
:10AEB000EC0C4C4A471E8F5227CEB8724A01070B42
:10AEC0008C01130BA74D8D13E744CD4A63000E0B85
:10AED000ED284D4A2701084AAD01020B022E9013BE
:10AEE0004218D04AE700100A8A010A0BE700094A13
:10AEF0004264D04A4D010D0B4200070B67348313A7
:10AF0000AD01020B8200032AE708C34A4200050A8A
:10AF10008A00030AE758C34A42000A2AE200020BE9
:10AF2000070840B9E7000D0B4200070B020800B903
:10AF3000020C40B94200030B020C00B9021040B9E8
:10AF40004200040B021000B9021440B94200050B84
:10AF5000021400B9021840B94200060B42000D0B62
:10AF6000021800B9021C40B94200100B021C00B9C3
:10AF7000022040B94200080B022000B9022440B967
:10AF80004200090B022400B9E26F40B942040051AB
:10AF9000E26F00B95F0400318103FF54F35341A90C
:10AFA000F55B42A9F76343A9F96B44A9FB7345A973
:10AFB000FD7BC7A8C0035FD6C0035FD6FD7BBCA9DD
:10AFC000FD030091F35301A9F40300AAF303022A3D
:10AFD000F55B02A9F60301AAF76303A917088052DB
:10AFE000000040B9151400120000022B800200B9C5
:10AFF000F702154B83000054800640B9000400118D
:10B00000800600B9BF020071E212537AE8010054D1
:10B01000E10316AA73020151D602178B98A2009180
:10B02000E003152AB302130B15008052E20317AA9E
:10B030000003008BF8090094E10318AAE00314AAA6
:10B0400022008052E7F7FF97627E0653E10316AABB
:10B05000E00314AAE3F7FF97621600728001005420
:10B0600073667A9294A20091E003152AC102138BB1
:10B07000F55B42A98002008BF35341A94214409230
:10B08000F76343A9FD7BC4A8E3090014F35341A966
:10B09000F55B42A9F76343A9FD7BC4A8C0035FD653
:10B0A00042000034C6FFFF17C0035FD6FD7BBDA979
:10B0B00003078052FD030091F35301A9F40301AA91
:10B0C000F30300AA01084029427481134208C05AC0
:10B0D000E22B00B922701D53211400126300014BB2
:10B0E0003FDC00714208C05AE22F00B9020F8052C3
:10B0F0004200014B4280831AE10000F021601E9162
:10B10000E8FFFF97E1A30091E00313AA0201805238
:10B11000ABFFFF97602E40398002003960164079FE
:10B1200080060039600A40B9007C0853800A003963
:10B13000600A40B9800E0039603E40398012003903
:10B14000601E407980160039600E40B9007C0853BB
:10B15000801A0039600E40B9801E0039604E4039B7
:10B16000802200396026407980260039601240B97B
:10B17000007C0853802A0039601240B9802E0039C3
:10B18000605E403980320039602E40798036003967
:10B19000601640B9007C0853803A0039601640B907
:10B1A000803E0039606E4039804200396036407917
:10B1B00080460039601A40B9007C0853804A003943
:10B1C000601A40B9804E0039607E403980520039A3
:10B1D000603E407980560039601E40B9007C0853BB
:10B1E000805A0039601E40B9805E0039608E403957
:10B1F000806200396046407980660039602240B93B
:10B20000007C0853806A0039602240B9806E0039A2
:10B21000609E403980720039604E407980760039F6
:10B22000602640B9007C0853807A0039602640B916
:10B23000807E0039F35341A9FD7BC3A8C0035FD6CC
:10B24000010040B900BA8152C0BFBD723F00006B1F
:10B250000001801200109F1AC0035FD6E100F8378A
:10B260002200022BA2000054032440B96308C05AF4
:10B270005F00036B69000054000080D205000014D9
:10B28000020840B94208C05A41C0218B0000018B1E
:10B29000C0035FD6FD7BBFA9E60302AAE2008012CD
:10B2A000FD030091C20000B9E503012A241000113A
:10B2B000E80300AA82008052E9FFFF97010040B92D
:10B2C00040018012C00000B90060A0522708C05A97
:10B2D0003F00006BC0030054FF0C00716801005474
:10B2E0000020A0523F00006BA00100540040A0527B
:10B2F0003F00006B4002005427018052E003072A00
:10B30000FD7BC1A8C0035FD60080A0523F00006B48
:10B31000600100540020A152F6FFFF17E103042A48
:10B3200022008052E00308AA8400020BCCFFFF97A2
:10B33000600000B40000403920FFFF35840C00118C
:10B3400084741E12C40000B9EDFFFF17E103042A44
:10B35000E00308AA82008052C1FFFF97040040B9B1
:10B36000A53000118408C05AA400040BF4FFFF1795
:10B37000FD7BBEA9FD030091E11F00B98100F836F5
:10B3800060008012FD7BC2A8C0035FD6E203012AE1
:10B390005F0440F261FFFF54E2730091BEFFFF972C
:10B3A0001F040071E1FEFF54E01F40B9F6FFFF17D4
:10B3B000FD7BBEA9FD030091E11F00B98100F836B5
:10B3C00060008012FD7BC2A8C0035FD6E203012AA1
:10B3D0005F0440F261FFFF54E2730091AEFFFF97FC
:10B3E0001F0C0071E1FEFF54E01F40B9F6FFFF178C
:10B3F000FD7BBEA9EB0300AAEA0302AAFD030091AC
:10B40000FF1F00B9A100F837DAFFFF97E01F00B96E
:10B41000E903002A0002F837E91F40B9E2730091FE
:10B42000E0030BAAE103092A9BFFFF971F080071A5
:10B43000800100541F240071200200541F04007179
:10B44000C1FEFF548A0000B4400140B9000400115D
:10B45000400100B9E003092AFD7BC2A8C0035FD602
:10B46000CAFDFFB4410140B921040051410100B9B6
:10B4700041FDFF36E91F40B9F7FFFF17E91F40B94B
:10B48000C900F8363F21003161FEFF545F0100F131
:10B4900029119F5AF0FFFF1709008012EEFFFF17D6
:10B4A000FD7BBEA9FD030091E2730091FF1F00B96F
:10B4B000D0FFFF97C000F837E11F40B93F0400718B
:10B4C00000009F5AFD7BC2A8C0035FD60000801217
:10B4D000FDFFFF17FD7BBEA9EC0300AA20008052F0
:10B4E000FD030091E01F00B9E2730091E0030CAA94
:10B4F000C0FFFF97E103002A2001F837E01F40B9A1
:10B500001F000071CD0000541F040071E1FEFF54C4
:10B51000E003012AFD7BC2A8C0035FD601008012B0
:10B52000FCFFFF17FD7BBDA9FD030091F35301A9AB
:10B53000F30300AA347C4093E00302AAF55B02A95E
:10B54000F50302AA670800940004001194C220CBFE
:10B55000167C40937402148B7F0214EBE9000054B4
:10B56000130080D2F55B42A9E00313AAF35341A96B
:10B57000FD7BC3A8C0035FD6E20316AAE10315AAA8
:10B58000E00313AAD7080094E0FEFF34730600918D
:10B59000F2FFFF17021040B94208C05A41D0218B78
:10B5A0000000018BC0035FD6030840B96308C05A8E
:10B5B00061C0218B0000018B820000B4010440B9FE
:10B5C0002108C05A410000B9C0035FD6FD7BBDA968
:10B5D000FD030091F35301A9F40300AAF303012A28
:10B5E000E2B30091E103132AE00314AA2AFFFF97B4
:10B5F0001F0C0071E0000054F32F40B91F240071AC
:10B60000010100547F0200714001801273B2801A60
:10B61000E003132AF35341A9FD7BC3A8C0035FD6FF
:10B620001F100071E0FDFF5413008012F9FFFF1797
:10B63000FD7BBEA9FD030091F35301A9F40302AA07
:10B64000020C40B94208C05A41C0218B1300018B43
:10B65000940000B4E00313AA22080094800200B909
:10B66000E00313AAF35341A9FD7BC2A8C0035FD630
:10B67000020080D2EFFFFF17FD7BBFA9E40302AAFF
:10B68000FD030091C4FFFF97010040F9FD7BC1A8B5
:10B69000210CC0DA810000F9000440F9000CC0DA86
:10B6A000600000F900008052C0035FD6E40300AAE6
:10B6B000FD7BBFA903008052FD030091E103032A33
:10B6C000E00304AAB4FFFF97A00000B5E3008012D6
:10B6D000E003032AFD7BC1A8C0035FD6000440F944
:10B6E00080FFFFB463040011F5FFFF17FD7BBEA9C7
:10B6F000FD030091F35301A9F40302AA020840B923
:10B700004208C05A41C0218B0000018B13100091E8
:10B71000940000B4E00313AAF2070094800200B979
:10B72000E00313AAF35341A9FD7BC2A8C0035FD66F
:10B73000FD7BBBA9FD030091F35301A9F303012A8B
:10B74000747C4093F55B02A9F60300AAF71B00F98D
:10B75000F70302AAFF4B00B9E04B40B90100132ADE
:10B760002101F8361F00007173A29F5AF55B42A9B0
:10B77000E003132AF35341A9F71B40F9FD7BC5A849
:10B78000C0035FD61F040071A1020054E23301918F
:10B79000E103132AE00316AAD5FFFF97F50300AAD9
:10B7A000E00100B4E20314AAE10317AA4D080094D3
:10B7B00060010035A06A7438A0FDFF34E20314AACA
:10B7C000E00317AA0108805252080094800000B5D7
:10B7D000A06A74381F000171A0FCFF54E103132A12
:10B7E000E2230191E00316AA02FFFF97F303002A68
:10B7F000DAFFFF17FD7BBDA9FD030091F35301A9FB
:10B80000F40300AAF30302AAE00302AAF51300F965
:10B81000F503012AB3070094E20313AAE303002A05
:10B82000E103152AE00314AAF35341A9F51340F9E3
:10B83000FD7BC3A8BFFFFF17FD7BBEA9FD030091E1
:10B84000F30B00F9F30300AACAFEFF97C000F83714
:10B85000E103002AE00313AAF30B40F9FD7BC2A821
:10B860005BFFFF17F30B40F9FD7BC2A8C0035FD657
:10B87000FD7BBEA9FD030091F30B00F9F30300AAC1
:10B88000CCFEFF97C000F837E103002AE00313AABB
:10B89000F30B40F9FD7BC2A84DFFFF17F30B40F9F6
:10B8A000FD7BC2A8C0035FD6FD7BBAA9FD03009152
:10B8B000F96B04A97A7C4093F90302AAF35301A916
:10B8C000F55B02A9F60300AAF50304AAF76303A92E
:10B8D000F7031AAAF80305AAD8FFFF97F303002A73
:10B8E0008000F836550400B5140080D21900001409
:10B8F000E20315AAE103132AE00316AA2BFFFF9720
:10B90000F40300AAE2730191E00316AA810A40B988
:10B910002108C05A47FFFF97800000B4E15F40B99B
:10B92000FF02016BA0000054E103132AE00316AAF2
:10B93000D0FFFF97EAFFFF17E2031AAAE10319AA53
:10B94000E807009420FFFF35580000B4130300B946
:10B95000F55B42A9E00314AAF35341A9F76343A995
:10B96000F96B44A9FD7BC6A8C0035FD6A00200B94D
:10B97000DEFFFF170DFFFF17050080D2CBFFFF177B
:10B98000FD7BBDA9FD030091F35301A9F40300AAB7
:10B99000F30302AAE00302AAF55B02A9F60303AAD5
:10B9A000F503012A4F070094E40316AAE303002AD3
:10B9B000E20313AAE103152AF55B42A9E00314AAE6
:10B9C000F35341A9FD7BC3A8ECFFFF17FD7BBEA984
:10B9D000FD030091E5730091B4FFFF97400000B4B0
:10B9E00000300091FD7BC2A8C0035FD6FD7BBEA9DD
:10B9F000E40300AAFD030091F35301A9F40302AA92
:10BA0000E20303AAE9FEFF97F30300AA000100B4D2
:10BA1000D40000B4610A40B9E00304AA2108C05A66
:10BA200014FFFF97800200F973320091E00313AA1C
:10BA3000F35341A9FD7BC2A8C0035FD6FD7BBDA91E
:10BA4000FD030091F35301A9F40300AAF30302AA32
:10BA5000E00302AAF55B02A9F60303AAF503012A93
:10BA600020070094E40316AAE303002AE20313AAC2
:10BA7000E103152AF55B42A9E00314AAF35341A997
:10BA8000FD7BC3A8D2FFFF17FD7BBDA9E20000909C
:10BA900042083191FD030091E3B30091F35301A9F2
:10BAA000F30300AAF403012AE5FFFF97800000B426
:10BAB000E12F40B93F10007160010054E200009096
:10BAC000E3B3009142F03091E103142AE00313AA9A
:10BAD000DBFFFF97200100B4E12F40B93F10007158
:10BAE000C1000054000040B90008C05AF35341A9F6
:10BAF000FD7BC3A8C0035FD600008052FCFFFF1788
:10BB0000FD7BBDA9FD030091F35301A9F40301AA34
:10BB1000F30300AAE100009021283191F51300F908
:10BB2000F503022A4C0000944001F837E103002A93
:10BB3000E303152AF51340F9E20314AAE00313AA5C
:10BB4000040080D2F35341A9FD7BC3A8A0FFFF17D7
:10BB5000F35341A9000080D2F51340F9FD7BC3A83F
:10BB6000C0035FD6FD7BBCA9427C4093FD030091DE
:10BB7000F35301A9F30301AAF55B02A935C0228B97
:10BB8000F71B00F9F70300AA200040391FBC007121
:10BB9000A0050054E1058052E00313AA5D0700945C
:10BBA0001F0000F11610959AE10313AAC202134B6D
:10BBB000E00317AAD3FFFF97E10300AA800400B4B3
:10BBC000E00317AAF30316AA23000094F403002A43
:10BBD0007F0215EBC2020054F60313AAC0024039DB
:10BBE0001FBC0071E0010054A20216CBE105805297
:10BBF000E00316AA470700941F0000F1E103142A8E
:10BC00001310959AE20316AA6302164BE00317AAD3
:10BC1000C8FEFF97F403002AC0FDFF36040000149D
:10BC2000D6060091BF0216EBA1FDFF54F55B42A9B9
:10BC3000E003142AF35341A9F71B40F9FD7BC4A884
:10BC4000C0035FD614008052E2FFFF1794008012F9
:10BC5000F7FFFF17FD7BBEA9FD030091F35301A978
:10BC6000F40300AAF30301AAE00301AA9D060094CD
:10BC7000E10313AAE203002AE00314AAF35341A943
:10BC8000FD7BC2A8B8FFFF172201F8360000801222
:10BC9000C0035FD600008012F35341A9F55B42A9AF
:10BCA000F71B40F9FD7BC5A8C0035FD6FD7BBBA990
:10BCB000FD030091F35301A9F403012AF303022ABF
:10BCC000F55B02A9F50303AA96018012F71B00F9A0
:10BCD000F70300AA00008052FF4F00B91F00007157
:10BCE00000A0547AACFDFF54E14F40B93F00136B04
:10BCF000D612801A1F00146BE1000054550000B4E6
:10BD0000A10200B93F00136B6BFCFF54E003162A3D
:10BD1000E2FFFF17E103002AE2330191E00317AAD3
:10BD2000B4FDFF97EEFFFF17FD7BBEA90200805216
:10BD3000FD030091E3730091D4FFFF9740000035AD
:10BD4000E01F40B9FD7BC2A8C0035FD6FD7BBEA942
:10BD5000FD030091F35301A9F30300AAF403012AA0
:10BD6000F2FFFF970001F83702040051E103142AA3
:10BD7000E00313AA030080D2F35341A9FD7BC2A8BC
:10BD8000C2FFFF17F35341A9FD7BC2A8C0035FD6D2
:10BD9000FD7BBBA9FD030091F76303A9987C409349
:10BDA000F70303AAF35301A9F40300AAF55B02A960
:10BDB000F50318AAF60302AA020080D28DFDFF97B0
:10BDC000F303002AE000F836F55B42A9E003132AEA
:10BDD000F35341A9F76343A9FD7BC5A8C0035FD610
:10BDE000E3330191E20316AAE103132AE00314AA44
:10BDF00013FFFF97A00000B5E103132AE00314AA84
:10BE0000020080D2EEFFFF17E14F40B93F00156BF3
:10BE100041FFFF54E20318AAE10317AAB1060094F8
:10BE2000C0FEFF35E9FFFF17FD7BBDA9FD030091B3
:10BE3000F35301A9F51300F9F503012A2104005178
:10BE40003F0C0031A8020054F40300AA020080D283
:10BE50000100801267FDFF97F303002AC000F83647
:10BE6000F51340F9E003132AF35341A9FD7BC3A85E
:10BE7000C0035FD6E103132AE00314AA03FFFF9770
:10BE80001F00156BE0FEFF54E103132AE00314AA20
:10BE9000020080D2F0FFFF17B3008012F1FFFF17FE
:10BEA000FD7BBCA9FD030091F35301A9F303012A13
:10BEB000F55B02A9F50300AAE00302AAF71B00F94B
:10BEC000F70302AA0706009414040011F603002ADF
:10BED000947E40937F02166B6B010054E20314AA18
:10BEE000E10315AAE00317AA7E060094200200349D
:10BEF000627E4093E00315AA0100805285060094FB
:10BF0000E00000B500008052F35341A9F55B42A95F
:10BF1000F71B40F9FD7BC4A8C0035FD6010015CB19
:10BF2000730600517302014B15040091EAFFFF17DD
:10BF300020008052F5FFFF17FD7BBBA9FD03009198
:10BF4000F35301A9F55B02A9F60303AAE3330191B8
:10BF5000F76303A9BAFEFF97000100B5F44F40B99B
:10BF6000F55B42A9E003142AF35341A9F76343A9FF
:10BF7000FD7BC5A8C0035FD6F30300AAE00316AAA1
:10BF8000D8050094F54F80B91704001114008052B1
:10BF90007502158B7F0215EB6300005414008012AC
:10BFA000F0FFFF17A10213CBE00313AAE4050094EE
:10BFB00000040011E04F00B978C2208B027C40934E
:10BFC0001F0315EB680100541F00176B800000541D
:10BFD00094060011F30318AAEFFFFF17E10316AA56
:10BFE000E00313AA3F06009440FFFF35DDFFFF1773
:10BFF000D4018012DBFFFF17FD7BBCA9FD0300917C
:10C00000F35301A9F40304AAF55B02A9F603032A7A
:10C01000E3F300918AFEFF97400100B5740000B47D
:10C02000E03F40B9800200B9130080D2F55B42A91D
:10C03000E00313AAF35341A9FD7BC4A8C0035FD654
:10C04000F53F80B9F30300AA1500158B7F0215EBAD
:10C0500083000054B4FEFFB400008012F2FFFF170B
:10C06000A10213CBE00313AAB5050094010400114B
:10C07000E13F00B961C2218B3F0015EB89000054FC
:10C0800054FDFFB4C0018012E7FFFF179600003592
:10C09000F4FCFFB4800200B9E5FFFF17D60600519B
:10C0A000F30301AAEAFFFF17FD7BBDA9FD03009181
:10C0B000E3B30091F30B00F9F30302AAC20000F00E
:10C0C000424C31915EFEFF97A00000B5E02F40B9D1
:10C0D000F30B40F9FD7BC3A8C0035FD6E12F40B945
:10C0E000E20313AA6FFFFF971F000071E0179F1A6A
:10C0F000F8FFFF17FD7BBDA9FD030091F35301A9D4
:10C10000F40300AAF51300F9F50302AA020080D295
:10C11000B8FCFF97F303002AC000F836E003132AA7
:10C12000F35341A9F51340F9FD7BC3A8C0035FD6C3
:10C13000E20315AAE103132AE00314AADBFFFF9729
:10C140001F040031EBFEFF54A0FEFF34E103132A6D
:10C15000E00314AA020080D2EEFFFF171F00007157
:10C160008C010054C00100541F480031CB00005422
:10C17000E003004BC10000B02100029120D860F81C
:10C18000C00000B5C00000F000FC319103000014B5
:10C19000C00000F000783191C0035FD6C00000F00D
:10C1A00000D03191FDFFFF17E50300AAE00301AACB
:10C1B000A40C40B9A12040B98408C05A2108C05A33
:10C1C0008400010BA4C0248B4203F83701C0228BEA
:10C1D000487C40933F0004EBC80200541F0005EB6D
:10C1E00083020054637C4093660008CB8600068B74
:10C1F000DF0005EBE3010054A70440B9E708C05A8B
:10C20000A500078BDF0005EB88010054840000CBFC
:10C21000FD7BBFA9820008CBFD0300910000038BCA
:10C220009805009400008052FD7BC1A8C0035FD632
:10C2300060008012C0035FD640008012C0035FD64A
:10C24000FD7BBDA9FD030091F35301A9F303032A6C
:10C25000F40300AA636C1C53F51300F9F503022ADA
:10C26000426C1C53D1FFFF9780010035810A40B911
:10C270007302154B2108C05A2110130B2108C05A14
:10C28000810A00B9810E40B92108C05A3310130B3E
:10C29000730AC05A930E00B9F35341A9F51340F93C
:10C2A000FD7BC3A8C0035FD6FD7BBDA9FD03009144
:10C2B000F35301A9F40300AAF303032AF51300F9C9
:10C2C000F503022AB9FFFF9780010035812640B9A6
:10C2D0006302154B2108C05A6100010B2108C05AA6
:10C2E000812600B9810E40B92108C05A6300010BB4
:10C2F0006308C05A830E00B9F35341A9F51340F9FE
:10C30000FD7BC3A8C0035FD6FD7BBAA9FD030091E6
:10C31000F35301A9F40300AAF55B02A9F503032A6C
:10C32000F60304AAF76303A9F96B04A9F90302AAA7
:10C33000FB7305A90FFCFF97F703002AE008F83705
:10C34000980E40B9E00319AAE6040094FA0300AA83
:10C35000812240B9180BC05A9802188BE20319AA1F
:10C36000E00318AA2108C05A6FFCFF97000300B42D
:10C370001300184BD301F837810A40B9A30E0011FE
:10C3800063741E12E00314AA2108C05A633000111E
:10C3900021C0378B020080528102018BC10200F95B
:10C3A000C2FFFF9760040034F303002AF55B42A943
:10C3B000E003132AF35341A9F76343A9F96B44A996
:10C3C000FB7345A9FD7BC6A8C0035FD69C2240B97C
:10C3D0005A070011810E40B9E3031A2A9B0BC05A79
:10C3E0009C0BC05A2108C05AE00314AA21001C8BE0
:10C3F000020080528102018B6CFFFF97F303002A39
:10C40000A0FBFF35802240B9427F4093E10319AA87
:10C41000F3031B2A0008C05A4003000B0008C05A4F
:10C42000802200B900031C8BFB040094D2FFFF178D
:10C43000C10240F90260A052730AC05AB50AC05A3C
:10C44000220000B9C10240F9330800B9C10240F925
:10C45000350400B9D5FFFF17F303002AD4FFFF17F7
:10C46000FD7BBCA9FD030091F35301A9F30300AACE
:10C47000F40302AAF55B02A9F50301AAF71B00F970
:10C480008BFCFF97611240B923008052020080525A
:10C490002108C05A36D0208BE00313AA7702168BEE
:10C4A000E10317AA67FFFF97A0000035B50EC0DAB9
:10C4B000756A36F8940EC0DAF40600F9F35341A910
:10C4C000F55B42A9F71B40F9FD7BC4A8C0035FD60A
:10C4D000FD7BBDA9FD030091F35301A9F40300AA5C
:10C4E000F51300F9F503012A131040B9730AC05A75
:10C4F00073D2218B1300138B6DFCFF971F00156BFC
:10C500002D010054F51340F9E10313AAE00314AA26
:10C5100003008052F35341A922008052FD7BC3A83F
:10C5200048FFFF17F35341A900008012F51340F9AB
:10C53000FD7BC3A8C0035FD6FD7BBBA9FD030091B3
:10C54000F35301A9F303032AE3130191F55B02A955
:10C55000F50300AAF603012AF76303A9F80302AA68
:10C56000F70304AA07FDFF97E02700F9F40300AAE8
:10C57000E04740B9340100B51F0400310003005406
:10C5800000020034F35341A9F55B42A9F76343A9C4
:10C59000FD7BC5A8C0035FD6000C0011630E00111F
:10C5A00002741E1263741E1281320091E00315AAF8
:10C5B0003EFFFF9700010035730AC05A930600B989
:10C5C000E02740F900300091E00200F900008052BD
:10C5D000EDFFFF171F04003161FDFF54E4230191BB
:10C5E000E303132AE20318AAE103162AE00315AABB
:10C5F00046FFFF97E3FFFF17FD7BBCA9FD030091FA
:10C60000F35301A9F303042AE4E30091F51300F9BD
:10C61000F50303AAE303132AC8FFFF97F403002AD4
:10C62000C0000035B3000034E01F40F9627E409343
:10C63000E10315AA78040094F51340F9E003142AE5
:10C64000F35341A9FD7BC4A8C0035FD6FD7BBAA903
:10C65000FD030091F35301A9F40300AAF303012A97
:10C66000F55B02A9757C4093F76303A9F70302AA5F
:10C67000F92300F92FFCFF974006F8361F0400311C
:10C6800041050054E2730191E103132AE00314AA67
:10C6900001FBFF97F85F40B9E2730191E00314AA30
:10C6A000E103182AFCFAFF97000C00511F040071E7
:10C6B00029FFFF54960A40B9B312001173761E1277
:10C6C000E00314AAD60AC05A73220011D6C2388BCE
:10C6D000E303132A9902168B02008052E10319AA80
:10C6E000F2FEFF97200200350020A052806A36B883
:10C6F000A21200913413009142F47E920100805204
:10C70000E00314AA33C3338B29040094E20315AA6F
:10C71000E10317AAE00314AA3F0400940040A052CA
:10C7200060C21FB8E003182AF35341A9F55B42A980
:10C73000F76343A9F92340F9FD7BC6A8C0035FD680
:10C7400020008012F9FFFF17FD7BBDA9FD030091BA
:10C75000F35301A9F40300AAF30302AAE00302AA17
:10C76000F51300F9F503012ADE030094E20313AA8E
:10C77000E303002AE103152AE00314AAF35341A9B5
:10C78000F51340F9FD7BC3A8B1FFFF17FD7BBEA9E0
:10C79000FD030091E3730091A9FCFF97E10300AA58
:10C7A000E01F40B9010100B41F10007101010054E5
:10C7B000200040B9A10180120008C05A1F1000716A
:10C7C0000090811AFD7BC2A8C0035FD6A001801231
:10C7D000FDFFFF17FD7BBFA9C20000F04234379177
:10C7E000FD030091EAFFFF97A00000341F04003111
:10C7F000810000544000805202000014A001801209
:10C80000FD7BC1A8C0035FD6FD7BBFA9C20000F0BD
:10C8100042703791FD030091DDFFFF971F04003147
:10C820004100005420008052FD7BC1A8C0035FD6A8
:10C83000FD7BBDA9FD030091F30B00F9F303032A6F
:10C84000E3B300917EFCFF97C00000B4E12F40B934
:10C850003F0C007169000054130040B9730AC05ABC
:10C86000E003132AF30B40F9FD7BC3A8C0035FD696
:10C87000FD7BBDA9FD030091F30B00F9F303032A2F
:10C88000E3B300916EFCFF97C00000B4E12F40B904
:10C890003F0C007169000054130040B9730AC05A7C
:10C8A000E003132AF30B40F9FD7BC3A8C0035FD656
:10C8B000FD7BBDA9FD030091F35301A9F403032AF5
:10C8C000F30304AAE3B300915DFCFF97200100B4D9
:10C8D000E12F40B93F00146B6101801221B09F1A13
:10C8E000610200B9F35341A9FD7BC3A8C0035FD621
:10C8F00001008012FBFFFF17FD7BBFA9FD03009124
:10C90000E00000B5C00000F000A037911AE4FF97E6
:10C9100020008012FD7BC1A8C0035FD61F0440F237
:10C9200021FFFF5447FAFF9760FFFF34F6FFFF1720
:10C93000FD7BBFA9C20000F0030080D2FD0300917F
:10C9400042D437913EFCFF97000100B4C10000F0D3
:10C9500021F03791430300941F000071E0179F1AE4
:10C96000FD7BC1A8C0035FD620008052FDFFFF17EA
:10C97000FD7BBAA9FD030091F35301A9F40300AABA
:10C98000F303022AE00301AAF55B02A9F76303A9F6
:10C99000F70301AAF96B04A9F90303AA5103009450
:10C9A000E2430191E103132A167C4093E00314AAA9
:10C9B0004FFBFF97F80300AAC10000F0E00314AAA0
:10C9C00021283191A4FCFF97E103002AE00314AA77
:10C9D0009AFBFF97F303002A1F0000716C000054BC
:10C9E0003500801222000014E103132AE353019161
:10C9F000E2630191E00314AAFDFBFF97F50300AA8F
:10CA0000E1034A291F00016B0B040054BA024039AC
:10CA10005FBF0071A1030054A0C2208B00F05F38FB
:10CA200040030035E02F40F9E20316AAE10317AAFC
:10CA300015030094A0020035E1031A2AE00315AAA9
:10CA40002F03009400040091E10318AA0503009449
:10CA5000F503002AA0010035E02F40F900090094F9
:10CA60001F04003120010054200300B9F35341A9F1
:10CA7000E003152AF55B42A9F76343A9F96B44A9C2
:10CA8000FD7BC6A8C0035FD6E103132AE00314AA06
:10CA900078FBFF97D0FFFF17FD7BBBA9FD0300913B
:10CAA000F35301A9F40300AAE00301AAF55B02A96C
:10CAB00016008012F71B00F9F70301AA090300947E
:10CAC000157C4093C10000F0E00314AA21283191A5
:10CAD00061FCFF97E103002AE00314AA57FBFF97CC
:10CAE000F303002A7F020071EC000054F35341A9C4
:10CAF000E003162AF55B42A9F71B40F9FD7BC5A8A8
:10CB0000C0035FD6E103132AE3130191E2230191ED
:10CB1000E00314AAB6FBFF97010040393FBC007147
:10CB2000C1010054E14780B90000018B00F05F387B
:10CB300040010035E02740F9E20315AAE10317AAF6
:10CB4000D1020094A0000035E02740F9C408009409
:10CB5000DF02006BD6A2801AE103132AE00314AAB5
:10CB600044FBFF97F303002ADFFFFF17000200B426
:10CB7000FD7BBEA9FD030091F35301A9F30300AAB5
:10CB8000F40301AAC10000D021C8209132FCFF9714
:10CB9000E103002AE20314AAE00313AAF35341A914
:10CBA000030080D2FD7BC2A8A5FBFF17C0035FD6A0
:10CBB000FD7BBDA9FD030091F35301A9F303042AF2
:10CBC000F40303AAE4B3009163761E5339FFFF9781
:10CBD000E20300AAE02F40B960010034F35341A9F9
:10CBE000FD7BC3A8C0035FD6437861B86308C05A11
:10CBF000837A21B8210400917F02016B6CFFFF54FE
:10CC0000F7FFFF17010080D2FCFFFF17FD7BBEA9D5
:10CC1000FD030091E373009189FBFF971F0000F172
:10CC2000E0079F1AFD7BC2A8C0035FD6FD7BB9A9B0
:10CC3000FD030091F35301A9F40306AAF55B02A9D1
:10CC4000F60303AAF503052AE3B30191F76303A9E9
:10CC5000F70300AAF803042AF96B04A9FB7305A9DA
:10CC600077FBFF97400100B53B008012F35341A9C9
:10CC7000E0031B2AF55B42A9F76343A9F96B44A9BA
:10CC8000FB7345A9FD7BC7A8C0035FD6F96F80B9C8
:10CC9000F30300AA1B00805239F77E921900198B0A
:10CCA0007F0219EB6300005435FEFF37EFFFFF17DB
:10CCB000604640B81A08C05AE0030034DF0200F1B1
:10CCC0006403557A21030054E1031A2AE00317AAEA
:10CCD00056FCFF97FC03002A6000F836BB02801266
:10CCE000E3FFFF17560200B4E103002AE20316AA8D
:10CCF000E00317AA03008012CEFEFF971F04003145
:10CD0000E0FEFF54614A208B3F0301EB83FEFF549A
:10CD10007F03156B010300549AFAFF34340100B508
:10CD20001B008052D2FFFF171C008012E003182A5C
:10CD3000F5FFFF171C00801200008052F5FFFF175F
:10CD40001F400071010280520290811A9C0A002942
:10CD500094220091000080D25F00006B29FEFF54F6
:10CD6000617A60B82108C05A817A20B80004009125
:10CD7000FAFFFF17734A208B7B070011C9FFFF17CB
:10CD8000E103012AE30300AA020080D2000080D25E
:10CD90003F0002EB41000054C0035FD6647862B8E4
:10CDA000420400918408C05A808000AAF9FFFF174E
:10CDB000FD7BBCA9FD030091F35301A9F303052AF0
:10CDC000F40306AAF55B02A9F603032AF503042A75
:10CDD000E3F300911AFBFF97200300B4E20300AADB
:10CDE000A002130BE13F80B9007C161B21F47E9258
:10CDF00040C8208B4200018B05C8358BA1C8338BFE
:10CE00005F0001EBC3010054E103152ADDFFFF972A
:10CE1000E70300AAB40000B4E103132AE00305AA63
:10CE2000D8FFFF97800200F9F35341A9E00307AA56
:10CE3000F55B42A9FD7BC4A8C0035FD607008092C2
:10CE4000FAFFFF17FD7BBBA9FD030091F35301A976
:10CE5000F30300AAF55B02A9F503022AF60303AA6D
:10CE6000F76303A9F703042AF80305AAF96B04A9D9
:10CE7000FA03012AD91C001257FEFF971F00007108
:10CE80008D020054F403002AE1031A2AE00313AAD6
:10CE90005EFEFF97E503002AC001F837E703192A71
:10CEA000E60318AAF96B44A9E403142AE303172A3A
:10CEB000E20316AAF76343A9E103152AF55B42A929
:10CEC000E00313AAF35341A9FD7BC5A8B9FFFF17DF
:10CED000F35341A900008092F55B42A9F76343A98F
:10CEE000F96B44A9FD7BC5A8C0035FD6FD7BBAA939
:10CEF000FD030091F35301A9F40304AAF55B02A911
:10CF0000F503032AF76303A9F70300AAF803012A2C
:10CF1000F92300F9F90302AA8DFBFF97F303002A16
:10CF20002002F837E103002AE00317AA2AFEFF9740
:10CF3000F603002AE103132AE00317AA33FEFF9742
:10CF4000F303002AE3730191E20319AAE103182A0B
:10CF5000E00317AABAFAFF97E60300AA200100B57A
:10CF6000F35F40B9F55B42A9E003132AF35341A9EB
:10CF7000F76343A9F92340F9FD7BC6A8C0035FD638
:10CF8000E25F80B9637E409363C0368BC77E409377
:10CF900042F47E920000805263F47ED3C200028B82
:10CFA000C100038B3F0002EB6900005413008012A4
:10CFB000EDFFFF171F00156BC1010054E103162A96
:10CFC000E00306AA6FFFFF97E50300AA851600A9F4
:10CFD000E103132AC008078B6AFFFF97A500008BA7
:10CFE000A50400D113008052850600F9DEFFFF176B
:10CFF00000040011E60301AAEAFFFF17FD7BBDA9AB
:10D00000FD030091F35301A9D40000B0F30300AA7B
:10D0100094222291F51300F9D50000D0B54E389135
:10D02000E10314AAE00313AAE20315AAE300805265
:10D03000D5170094F30300AAE103002A400A40F93F
:10D040003CFEFF97E0FEFF34F51340F9E00313AA1E
:10D05000F35341A9FD7BC3A8C0035FD6FD7BB9A9EB
:10D0600000008092FD030091F35301A9F51300F92C
:10D07000E3FFFF972005F8B7F30300AA15008052DD
:10D0800014008052E2E30091E103152AE00313AAA1
:10D09000861700944002F837B5060011E00300350A
:10D0A000410240F980027CD3008001912100008B75
:10D0B000E21F40F9220400F9410240F92100008BEF
:10D0C000E02340F900040091000002CB200800F9A1
:10D0D000F400003534008052EBFFFF17E00313AA81
:10D0E000C7FFFF97F30300AAC000F8B60000805204
:10D0F000F35341A9F51340F9FD7BC7A8C0035FD6E0
:10D10000E2E30091010080526817009400FFFF37AE
:10D1100035008052E2FFFF17A0028012F5FFFF17D3
:10D1200000008052C0035FD6FD7BBFA9210100F043
:10D1300021002A91FD030091410A00F95F7A00B9AC
:10D14000400A40F9EDFDFF9780000035FD7BC1A846
:10D15000400A40F9F3FFFF17FD7BC1A8C0035FD66B
:10D16000FD7BB7A9FD030091F35301A9F30300AAC6
:10D17000F55B02A9F60305AAF76303A9F96B04A9F5
:10D18000FA0303AAFB7305A9FC03022AE43300F99E
:10D19000610000B5C10000D021043891E00313AA5A
:10D1A000ADFAFF97F503002A2001F836200080121F
:10D1B000F35341A9F55B42A9F76343A9F96B44A96D
:10D1C000FB7345A9FD7BC9A8C0035FD6DB0000F057
:10D1D0007B930791E103002AE3330291E2031BAA48
:10D1E000E00313AA16FAFF97F70300AA00FEFFB4A4
:10D1F000E103152AE00313AA77FDFF97F803002A3D
:10D20000E103152AE00313AA80FDFF97F903002A22
:10D21000E103152AE00313AAA2F8FF97F403002AFA
:10D22000C00000D000DC3891E03700F9C00000D029
:10D2300000083991E03B00F99408F836F403152A08
:10D24000B60000B4C0A20191020480D20100805255
:10D2500057010094E103142AE00313AAC20000D08E
:10D26000423839916AFEFF97F38F40B9F403002AE0
:10D2700080008052730EC01A207F409300C0388B0C
:10D28000737E4093730200CBF30A138BFF0213EB00
:10D29000880A0054DBA201911C008052150080D244
:10D2A000E20240B91F0B0071E10800544208C05A65
:10D2B000F7120091427C60D3E10240B92108C05AC4
:10D2C0002000028B560000B4600300F95F0300F1F8
:10D2D00081030052E2079F1A5F00016A4000005478
:10D2E000400300F93F0B007120070054E312009146
:10D2F000020080D2610040B92108C05A2100028B8F
:10D30000B4000034E33700F90BE6FF97E33740F948
:10D31000E10300AA560000B4610700F9B502018BD1
:10D32000DC000035771000917B4300913C00805277
:10D330007F0217EB62FBFF54E03340F9600500B554
:10D34000000080529BFFFF17E23740F9E103142AE7
:10D3500003008012E00313AA36FDFF97E503002ABD
:10D36000E23B40F9E103142AE00313AA0300801210
:10D37000E57F00B92FFDFF97C001F837E57F40B981
:10D38000A5001C0ABF00006B41010054E333029169
:10D39000E2031BAAE103142AE00313AAA8F9FF97EA
:10D3A000F70300AAE0F4FFB5A002801281FFFF1787
:10D3B000E103142AE00313AA47F8FF97F403002AB5
:10D3C0009EFFFF17020080D2BCFFFF17E20640B9A4
:10D3D000E32200914208C05A427C60D3C6FFFF1787
:10D3E000150080D2D5FFFF17E03340F9150000F992
:10D3F000D4FFFF17E203022A030080D27F0002EB72
:10D4000041000054C0035FD6246863386304009170
:10D410000040C41AFAFFFF17FD7BBFA9E003202AD2
:10D42000FD030091F4FFFF97E003202AFD7BC1A8D4
:10D43000C0035FD6FD7BBDA9FD030091F35301A995
:10D44000F30301AAF403002AF55B02A9F603032AF9
:10D450003540228B7F0215EBC3000054F55B42A9D7
:10D46000E003142AF35341A9FD7BC3A8C0035FD690
:10D47000A50213CBE10313AADF02056BE003142A14
:10D48000C532851AE203052AE4FFFF9773C2258B94
:10D49000F403002AAAE4FF97EFFFFF17FD7BBDA965
:10D4A000FD030091F30B00F9F30302AAE203012A42
:10D4B000E10300AA00008052DFFFFF970008C05A76
:10D4C000E1B30091820080D2E02F00B9E00313AAFB
:10D4D000D1000094F30B40F9FD7BC3A8C0035FD6D5
:10D4E000FD7BBFA9C00000D000603991FD03009111
:10D4F00021E1FF9700000014FD7BBDA9FD03009111
:10D50000F51300F9F503012A01FC0091F35301A979
:10D5100021E47A92F40300AA000880D2C9E3FF97BD
:10D52000F30300AAA00000B495007836E20314AA21
:10D53000010080529E000094F51340F9E00313AA05
:10D54000F35341A9FD7BC3A8C0035FD6C10000B05F
:10D5500021F00F91020040392268623842002837DA
:10D56000C0035FD600040091FBFFFF17FD7BBEA93F
:10D57000FD030091F30B00F9F5FFFF97F30300AAF9
:10D5800058000094000100B4010400D1C00000B0B4
:10D590006102018B00F00F913F0013EBC2000054B9
:10D5A0003F040039E00313AAF30B40F9FD7BC2A846
:10D5B000C0035FD6220040390268623822FF2F364E
:10D5C000210400D1F5FFFF17620300B4C60000B0CC
:10D5D000C6F00F91050080D204686538236865386D
:10D5E00064020034430200349F00036B8001005446
:10D5F000877C4093C76867386700003684800011D5
:10D60000841C0012C7C863386700003663800011AD
:10D61000631C00127F00046BA1000054A50400915C
:10D62000BF0002EBA1FDFF54E303042A8000034B7B
:10D63000C0035FD60300805204008052FCFFFF1736
:10D64000E27F40B2E1FFFF17020080D22368623818
:10D650000368223842040091A3FFFF35C0035FD660
:10D66000E50300AA030080D224686338A268633807
:10D67000630400914000046B8408407A61FFFF540A
:10D68000C0035FD6E50300AA040080D25F0004EB6C
:10D6900061000054000080520700001426686438BE
:10D6A000A3686438840400916000066BC408407A63
:10D6B000E1FEFF54C0035FD6211C00120200403976
:10D6C0005F00016B41000054C0035FD6620000346C
:10D6D00000040091FAFFFF17000080D2FBFFFF1744
:10D6E000E10300AA2200403962000035200000CB8F
:10D6F000C0035FD621040091FBFFFF17FD7BBFA98C
:10D70000E40300AAE303012AFD030091631C001255
:10D71000F4FFFF978000008B010040393F00036B4E
:10D72000A0000054000400D19F0000EB69FFFF54EB
:10D73000000080D2FD7BC1A8C0035FD60100018B31
:10D74000E20300AA5F0001EB60000054430040398F
:10D7500063000035400000CBC0035FD64204009157
:10D76000F9FFFF17FD7BBEA9FD030091F30B00F944
:10D77000F30300AAE00000B4DAFFFF970004009171
:10D780006BE1FF97E40300AAC00000B5F30304AA0D
:10D79000E00313AAF30B40F9FD7BC2A8C0035FD6D8
:10D7A000E10313AAA9FFFF97F9FFFF17030840F24F
:10D7B00081020054261C4092040080D20501805250
:10D7C000C42004AAA5040071C1FFFF54450003CB87
:10D7D000BF1C00F10801005444F07D9242084092C1
:10D7E0000400048B030080D25F0003EBE1000054CF
:10D7F000C0035FD6046823F863200091F4FFFF178D
:10D80000E40300AAF8FFFF1781682338630400913E
:10D81000F6FFFF171F0001EB00010054030001AAEF
:10D82000630840F220010054E40300AA030080D200
:10D830005F0003EBE1010054C0035FD6246863F886
:10D84000046823F863200091440003CB9F1C00F17F
:10D8500068FFFF5443FC43D3E4008092637C049B45
:10D860004200038B040003CB210003CBF0FFFF1722
:10D87000256863388568233863040091EDFFFF173E
:10D88000E60300AA1F0001EB890000542300028B6D
:10D890007F0000EB08010054FD7BBFA9E00306AA4E
:10D8A000FD030091DCFFFF97E00306AAFD7BC1A802
:10D8B000C0035FD60100028BE20322AA000080D2DF
:10D8C000000400D11F0002EB61000054E00306AA2F
:10D8D000C0035FD66468603824682038F9FFFF17FA
:10D8E000E50300AA040080D25F0004EB610000544D
:10D8F0000000805206000014A36864382068643871
:10D90000840400916000006B00FFFF54C0035FD6E9
:10D910000200028B211C00121F0002EB6100005468
:10D92000000080D2C0035FD6E30300AA641440382D
:10D930009F00016B80FFFF54E00303AAF7FFFF176E
:10D94000FD7BBEA9FD030091F35301A9F40300AAD6
:10D95000DBCFFF97F30300AAD7CFFF97017D80D2DB
:10D96000E003002A737E019B600AC09A000014CB7A
:10D97000F35341A9FD7BC2A8C0035FD6FD7BBEA9BE
:10D98000FD030091F35301A9F40300AACCCFFF9744
:10D99000F30300AAC8CFFF97017D80D2737E019B5D
:10D9A0000108C19A217C4092730AC19A600214CB8B
:10D9B000F35341A9FD7BC2A8C0035FD6FD7BBEA97E
:10D9C000FD030091F30B00F9BDCFFF97F30300AA0D
:10D9D000B9CFFF97014888D2E003002AE101A0F205
:10D9E000737E019B600AC09AF30B40F9FD7BC2A8CD
:10D9F000C0035FD6FD7BBEA9FD030091F30B00F9C8
:10DA0000F30300AAACCFFF97737E009B004888D237
:10DA1000E001A0F2600AC09AF30B40F9FD7BC2A8B6
:10DA2000C0035FD6FD7BBEA9FD030091F35301A99E
:10DA3000F40300AAA2CFFF97F30300AAE00314AAFD
:10DA4000EDFFFF977302008B730600919CCFFF9749
:10DA50001F0013EBC3FFFF54F35341A9FD7BC2A882
:10DA6000C0035FD6FD7BBDA9FD030091F35301A95F
:10DA7000F30300AAF51300F915D092D21513A0F202
:10DA80002FE3FF977F0215EB7492959AE00314AA97
:10DA9000E5FFFF97730214EB41FFFF54F35341A9D5
:10DAA000F51340F9FD7BC3A8C0035FD6000080D208
:10DAB000C0035FD6FD7BB9A9FD030091F35301A913
:10DAC000F4430191F30301AAF55B02A9D50000B06C
:10DAD000B5CA0891E10315AAF6830191F76303A97A
:10DAE000F703022AF80300AA020280D2E00314AA74
:10DAF000F92300F948FFFF97E00316AA020280D23B
:10DB0000A102028B44FFFF97FF0240F2C00000D049
:10DB10009602969A00083A91FF027FF2D50000D053
:10DB2000B51E3A91140080D2B502809A175580D262
:10DB3000B9058052C06A7438E10315AA026B6038D7
:10DB4000E00313AA31040094E026D49A6001003760
:10DB5000730A0091940600919F4200F1C1FEFF54A8
:10DB6000F35341A9F55B42A9F76343A9F92340F9AF
:10DB7000FD7BC7A8C0035FD6730E009179F21F38F2
:10DB8000F5FFFF17FD7BBFA9FD0300917ADFFF972B
:10DB9000400180526ADFFF9752FEFF97FD7BB7A9D5
:10DBA000FD030091E18B05A9E1430291E10703A97F
:10DBB000E1430191E12300F9E1068012E14B00B954
:10DBC000E1430091FF4F00B9E39306A9E20F43A997
:10DBD000E20F01A9E20F44A9E20F02A9E59B07A900
:10DBE000E74700F91D0400944001805254DFFF977D
:10DBF0003CFEFF97281C44D3E20300AA202C48D304
:10DC0000257C0C530301000BC40080526330410B90
:10DC1000210C0012A60C050BC600080B6304041BA4
:10DC2000A119805244018052677C011BE77C0B5391
:10DC3000E38C041B63C00011430000390308000B90
:10DC40006300070B6300062B610000544004009141
:10DC5000C0035FD6667C011BC67C0B53C004000B5F
:10DC6000C38C041B63C0001143040039A300002AC5
:10DC70006300003540080091F6FFFF17A3018052B2
:10DC8000037C031B637C07536508052B6080041B22
:10DC900000C000114008003961000054400C0091A0
:10DCA000ECFFFF17A17C011B217C0B532494041B68
:10DCB00084C00011440C003961000035401000910F
:10DCC000E4FFFF1721C000114014009141100039FA
:10DCD000E0FFFF17E9D390D2CB0080522900A0F2D9
:10DCE00028050091A719805246018052AA0180524E
:10DCF0003F0009EB48000054BFFFFF172208C89AF5
:10DD0000001400914584089BE10302AAAD1C045352
:10DD1000A22C0853A401020BA37C0C538430450BA6
:10DD2000A50C00126C0C030B8C010D0B84140B1B47
:10DD3000857C071BA57C0B53A490061B84C0001197
:10DD400004B01F384408020B8400050B84000C0B40
:10DD5000857C071BA57C0B53A204020BA490061B19
:10DD600084C0001104C01F38447C0A1B847C075304
:10DD70008308030B8288061B42C0001102D01F38A3
:10DD8000627C071B427C0B53438C061B42C0001174
:10DD900063C0001103E01F3802F01F38D5FFFF17E2
:10DDA000FD7BB5A9EF0300AAEE03042AFD03009151
:10DDB000F35301A9F40301AAF303062AF55B02A9B0
:10DDC000E10302AAF603032AF76303A9F503052A70
:10DDD000F96B04A9FB2B00F9930230367F28007100
:10DDE000F9079F1A78021B127A021C125300203680
:10DDF000737A1F1233090836C101F8B6E10301CB6B
:10DE0000CE050051B7058052D9010035DF2A0071D7
:10DE1000C1080054FBA30191E0031BAAAEFFFF97CA
:10DE200002001B4B0E000014D9001A12EEFFFF1760
:10DE3000D3061036CE050051770580529900003484
:10DE4000DF420071E0060054CE05005101FEFFB52F
:10DE50000006805222008052E0A301395F00156B5A
:10DE60002002805245A0951AC401054B7F02006A2A
:10DE7000A0090054B7000034FF0114EB4200005425
:10DE8000F7010039EF050091D9010034FF0114EBCF
:10DE90006200005400068052E0010039E005009164
:10DEA000DF420071810800549F0200EB890000549A
:10DEB000000B80520003002AE0050039EF090091B1
:10DEC000DA010035000680527F0240F203048052DE
:10DED000E103042A6300801AE0030FAA2104007101
:10DEE000E50600549F00007181A09F1A8404005130
:10DEF0008400014BEFC1218BE103052AE0030FAA47
:10DF0000030680523700001493001836CE050051E6
:10DF100017048052CAFFFF1717008052C8FFFF176F
:10DF2000CE09005161F9FFB4DF420071C50000B0B5
:10DF3000E4179F1AC7060051840C0011E6A3019153
:10DF4000A5F01391030080D22000078AE20303AA00
:10DF5000001C40922124C49AA06860380003002A63
:10DF6000606826386304009101FFFFB54204001188
:10DF7000BBFFFF171F0014EB4200005403000039E1
:10DF8000000400912104007165FFFF549F0000719F
:10DF900081A09F1A840400518400014BEFC1218BA2
:10DFA000B5FFFF17E103042AE0030FAA0304805220
:10DFB000F5FFFF17EF0300AAC2FFFF171F0014EBC6
:10DFC000420000540300003900040091C4FFFF1711
:10DFD0001F0014EB420000540300003900040091BC
:10DFE000210400515F00016B4DFFFF54A500024B5F
:10DFF00040040051E501058BE3A30191007C4093AF
:10E00000E10305AA6002F8365F0000710304805244
:10E0100040A09F1AE203042AA0C0208BE10300AABB
:10E0200042040071450200549F00007184A09F1AB1
:10E03000F35341A900C0248BF55B42A9F76343A9C0
:10E04000F96B44A9FB2B40F9FD7BCBA8C0035FD63D
:10E050003F0014EB62000054066863382600003964
:10E0600021040091000400D1E7FFFF173F0014EBEB
:10E07000420000542300003921040091E9FFFF17FA
:10E08000FD7BBCA9FD030091F35301A9F40300AA91
:10E09000F303032AF55B02A9F60301AAF71B00F9B3
:10E0A000F703052AC20300B5D50000B0B5323A9196
:10E0B000817C4093E00315AAA1FDFF97E303002AAA
:10E0C00077052036020080D27F00026B8C05005459
:10E0D000027C40921F00007142A09F9A050480526A
:10E0E0009402028BE20314AA6402140B8100024B17
:10E0F0007F00016B2B0500547F02006B6102004B17
:10E1000021A09F9AF55B42A98002018BF35341A99C
:10E11000F71B40F9FD7BC4A8C0035FD6F50302AA34
:10E12000E4FFFF175F0016EB420000544500003982
:10E13000420400918100024B7F00016B4BFFFF54B2
:10E140001F00136B6102004BE2C79F1A5F00007152
:10E1500021109F9A9402018B610600511300134B0A
:10E1600073129F1A7302010BD7FFFF17E20314AA61
:10E170006402140B05048052EFFFFF178102028B2B
:10E18000DF0201EB69000054A1164038816A223891
:10E1900042040091CDFFFF175F0016EB42000054D0
:10E1A0004500003942040091D1FFFF17FD7BB5A95E
:10E1B000FD030091F35301A9140001ABF55B02A923
:10E1C000F60300AAF76303A9F96B04A9FA0302AAEC
:10E1D000FB7305A9E13700F9675440A97C1840B9E1
:10E1E00083000054E00320AA14008092E03700F975
:10E1F000F30316AAD900009020D30791E03B00F961
:10E200004003403940020035E03740F9000100B4D6
:10E210007F0214EB420000547F0200396006009137
:10E220009F0200EB420000549FF21F386002164B21
:10E23000F35341A9F55B42A9F76343A9F96B44A9DC
:10E24000FB7345A9FD7BCBA8C0035FD61F9400716B
:10E25000C00000547F0214EB4200005460020039F9
:10E2600073060091CD000014180080520D000014B8
:10E270003FB40071200100543FC00071800400547D
:10E2800022C00051421C00125F240071C8010054DA
:10E290001B0080522400001418031C32FA0300AA49
:10E2A00041074039400700913FAC007140020054E3
:10E2B00008FEFF543F800071200200543F8C007123
:10E2C000200200543FA8007161060054400B0091E9
:10E2D000DC04F837E22C0091E10307AA47F07D92B5
:10E2E0003B0040B9BB02F836FB031B4B18031C3242
:10E2F0001200001418031E32E9FFFF1718031D3225
:10E30000E7FFFF1718031A32E5FFFF171803003263
:10E31000E3FFFF1742018052000400916107021BD6
:10E320003BC000510100403922C00051421C001284
:10E330005F24007109FFFF54010040393FB80071AC
:10E34000810B0054040440390204009181C0005143
:10E35000211C00123F240071480800540400805220
:10E360004601805211000014822300115F000071E9
:10E37000CD000054E32C0091E10307AAFC03022A1C
:10E3800067F07D92D7FFFF17A1C23C8BFC03022AE6
:10E39000D4FFFF171B008012E8FFFF178404061B41
:10E3A0004204009184C000514100403920C0005116
:10E3B000001C00121F24007129FFFF549F000071F0
:10E3C00099A09F1A4000403901300151211C0012D0
:10E3D0003FB8007188070054230088D20300A2F2DE
:10E3E0002320C8F26124C19AE10600365A04009144
:10E3F0001FB00171C1000054410440393FB00171A8
:10E40000610000545A08009180098052410340394C
:10E410003FE00171E80000543F880171A8050054F5
:10E420003F940071002B00543F600171602B005439
:10E430007F0214EB62000054A00480526002003995
:10E440004103403960060091012E00349F0200EB29
:10E450004900005461060039730A00914F0000140E
:10E460009FA80071C1020054020800911C01F837F6
:10E47000E02C0091E1031C2A00F07D92E40040B9F9
:10E48000FC03012AE70300AACDFFFF178123001137
:10E490003F0000718D000054E02C009100F07D924F
:10E4A000F7FFFF17E00307AAA7C23C8BF4FFFF1793
:10E4B000E20300AA19008012C3FFFF17190080525F
:10E4C000C1FFFF17FA0302AA00008012D0FFFF1756
:10E4D000218C01513F540071C8FAFF54E23B40F9CE
:10E4E000415861786200001041A8218B20001FD69E
:10E4F000B8022037E1031B2AE00313AA020480526A
:10E50000050000141F0014EB420000540200003903
:10E5100000040091210400513F0000714CFFFF54A2
:10E520007F0300716007005100C09F9A610700518E
:10E530007302008B2000805263C3801A0000034BDB
:10E540001B00010B7F0214EB22010054BC02F837C0
:10E55000E02C0091E1031C2A00F07D92E20040B91A
:10E56000FC03012AE70300AA620200397306009146
:10E57000E2031B2AE10313AA000480524204005163
:10E580005F0000710C020054610700517F030071AD
:10E5900021C09F9A7302018B5A07009119FFFF1740
:10E5A000812300113F0000718D000054E02C009188
:10E5B00000F07D92EAFFFF17E00307AAA7C23C8B99
:10E5C000E7FFFF173F0014EB420000542000003922
:10E5D00021040091EAFFFF173C02F837F73C009155
:10E5E000E6031C2AF7F27D92E20040F9E00313AA49
:10E5F000E503182AE403192AE3031B2AE10314AAFA
:10E60000E67B00B99FFEFF97E67B40B9F30300AAC3
:10E61000FC03062AE70317AAE0FFFF178623001171
:10E62000DF0000718D000054F73C0091F7F27D92FD
:10E63000EEFFFF17F70307AAA7C23C8BEBFFFF17FC
:10E64000BC02F837F73C0091F7F27D924007403961
:10E65000E60040F91F84017180070054480300540C
:10E660001F340171A00300541F540171400F005466
:10E670001F24017180080054E20306AA7F070031BD
:10E68000C1060054260480521B0280520603062A4B
:10E6900033000014802300111F000071AD000054EE
:10E6A000F73C0091FC03002AF7F27D92E8FFFF1788
:10E6B000A1C23C8BF70307AAFC03002AE70301AAC7
:10E6C000E3FFFF171FA40171C00500541FB40171BF
:10E6D00041FDFF5418031A32E0230291C900009053
:10E6E000E20300AA293114910B031A12070080D209
:10E6F0004C078052CA686738411D44D34A0D409286
:10E700002D696138E10300AA2A696A382D2400388E
:10E710000A040039AB000035FF1400F1600000541A
:10E72000010C00910C080039E7040091FF1800F17A
:10E7300041020054057B19123F000039E403192AF5
:10E74000E3031B2A30000014C20040F92008805265
:10E750001803002A5B02805206031B32E503192AC4
:10E76000E4031B2AE10314AAE00313AA0302805264
:10E770008CFDFF9727000014E00301AADEFFFF17BE
:10E7800018031A32400B4039187B19121FD0007140
:10E7900041F7FF54E9230291EC030291EA0309AA2D
:10E7A0000B0080D2CD058052C1686B38E0030CAA03
:10E7B000E63F00F910FDFF9700000CCBE63F40F963
:10E7C000E20309AA017C4093210400D13F040031F7
:10E7D000C10300542941208B7F0D00F140000054FB
:10E7E0002D1500386B0500917F1100F1E1FDFF54FC
:10E7F000E503182AE403192AE3031B2AE2030AAA01
:10E800003F010039E10314AAE00313AA1DFEFF979C
:10E81000F30300AA1F0440B1C8D0FF54C000009009
:10E8200000F00F914107403902686138E1031AAAEC
:10E830005A0700915F0840F261FFFF54E70317AAEF
:10E84000FA0301AA55FFFF1787696138471400389A
:10E85000DEFFFF17400B40391FB001710003005469
:10E86000E80100541F080171200300541F3001719A
:10E8700062008052E213821A260300B4E12302915F
:10E88000E00306AA8CFCFF97E503182AE403192A83
:10E89000E3031B2AE2230291DBFFFF171FCC017168
:10E8A000A1010054E00306AAE63F00F980FCFF97AF
:10E8B000E20300AAE63F40F9600000B52200805262
:10E8C000EEFFFF17E503182A9DFFFF174200805255
:10E8D000EAFFFF1702008052E8FFFF17E0230291D2
:10E8E000C10000B021303A9158FBFF97E7FFFF17B6
:10E8F0001FB00171620216CB610200543C01F8376F
:10E90000E03C0091E1031C2A00F07D92E30040F915
:10E91000620000F9FC03012AE70300AA1FFFFF17AA
:10E92000812300113F0000718D000054E03C0091F4
:10E9300000F07D92F6FFFF17E00307AAA7C23C8B09
:10E94000F3FFFF17FC00F837E03C0091E1031C2ABD
:10E9500000F07D92E30040F9620000B9EEFFFF177E
:10E96000812300113F0000718D000054E03C0091B4
:10E9700000F07D92F8FFFF17E00307AAA7C23C8BC7
:10E98000F5FFFF177F0214EBC2C6FF546102003986
:10E9900034FEFF1718031B320102805208000014D6
:10E9A000410740393F140171610000545A0700913A
:10E9B0001803193218031F32410180521F300171B0
:10E9C000E10200545C05F837F73C0091E9031C2A8A
:10E9D000F7F27D92E20040F9E303012AE00313AA73
:10E9E000E603182AE503192AE4031B2AE10314AA03
:10E9F000E97B00B9EBFCFF97F30300AAE97B40B980
:10EA0000FC03092A04FFFF175A0700D1F30300AAE9
:10EA1000E2FEFF1701018052E9FFFF171FB00171ED
:10EA200020FDFF5402781A125F680171C0FCFF5488
:10EA30001FD0017180FCFF541FA0017100031F1241
:10EA4000A10300547C02F837F72C0091E9031C2A3B
:10EA5000F7F27D92E20040B9463C4092423C40933E
:10EA60001F0000714210869ADCFFFF1789230011F6
:10EA70003F0100718D000054F73C0091F7F27D9248
:10EA8000D5FFFF17F70307AAA7C23C8BD2FFFF17DA
:10EA9000892300113F0100718D000054F72C009173
:10EAA000F7F27D92ECFFFF17F70307AAA7C23C8B92
:10EAB000E9FFFF171C01F837F72C0091E9031C2A26
:10EAC000F7F27D92E20040B9E603022A427C4093CD
:10EAD000E4FFFF17892300113F0100718D000054EE
:10EAE000F72C0091F7F27D92F7FFFF17F70307AAC3
:10EAF000A7C23C8BF4FFFF17FD7BB9A9FD03009172
:10EB0000F35301A9F30301AAF40300AAE10303AA42
:10EB1000E0430191F51300F9F50302AA020480D243
:10EB20003DFBFF97E00745A9E00703A9E3C3009178
:10EB3000E00746A9E20315AAE00704A9E10313AA26
:10EB4000E00314AA9AFDFF977FC220EB88000054CF
:10EB5000600600517F0200F100109F1AF35341A993
:10EB6000F51340F9FD7BC7A8C0035FD6FD7BB6A9AE
:10EB7000FD030091E39307A9E3830291E30F03A947
:10EB8000E3C30191E32300F9E3048012E34B00B9EE
:10EB9000E3430091FF4F00B9E59B08A9E41744A99E
:10EBA000E74F00F9E61F43A9E61F01A9E41702A9F0
:10EBB000E61F05A9E41706A97DFDFF97FD7BCAA8FE
:10EBC000C0035FD6FD7BBCA9FD030091F35301A9EF
:10EBD000F30300AAF40301AAE10302AA020480D20B
:10EBE000E063228B0CFBFF97E3830091E20314AAFE
:10EBF000E00313AAE17B40B26DFDFF97F35341A9F7
:10EC0000FD7BC4A8C0035FD6FD7BB8A9FD030091BE
:10EC1000E20F05A9E2030291E20B03A9E24301918D
:10EC2000E22300F9E2058012E24B00B9FF4F00B980
:10EC3000E20F43A9E20F01A9E20F44A9E20F02A9E2
:10EC4000E2430091E41706A9E61F07A9DEFFFF973C
:10EC5000FD7BC8A8C0035FD6FF8311D1020480D218
:10EC6000FD7B00A9FD030091F30B00F9F30300AA5B
:10EC7000E063228BE8FAFF97E20313AAE383009193
:10EC8000E0230191818280D29CFFFF97F303002A49
:10EC900060000034E023019137DBFF97FD7B40A942
:10ECA000E003132AF30B40F9FF831191C0035FD6F1
:10ECB000FD7BB7A9FD030091E18B05A9E14302911A
:10ECC000E10703A9E1430191E12300F9E106801284
:10ECD000E14B00B9E1430091FF4F00B9E39306A96E
:10ECE000E20F43A9E20F01A9E20F44A9E20F02A932
:10ECF000E59B07A9E74700F9D8FFFF97FD7BC9A867
:10ED0000C0035FD6E30300AA00004039C6000090AC
:10ED1000C6F00F911FC000716104005464044039B3
:10ED200060044039C4686438640000360080001113
:10ED3000001C00121FE00171E10200546308009101
:10ED400002028052E803022A000080D28708805223
:10ED50006400403965004039C46864389F00076A20
:10ED6000E002005464000036A5800011A51C0012CA
:10ED7000A9C00051A45C0151BFE4007184C0899A0C
:10ED80009F00026B63010054410000B4230000F9AE
:10ED9000C0035FD65F000071000180524210801AEC
:10EDA000E9FFFF175F00007140018052FCFFFF1771
:10EDB0000011009B63040091E6FFFF17042080D23E
:10EDC000F0FFFF1742018052CFFFFF17FD7BBEA966
:10EDD000FD030091F35301A9F40300AAF30302AA6F
:10EDE000610000B53FFAFF978102008B200400D13B
:10EDF0009F0200EB4202005423F05F38C2000090F3
:10EE000042F00F9143686338A301103603F05F3876
:10EE100043686338E3001037530000B4600200F920
:10EE2000F35341A9010080D2FD7BC2A8E6FFFF1782
:10EE3000000400D19F0200EBA1FEFF54530000B478
:10EE4000610200F9F35341A900008092FD7BC2A842
:10EE5000C0035FD6020080D2DDFFFF17010080D221
:10EE6000FDFFFF17210100D0E303002A220100D09B
:10EE700020E0029142E00291210100D02120049182
:10EE8000210002CBE2E702B2A29999F221FC43935E
:10EE9000217C029B02058052217C229B0100018B78
:10EEA0003F0000EB61000054000080D2C0035FD639
:10EEB000020840B95F00036BA0FFFF5400A000915F
:10EEC000F8FFFF17FD7BBDA9220100D0210100D072
:10EED000FD030091F35301A942E002912120049126
:10EEE000F51300F9F50300AA340100D094E2029171
:10EEF0000020403940030035330002CBE0E702B286
:10EF0000A09999F273FE4393737E009B0005805293
:10EF1000737E209B9302138B7F0214EB61000054DD
:10EF2000140080D207000014811240F9E00315AAF2
:10EF300020003FD600010035800A40B9A0220039E8
:10EF4000F51340F9E00314AAF35341A9FD7BC3A8CC
:10EF5000C0035FD694A20091F0FFFF17F35341A9BD
:10EF6000F51340F9FD7BC3A8BFFFFF17FD7BBCA9CC
:10EF7000210100D021200491FD030091F35301A948
:10EF8000340100D094E20291F55B02A9F50300AAD6
:10EF9000200100D000E00291F71B00F9330000CB04
:10EFA000E0E702B2A09999F273FE4393737E009B4F
:10EFB000A0224039C001003500058052BF2200392F
:10EFC000737E209B9302138B7F0214EB000300548B
:10EFD000811240F9E00315AA20003FD62003003536
:10EFE000800A40B9A0220039110000141705805290
:10EFF000F60314AA777E379B9702178BFF0216EB56
:10F00000C0FDFF54A0224039C10A40B93F00006B47
:10F0100060000054D6A20091F9FFFF17C11240F919
:10F02000E00315AA20003FD660FFFF35F35341A946
:10F03000F55B42A9F71B40F9FD7BC4A8C0035FD66E
:10F0400094A20091E1FFFF17FD7BBDA9FD03009194
:10F05000F35301A9F30300AAF403012AF51300F9FD
:10F06000F50303AA0202003597FFFF97200200B4C0
:10F07000030840F9230200B4E103142AE20315AAAD
:10F08000E00313AA60003FD61F0000712100801228
:10F090000000811AF35341A9F51340F9FD7BC3A881
:10F0A000C0035FD6E003022A6FFFFF97F0FFFF1750
:10F0B000800B8012F8FFFF17A0048012F6FFFF17E5
:10F0C000E30302AA02008052E0FFFF17FD7BBEA906
:10F0D000FD030091F30B00F9F30301AA3F0000F9CF
:10F0E000010C40F9610600F9C1000090217C1491E7
:10F0F000001040F9600A00F97F5A00B960E20091FF
:10F1000052F9FF9760620091C1000090214C3A9142
:10F110004EF9FF97F30B40F900008052FD7BC2A827
:10F12000C0035FD6E60300AAE403012AE00302AAB3
:10F13000C50040B9BFB00171E00200542C02005478
:10F14000BF240171E00200542C030054BF4C007135
:10F1500040030054C1000090BFF0007121783A9143
:10F16000C300009063B03A916210819AC30440B921
:10F17000C100009021BC3A9163840111A3FEFF17E6
:10F18000C1000090BFFC017121843A91C30000903E
:10F19000F5FFFF17C300009062441391F4FFFF17BF
:10F1A000C300009062983A91F1FFFF17C3000090EE
:10F1B00062B03A91EEFFFF17C300009062783A9177
:10F1C000EBFFFF17FD7BBDA9FD030091F35301A9E0
:10F1D000F30301AAF40302AAF55B02A9F60300AA4D
:10F1E0009A090094F50300AAE00316AACB0900943B
:10F1F0001F50017181010054A00A40F91F0013EB58
:10F20000690100547302148B1F0013EB2004801259
:10F2100000309F1AF35341A9F55B42A9FD7BC3A8B7
:10F22000C0035FD6A0048012FBFFFF17C00080124E
:10F23000F9FFFF17FD7BBCA9FD030091F35301A962
:10F24000F30300AAF55B02A9F50301AAF60302AADB
:10F25000F71B00F9F70303AADBFFFF970002003555
:10F26000E00313AAA9090094F40300AAE00313AA77
:10F2700076090094010440F9E30317AAF71B40F94B
:10F28000E20316AAA102018BE00314AAF35341A9D9
:10F29000F55B42A9FD7BC4A8B4010014F35341A956
:10F2A000007C4093F55B42A9F71B40F9FD7BC4A8A5
:10F2B000C0035FD6FD7BBDA9FD030091F35301A9F7
:10F2C000F30300AAF55B02A9F50301AAF60302AA5B
:10F2D000BDFFFF97C0010035E00313AA8B0900941E
:10F2E000F40300AAE00313AA58090094010440F9AA
:10F2F000E20316AAE00314AAF35341A9A102018B69
:10F30000F55B42A9FD7BC3A80A020014F35341A98F
:10F31000007C4093F55B42A9FD7BC3A8C0035FD688
:10F32000FD7BBCA9FD030091F35301A9F30300AADF
:10F33000F55B02A9F50301AAF60302AAF71B00F97F
:10F34000F70303AAA0FFFF9700020035E00313AA0A
:10F350006E090094F40300AAE00313AA3B09009489
:10F36000010440F9E30317AAF71B40F9E20316AAC8
:10F37000A102018BE00314AAF35341A9F55B42A952
:10F38000FD7BC4A8B2010014F35341A9007C409353
:10F39000F55B42A9F71B40F9FD7BC4A8C0035FD60B
:10F3A000FD7BBEA9FD030091F35301A9F40300AA5C
:10F3B00000F847391F5401710105005480FE473998
:10F3C0001FA80271A104005481FA06910200805224
:10F3D00000008052230040397F1840F201010054A0
:10F3E0002310403900040011214000917F0000717A
:10F3F0004204821A1F100071E1FEFF541F100071B9
:10F40000F3079F1A5F000071601A407AA00200544F
:10F41000C100009080DA009121103B91620080D2FF
:10F4200099F8FF97A000003520008052F35341A9BE
:10F43000FD7BC2A8C0035FD6C1000090804A019145
:10F4400021203B91A20080D28FF8FF97E0FEFF348D
:10F45000E003134BF6FFFF1700008012F4FFFF17C5
:10F4600000008052F2FFFF17FD7BBEA9220080D270
:10F47000FD030091F30B00F9011040F921FC00910C
:10F4800021E47A9221000191FF6321CB010080D217
:10F49000F3FF009173E67A92E30313AABE0100948E
:10F4A0001F0400F121010054E00313AABDFFFF97E0
:10F4B0001F000071E0039F5ABF030091F30B40F956
:10F4C000FD7BC2A8C0035FD600008012FBFFFF17C0
:10F4D000FD7BB4A9FD030091F35301A9F55B02A9DB
:10F4E000F76303A9F96B04A9F90302AAFB2B00F93E
:10F4F000021040F942FC009142E47A9242000191EC
:10F50000FF6322CBBF7F06A9BF7F07A9BF7F08A9E2
:10F51000BF7F09A9BF7F0AA9BF7F0BA97F00047124
:10F52000CD010054C000009000383B91E1FDFF97F1
:10F5300015008012BF030091E003152AF35341A97F
:10F54000F55B42A9F76343A9F96B44A9FB2B40F98A
:10F55000FD7BCCA8C0035FD6F7FF0091F803032A18
:10F56000F7E67A92F60300AAFB0301AAFA03042A3B
:10F57000F30305AAE30317AA220080D286010094B0
:10F580001F0400F1E0000054C10640B9E2031BAAC9
:10F59000C000009000F83B91C6FDFF97E5FFFF1704
:10F5A000E1FA4739E2FE47393F54017161000054E6
:10F5B0005FA80271A0000054C000009000A83C9118
:10F5C000BCFDFF97DBFFFF17A1830191E00316AAA3
:10F5D000BFFEFF97F503002AE0FAFF35E0FA069137
:10F5E000E2FA0791F40300AA810240393F1840F281
:10F5F0008105005481124039410500345F03186BC6
:10F6000001050054BB0000B4231800127F140071E0
:10F6100024184F7A80040054A03B40F9014080D266
:10F62000626200911F0008F10020819A600A00F9CF
:10F630008112407980164079204000AA00001B8B7F
:10F64000600200F9811A4079801E4079204000AAAA
:10F65000600600F9E103182AE00316AAB2FEFF973C
:10F6600060E20091C1000090217C1491F7F7FF97B0
:10F6700080124039810240391FBC0371E0179F1A84
:10F6800000781F533F000271410000540000003217
:10F69000605A00B980124039607A0139A6FFFF171D
:10F6A000FB0000B481124039C1000034231800125D
:10F6B0007F14007124184F7A40000054180700117D
:10F6C000944200919F0202EB01F9FF54011040396E
:10F6D000231800127F14007124184F7AC1010054BE
:10F6E000021040797F0300F101144079E50313AA69
:10F6F000E4031A2AE303182AE00316AA414001AAE8
:10F700002100198B2213819A72FFFF97F503002ABB
:10F7100089FFFF17004000911F0002EB81FDFF549D
:10F72000E00317AA1FFFFF971F04007121F0FF5489
:10F730007F0200F9014080D2C00E40F9600600F956
:10F74000A03B40F97F5A00B91F0008F10020819AC0
:10F75000600A00F9C100009060E20091217C1491E0
:10F76000BAF7FF9774FFFF17E50302AAE403012A23
:10F7700023008052020080D2010080D255FFFF1783
:10F78000E10300AA00805FF8020040F9423440F92A
:10F79000421040F9620000B4F00302AA00021FD632
:10F7A00020008052C0035FD6FD7BB3A9FD0300910A
:10F7B000F35301A9F40300AAF55B02A9F71B00F9B2
:10F7C00022080094F30300AAE9FDFF976022403964
:10F7D00060050034E00314AA1C080094F50300AA95
:10F7E000E00314AA4D0800941F58007181040054CE
:10F7F000D6000090D7000090D64E3D91F7DA3A91AE
:10F8000033008052E2C30191E103132AE00315AAF9
:10F810002CFEFF97E0020035830640F9E20316AAAA
:10F82000E403132A010480D2E0430191D0FCFF9746
:10F83000E0430191CCF7FF97E3230191E20300AA93
:10F84000E10317AAE00314AA3009009480010035EF
:10F85000E02740F9FD070094138400B8E1C301914B
:10F86000020C80D2ECF7FF97E02740F9B70700942D
:10F87000730600117F06027161FCFF54F35341A926
:10F8800000008052F55B42A9F71B40F9FD7BCDA833
:10F89000C0035FD6020040F9423440F9A20000B430
:10F8A000420C40F9A20000B4F00302AA00021FD6E5
:10F8B000A0048012C0035FD600008052FEFFFF1735
:10F8C000004440F9F4FFFF17FD7BBBA9FD03009145
:10F8D000F35301A9F55B02A9F503002AF603012AF7
:10F8E000C0028052E1230191F71B00F9F70302AA3D
:10F8F000490A0094F403002A80020035E02740F909
:10F90000130840F9736201D1E02740F96162019167
:10F91000004000913F0000EB61000054540280124F
:10F920000A000014E00313AAC8070094010040B9BC
:10F930003F00156B61010054000440B91F00166BB5
:10F9400001010054F30200F9F55B42A9E003142A17
:10F95000F35341A9F71B40F9FD7BC5A8C0035FD64F
:10F96000732E40F9E8FFFF17FD7BB9A9FD03009155
:10F97000F35301A9F30300AAF40302AAF55B02A959
:10F98000F50301AAF60303AAF71B00F9AF070094D9
:10F99000610240F9373440F9E40240F9440500B40B
:10F9A00001404039C1030034F37F04A905000090F1
:10F9B000E10316AAFF7F05A9A5001E91430080520E
:10F9C000FF7F06A9041040F9E0230191827C149B7B
:10F9D00093D7FF97E0000034007C4093F35341A994
:10F9E000F55B42A9F71B40F9FD7BC7A8C0035FD6B2
:10F9F000E40240F9E20314AAE32B40F9E10315AA5B
:10FA0000E00313AA80003FD6F30300AAE02301918C
:10FA1000ACD7FF97E00313AAF1FFFF17F71B40F9DC
:10FA2000E30316AAE20314AAE10315AAF55B42A9AF
:10FA3000E00313AAF35341A9F00304AAFD7BC7A86E
:10FA400000021FD6A0048092E5FFFF17FD7BB9A935
:10FA5000FD030091F35301A9F30300AAF40302AAE2
:10FA6000F55B02A9F50301AAF60303AAF71B00F947
:10FA700076070094610240F9373440F9E40640F912
:10FA8000440500B401404039C1030034F37F04A9A8
:10FA900005000090E10316AAFF7F05A9A5001E91AD
:10FAA00023008052FF7F06A9041040F9E023019152
:10FAB000827C149B5AD7FF9700010034137C40933B
:10FAC000F55B42A9E00313AAF35341A9F71B40F9E0
:10FAD000FD7BC7A8C0035FD6E40640F9E20314AA81
:10FAE000E32B40F9E10315AAE00313AA80003FD6F7
:10FAF000F30300AAE023019172D7FF97F1FFFF17EC
:10FB0000F71B40F9E30316AAE20314AAE10315AABE
:10FB1000F55B42A9E00313AAF35341A9F00304AA39
:10FB2000FD7BC7A800021FD6B3048092E5FFFF1734
:10FB3000FD7BBDA9FD030091F35301A9F30300AAC6
:10FB4000F40301AAF51300F9F50302AA3F07009494
:10FB5000600240F9003440F9030840F9230100B481
:10FB6000E20315AAE10314AAF51340F9E00313AA6E
:10FB7000F35341A9F00303AAFD7BC3A800021FD6DB
:10FB8000F35341A9A0048092F51340F9FD7BC3A86B
:10FB9000C0035FD6004440F974FFFF17FD7BBCA98A
:10FBA000FD030091E1E30091F35301A9F51300F97E
:10FBB000F503002AC00280529709009440030035E3
:10FBC000E01F40F953028012140840F9946201D1F9
:10FBD000E11F40F980620191214000911F0001EB7B
:10FBE000C1000054F51340F9E003132AF35341A96F
:10FBF000FD7BC4A8C0035FD6E00314AA13070094DA
:10FC0000010040B93F00156B81000054000440B969
:10FC10007F02006B73A2801A942E40F9946201D186
:10FC2000ECFFFF17F303002AEFFFFF17FD7BBFA9CF
:10FC3000FD030091DAFFFF971F4C0031A000005434
:10FC4000E103202A007C410BFD7BC1A8C0035FD6E5
:10FC500000008052FDFFFF17FD7BB6A9FD03009158
:10FC6000F35301A9F403052AF55B02A9F603032A5D
:10FC7000F76303A9F80307AAF96B04A9FA03042A96
:10FC8000E40302AAFB7305A9C200009042643D91FF
:10FC9000030440F9E13700F9C10380D2FB0300AA55
:10FCA000F90306AAE0030291B1FBFF97E00302917A
:10FCB000ADF6FF97000C00B4F70300AA5F07003110
:10FCC00061060054E003162AD9FFFF97F303002AC8
:10FCD000B30AF837E13740F9E3E30191E20317AAE9
:10FCE000E0031BAA09080094F503002AA0090035C7
:10FCF000E03F40F9D5060094160000B9857E409398
:10FD0000E1E70232BF0001EAE1F30132E2079F1AA4
:10FD1000BF0001EAE1079F1A1F2000392204020BED
:10FD2000E1CF0432BF0001EA199401A9E1079F1A4B
:10FD30004108010BE29F0832BF0002EAE2079F1A66
:10FD4000BF3C70F2220C020BE1079F1A4110010B1D
:10FD5000012800B9E13F40F9130400B9014400F95A
:10FD6000E03F40F9000300F9F0060094F35341A985
:10FD7000E003152AF55B42A9F76343A9F96B44A98F
:10FD8000FB7345A9FD7BCAA8C0035FD6E1E30191DF
:10FD9000C002805220090094F303002A00030035BA
:10FDA000E03F40F9150840F9B56201D1E03F40F964
:10FDB000A1620191004000913F0000EB61000054FE
:10FDC000330080120E000014E00315AA9F06009471
:10FDD000FC0300AA000040B9DF02006BA10100543F
:10FDE000800740B95F03006B41010054E003162A0D
:10FDF0008FFFFF972001F837800700B97F0200715D
:10FE000064BA423A01010054F3031A2AB1FFFF1702
:10FE1000B52E40F9E5FFFF17F303002AF8FFFF179F
:10FE2000F303002AE00317AAF503132A37D7FF9735
:10FE3000CFFFFF1775018012CDFFFF17FD7BBBA918
:10FE4000FD030091F35301A9F51300F9F50300AA8E
:10FE5000FF2300F9FF4B00B921070094F30300AA28
:10FE6000000041B900781F12600201B9740641B95F
:10FE7000BF3F03D5A04A40F9C1000090E2F30091D2
:10FE800021A03E91340B0094C0000035E13F40B901
:10FE900080020432947A03123F0000719402801AA7
:10FEA000A04A40F9C1000090E2F3009121D83E91B0
:10FEB000290B0094C0000035E13F40B980020332B5
:10FEC000947A02123F0000719402801AA04A40F90D
:10FED000C100009021143F91C00B0094011C00123E
:10FEE000E103014B21000A122100142ABF3F03D570
:10FEF000610601B9740A41B9BF3F03D5A04A40F970
:10FF0000C1000090E203019121643F91630080D21F
:10FF1000540B009440010035E007482921040051AA
:10FF200000040051215C18532010002AE14B40B915
:10FF3000210400513400142A1400142ABF3F03D5B1
:10FF4000740A01B9740E41B9BF3F03D5A04A40F904
:10FF5000C1000090E203019121A43F91630080D28F
:10FF6000400B009440010035E0074829210400516E
:10FF700000040051215C18532010002AE14B40B9C5
:10FF8000210400513400142A1400142ABF3F03D561
:10FF9000740E01B9600241B900000032600201B97B
:10FFA00000008052F35341A9F51340F9FD7BC5A829
:10FFB000C0035FD6FD7BB9A9FD030091F35301A9EE
:10FFC000F55B02A9F76303A9F96B04A9FB7305A903
:10FFD000B90600941F0400B1800B005418F043913F
:10FFE000F30300AA15FB7FB9BF3F03D5B55650D325
:10FFF00014FF7FB9BF3F03D5945A52D3F503152A96
:02000004FFE11A
:1000000094060091190080D27A024291200080D299
:100010001720D99A3B3F1053F703372A5A430091D0
:10002000160080D2DF0215EB23030054390700913C
:100030009F0219EBA8FEFF5403FB7FB9BF3F03D516
:100040006318001204FB7FB9BF3F03D50A0880D2B2
:10005000845450D365F23F9100008052280080D232
:100060000A01A0F27F00006B0104005400008052DE
:10007000F35341A9F55B42A9F76343A9F96B44A97E
:10008000FB7345A9FD7BC7A8C0035FD6BF3F03D55F
:100090005B7300B95CD30191000080D229F6FF9711
:1000A000E03700F9800340B9BF3F03D52001003697
:1000B000E03740F923F6FF971FA00FF1A804005482
:1000C000200080D268F6FF979DD9FF97F6FFFF17B3
:1000D000400340B9D60600910000170A400300B95A
:1000E0005A074091D0FFFF17A90040B9BF3F03D581
:1000F000C90078373F090F72E00100540004001175
:10010000A5044091D8FFFF1762020A8B0B21C09A09
:10011000060080529F00066BE0FEFF54470040B986
:10012000C6040011E7000B2A470000B942044091C1
:10013000F9FFFF17024370B90621C09A4200062A50
:10014000024330B9EEFFFF17A0028012C9FFFF176C
:10015000C00000900058009107D6FF97E1F4FF9788
:10016000400300B4FD7BBEA9FD030091F35301A938
:10017000F40300AA000040F99F0600F9133440F987
:1001800073E201D1800240F961E2019100A0019186
:100190003F0000EB81000054F35341A9FD7BC2A84E
:1001A000C0035FD6E00313AADC0500941F7800713A
:1001B00081000054E00313AAAA050094E9FFFF9709
:1001C000733E40F9EFFFFF17C0035FD6E20300AABA
:1001D000E00301AA010100B4410040F9213440F9D3
:1001E000020000F9210440F9610000B4F00301AA03
:1001F00000021FD600008052C0035FD6FD7BBDA960
:10020000FD030091F35301A9F30301AAF40300AA2B
:10021000010040F9E2A30091C00380528E090094CE
:10022000C0010035E01740F9600200F9000040F914
:10023000003440F9020040F9620100B4E10314AA5D
:10024000E00313AA40003FD680000035E01740F9D4
:10025000E10313AADEFFFF97F35341A9FD7BC3A877
:10026000C0035FD6800A40B91F040071EC0000543F
:1002700080000034800E40B960FE01A9F4FFFF1732
:10028000000080D2FDFFFF17A0028012F3FFFF17CE
:10029000FD7BB9A9E403022AC2000090FD0300918E
:1002A000F30B00F9E58300917F0000F9F30303AA43
:1002B0004264019103008052004840F98E0A009484
:1002C000A00000357F0200F9E10313AAE08300914A
:1002D000CBFFFF97F30B40F9FD7BC7A8C0035FD6A8
:1002E000FD7BB9A9E403012A03008052FD030091BC
:1002F000F30B00F9F30302AAE5830091C10000901B
:10030000C200009021AC0291426401917A0A0094EB
:100310007F0200F980000035E10313AAE083009119
:10032000B7FFFF97F30B40F9FD7BC7A8C0035FD66B
:10033000004840F9EBFFFF17FD7BBEA9FD030091CC
:10034000F35301A9F40300AAF30302AA5F0000F922
:10035000410100B4E20301AAC1000090219801917B
:10036000550A0094E103002AA000F836F35341A98E
:10037000FD7BC2A8C0035FD601008052E20313AA2E
:10038000E00314AAF35341A9FD7BC2A8D5FFFF17D0
:10039000004840F9E9FFFF17200100B4010040F9CF
:1003A000E10000B4210040F9213440F9210C40F96A
:1003B000A10000B4F00301AA00021FD6000080D201
:1003C000C0035FD6A0048092FEFFFF17A00100B417
:1003D000000040F9600100B4FD7BBFA9FD0300915E
:1003E0004A050094800000B540028092FD7BC1A8C0
:1003F000C0035FD61B050094A0FFFFB5FBFFFF17EE
:10040000C0035FD6600400B4FD7BBDA9FD0300916D
:10041000F35301A9F30300AAF51300F9000040F912
:10042000C00300B4F40301AA000040F9153440F9F8
:10043000A01240F9600100B4E00313AA49FFFF973E
:10044000A21240F9E10314AAF51340F9E00313AA3C
:10045000F35341A9F00302AAFD7BC3A800021FD6F3
:10046000601240B940021036E00313AAD8FFFF978C
:10047000F30300AAA00000B41F0440B168000054B8
:10048000000040F920FDFFB54002809204000014F6
:10049000000080D2C0035FD6000080D2F35341A990
:1004A000F51340F9FD7BC3A8C0035FD6A00480927A
:1004B000FBFFFF17200100B4010040F9E10000B488
:1004C000210040F9213440F9211840F9A10000B47D
:1004D000F00301AA00021FD600008052C0035FD6BD
:1004E000A0048012FEFFFF17200100B4010040F9B4
:1004F000E10000B4210040F9213440F9211C40F909
:10050000A10000B4F00301AA00021FD6000080522F
:10051000C0035FD6A0048012FEFFFF17FD7BBCA9BD
:10052000FD030091F35301A9F55B02A9F71B00F944
:10053000800400B4F50300AA000040F9200400B4D0
:10054000000040F9B6048012173440F9E01640F973
:10055000C00300B4F40301AAE00301AAD6FFFF9789
:100560001F000071F303002A0410567A8001005422
:10057000800240F9010440F9C000009000C80191D8
:10058000CCF9FF97F55B42A9E003132AF35341A985
:10059000F71B40F9FD7BC4A8C0035FD6E21640F903
:1005A000E10314AAE00315AA40003FD6F303002A92
:1005B000A0FEFF34E00314AACCFFFF97F2FFFF1761
:1005C00013008052F0FFFF17F303162AEEFFFF1708
:1005D000FD7BB6A9FD030091F35301A9F40300AA22
:1005E000F55B02A9F76303A9F96B04A9004840F978
:1005F0002002F8B7D6000090D62E0291F503012A0A
:1006000003008052E10316AAC200009042640191E7
:10061000D3090094F303002A0007F836804A40F912
:10062000D6000090D6CA0291E10316AA830900946D
:100630000007F836000080522A000014E30317AACE
:10064000E2031A2AE10316AAE00314AA11FFFF9796
:100650001F080031A10000545A0700117F021A6BD5
:10066000E1FEFF54EEFFFF17C0030035FF0640B167
:1006700089000054E003172A40030035E8FFFF1704
:10068000E30318AAE2031A2AE10319AAE00314AA51
:1006900000FFFF971F14083100FEFF5420020035B1
:1006A000E02B40F99F0200EBD500003560FDFF54C0
:1006B0001F0740B1A9000054E003182AEFFFFF17FD
:1006C000C1FCFF54FBFFFF17E10317AAE00318AAC0
:1006D00093FFFF971F98003100FCFF54E0FBFF36AB
:1006E000F35341A9F55B42A9F76343A9F96B44A908
:1006F000FD7BCAA8C0035FD6D9000090F7E3019143
:10070000F8430191398B02911A008052D4FFFF17F0
:10071000007C4093810080D213FC42D3E00313AAF3
:1007200011D7FF97F70300AA600000B5600180129F
:10073000ECFFFF17E20300AAE30313AA804A40F983
:10074000E10316AA47090094A0050035DA000090DD
:10075000F9E301915A8B0291F603132A180080D213
:1007600013008052DF02186B4D040054E07A78B811
:1007700040020034E30319AAE203182AE1031AAA8B
:10078000E00314AAC3FEFF97F303002A1F140831E5
:1007900080000054A00000341F080031A101005463
:1007A0001300805205000014E03F40F99F0200EB67
:1007B000950000358100005418070091EAFFFF17EB
:1007C000C1FFFF543F0740B1A9000054F303192AA9
:1007D0007F02007160D29F1AC2FFFF17E17A78B8DA
:1007E000E00319AA08FFFF97F303002A60FEFF3613
:1007F000E00317AAC5D4FF97F6FFFF17F303002AFB
:10080000FCFFFF17FD7BBFA921008052FD03009173
:1008100070FFFF9700008052FD7BC1A8C0035FD628
:1008200000008052C0035FD6001440F9C0035FD6B9
:10083000FD7BBFA9FD030091000040F9FD0300947A
:10084000001440F9FD7BC1A8C0035FD6FD7BBEA9A3
:1008500002008052FD030091F35301A9F40300AAA2
:10086000F30301AA004840F9C1000090212C039134
:10087000BC080094007C4093601600F9E10313AAC1
:10088000E00314AA2D040094740200F97F1600B945
:10089000F35341A9FD7BC2A8C0035FD6FD7BBEA96F
:1008A000FD030091F30B00F9F30300AAE1030094A8
:1008B000E10300AAE00313AAE5FFFF97F30B40F959
:1008C00000008052FD7BC2A8C0035FD6FD7BBEA99D
:1008D000FD030091F30B00F9000040F9D5030094EB
:1008E000F30300AAADFEFF971F0440B1A800005417
:1008F000612A40B90008C19A612E40B9007C019B71
:10090000F30B40F9FD7BC2A8C0035FD6FD7BBDA9F8
:10091000FD030091F35301A9F40300AAF51300F9B4
:10092000C403009401008052E20300AAF30300AA6A
:10093000E00314AA7FFEFF97F503002AA00100350B
:10094000804A40F922008052C10000902120049189
:1009500084080094602A00B922008052C1000090EF
:10096000804A40F9214804917E080094602E00B925
:10097000F35341A9E003152AF51340F9FD7BC3A801
:10098000C0035FD624344CD30224001200244092CA
:10099000213448D30020C49A1F9001F1680100540B
:1009A000830C80D26308C09A607C021BE103012A99
:1009B0000020C49A0008C19A0010005100240012BF
:1009C0000040032AC0035FD623008052F7FFFF17C1
:1009D00000008052C0035FD6FD7BBDA9E103012A60
:1009E000FD030091F35301A9F303022AF51300F963
:1009F000F50300AA000040F9016861B8BF3F03D5C4
:100A0000F403012A214450D33F0400F12002005492
:100A10003F0800F120020054410200B5BFC2FF9719
:100A2000E103002AA00240F9006873B8BF3F03D574
:100A3000822E48D300244092F35341A92108C29A40
:100A4000F51340F9FD7BC3A8007C019BC0035FD672
:100A5000C2C2FF97F3FFFF17C3C2FF97F1FFFF1753
:100A6000610080D2F0FFFF17FD7BBEA9FD0300915E
:100A7000F35301A9F40300AA6E030094F30300AA40
:100A8000E00314AA0C0400941F0400B1C000005439
:100A9000600200F900008052F35341A9FD7BC2A817
:100AA000C0035FD6A0028012FCFFFF17020040F9CE
:100AB000E1010035425040B9BF3F03D54201C03685
:100AC00002008052030040F961010035635040B9D3
:100AD000BF3F03D5420400115FA00F710001005415
:100AE00023FFC73700008052C0035FD642A440B93D
:100AF000F2FFFF1763A440B9F6FFFF17A00D8012A5
:100B0000FAFFFF17A50000B00800885209008852BC
:100B1000E40300AAA5402A91FD7BBFA906008052EC
:100B20000820A0720960A072FD030091A70040791F
:100B3000E000082AA1030035BF3F03D5820040F939
:100B4000405000B9E00304AAD9FFFF97A003003585
:100B5000800040F921030035005440B9BF3F03D560
:100B6000A20840B90200220AA00440B94200002AAB
:100B7000E240022A4200092A81020035BF3F03D524
:100B8000800040F9025000B9E00304AAC604001135
:100B9000C7FFFF97A5300091DF14007181FCFF545F
:100BA000FD7BC1A8C0035FD6BF3F03D5820040F9DB
:100BB00040A400B9E4FFFF1700A840B9E8FFFF1701
:100BC00000008052E7FFFF17BF3F03D5800040F9C8
:100BD00002A400B9EDFFFF17FD7BBEA9FD03009144
:100BE000F35301A9F30300AA33C2FF97F40300AA49
:100BF000E00313AA0F030094941A00B4F30300AAAD
:100C0000000040F9000040B9BF3F03D500000032AA
:100C1000BF3F03D5610240F9200000B9B5BDFF9781
:100C2000BF3F03D5600240F9E1008052013000B9B6
:100C3000B0BDFF97BF3F03D5600240F9E10F80527E
:100C4000018800B9ABBDFF97610240F9204840B967
:100C500000741E12204800B9610240F9209C40B97E
:100C600000741E12209C00B9802640B9850E40B940
:100C7000E103052AA5781E1243FFFF97BF3F03D566
:100C8000610240F9254800B9821240B9BF3F03D53F
:100C9000610240F9224C00B9BF3F03D5610240F91F
:100CA000206000B9811640B9BF3F03D5600240F90A
:100CB000015800B9811A40B9BF3F03D5600240F91D
:100CC000015C00B9811E40B9BF3F03D5600240F905
:100CD000016400B9812240B9BF3F03D5600240F9E9
:100CE000016800B9812640B9BF3F03D5600240F9D1
:100CF000016C00B9810240B9BF3F03D5600240F9E1
:100D0000013C00B9810640B9BF3F03D5600240F9FC
:100D1000014000B9810A40B9BF3F03D5600240F9E4
:100D2000014400B9804A40B9853240B9E103052A3F
:100D3000A5781E1214FFFF97BF3F03D5610240F94B
:100D4000259C00B9823640B9BF3F03D5610240F906
:100D500022A000B9BF3F03D5610240F920B400B919
:100D6000813A40B9BF3F03D5600240F901AC00B9F8
:100D7000813E40B9BF3F03D5600240F901B000B9E0
:100D8000814240B9BF3F03D5600240F901B800B9C4
:100D9000814640B9BF3F03D5600240F901BC00B9AC
:100DA000814A40B9BF3F03D5600240F901C000B994
:100DB000812A40B9BF3F03D5600240F9019400B9D0
:100DC000812E40B9BF3F03D5600240F9019800B9B8
:100DD000610240F9204840B900040032204800B9BF
:100DE000610240F9209C40B900040032209C00B907
:100DF000E00313AA0100805243FFFF9721008052B5
:100E0000E00313AA40FFFF97002080522000A07249
:100E100028BDFF97814E40B9BF3F03D5600240F91E
:100E200001D400B9815240B9BF3F03D5600240F9F7
:100E300001D800B9815640B9BF3F03D5600240F9DF
:100E400001DC00B9815A40B9BF3F03D5600240F9C7
:100E500001E000B9815E40B9BF3F03D5600240F9AF
:100E600001E400B9816240B9BF3F03D5600240F997
:100E700001E800B9816640B9BF3F03D5600240F97F
:100E800001EC00B9816A40B9BF3F03D5600240F967
:100E900001F000B9BF3F03D5610240F92000805244
:100EA000207800B9BF3F03D5610240F920CC00B9DA
:100EB000600240F9004840B9BF3F03D5000003324B
:100EC000BF3F03D5610240F9204800B9600240F9F4
:100ED000009C40B9BF3F03D500000332BF3F03D59C
:100EE000610240F9209C00B9BF3F03D5600240F980
:100EF0001F3000B9FFBCFF97BF3F03D5600240F928
:100F00001F8800B9FBBCFF97610240F9201440B96B
:100F100000741C12201400B9610240F920F440B999
:100F2000005C181220F400B9600240F9000040B9DA
:100F3000BF3F03D500781F12BF3F03D5610240F9C0
:100F4000200000B9EBBCFF97F35341A90000805289
:100F5000FD7BC2A8C0035FD6FD7BBDA9E103012ACA
:100F6000FD030091F35301A9F51300F9F503022ADB
:100F7000020040F9416861B8BF3F03D5214850D312
:100F80003F080071A003005488010054F40300AA34
:100F90006102003501098052820D80528FFEFF9759
:100FA000810240F9216875B8BF3F03D521284092DE
:100FB0000008C19A060000143F0C00714002005462
:100FC0003F10007140020054000080D2F35341A949
:100FD000F51340F9FD7BC3A8C0035FD6F303032AD2
:100FE00081138052021880527CFEFF97810240F9E3
:100FF000216873B8EDFFFF1748C1FF97E003002A8F
:10100000F3FFFF1755C1FF97FDFFFF1756C1FF976D
:10101000FBFFFF17FD7BBFA903168052820B805296
:10102000FD03009101088052CCFFFF97FD7BC1A812
:10103000C0035FD6FD7BBEA9FD030091F30B00F951
:10104000F30300AAF4FFFF97E003002A610240F9CE
:10105000214440B9BF3F03D5212448D3F30B40F9C5
:101060000024C19AFD7BC2A8C0035FD6FD7BBDA949
:10107000FD030091F35301A9F40300AAF51300F94D
:10108000000040F9EB010094F30300AA810E40F93F
:101090003F0C00F180040054227800D15F5400F12D
:1010A000081100545F540071C8100054A000009053
:1010B00000802C91005862786200001040A8208BBC
:1010C00000001FD6E00313AA83158052020B805242
:1010D00081078052A1FFFF97610240F9213C40B98E
:1010E000BF3F03D521284092210400910008C19AF6
:1010F000F35341A9F51340F9FD7BC3A8C0035FD6A4
:10110000E00313AAC4FFFF97610240F9E003002A3D
:10111000214440B9BF3F03D5210400120024C19AE5
:10112000F4FFFF17010040F9210440B9BF3F03D588
:101130008100C036B8FFFF97007C0153EDFFFF1719
:10114000B5FFFF97007C0253EAFFFF17E00313AAE5
:10115000B1FFFF97610240F9E003002A214440B942
:10116000BF3F03D5214450D3EDFFFF17E00313AA7F
:1011700083178052020D8052811C805277FFFF97A7
:10118000610240F921E440B9BF3F03D521284092D4
:10119000210400910008C19A008442D3D5FFFF17B3
:1011A000600240F9009440B9BF3F03D53FA00071F1
:1011B000E003002AA103005400681A531F000071C5
:1011C000011B80D2801A80D20000819A610240F90E
:1011D000F5179F1A346860B8BF3F03D5804A50D3D3
:1011E000942A00121F080071200500548802005440
:1011F000B50200126003003501098052E00313AA12
:10120000820D8052F5FDFF97610240F9E003002A4C
:1012100055020034216440B9BF3F03D521284092D4
:101220000008C19A0A000014026C1B533FA400710D
:1012300000701C530010821AE1FFFF171F0C007191
:10124000A00200541F100071A00200549406001167
:101250000008D41AA7FFFF17216840B9EFFFFF1756
:1012600081138052E00313AA02188052DBFDFF971E
:10127000610240F9E003002A7500003421B840B94A
:10128000E6FFFF1721BC40B9E4FFFF17A3C0FF979B
:10129000EFFFFF17B1C0FF97EDFFFF17B2C0FF9739
:1012A000EBFFFF17E00313AA63FFFF97E003002A99
:1012B00090FFFF17E00313AA5FFFFF97A2FFFF173E
:1012C000A00080928BFFFF17C1022836FD7BBEA9CC
:1012D000FD030091F35301A913FC001173661A1268
:1012E000000880D2737E4093E10313AA55D4FF9780
:1012F000F40300AAE00000B4E20313AA0100805244
:101300002BF1FF978102138BE00314AA07C3FF9709
:10131000E00314AAF35341A9FD7BC2A8C0035FD622
:10132000017C4093200080D20FD4FF17FD7BB9A928
:10133000FD030091F35301A9F40301AAF55B02A98F
:10134000F60300AAF76303A9F80303AAF70306AAA2
:10135000F96B04A9F90302AAFA0304AAFB2B00F90A
:10136000FB0305AA460000B4DF0000F9591100B4E0
:10137000800A40B9E1A30191A7030094F503002A74
:10138000400C0035011480D2200080D2F6D3FF97A4
:10139000F30300AA401000B415E0019100A00191F0
:1013A00001008012B55600A9000000A960620191F9
:1013B000000000A9746600A9E03740F9780A00F936
:1013C0007ADA02A9602200F9618E00B97B4A00F93D
:1013D000000440F9017440B901010037E03740F9D9
:1013E000010440F9217440B9810108374304009495
:1013F000608E00B909000014010040F901FFFFB43C
:10140000FBFEFFB7400A40F963320291E2031B2A58
:1014100058EDFF9740FEFF35805E40B94001003433
:10142000380100B5608A40B900001F32608A00B9F7
:10143000200080D2815E80B9CBD3FF97400A00B4F0
:10144000600A00F9E03740F9000440F9016840B94A
:1014500021010034608A40B9217C409300001C3295
:10146000608A00B9200080D2BFD3FF97C00800B4C3
:10147000601200F9D60200B4C00240F9016440B91C
:10148000A1000035C02240F9000440F9017040B9C4
:1014900021010034608A40B9217C409300001D3254
:1014A000608A00B9200080D2AFD3FF97C00600B495
:1014B000600E00F9C13A40F9D53A00F9C0A2019195
:1014C000603E00F9A10600F9350000F9E00313AA17
:1014D0000B050094F503002AA0050035810E40F9A4
:1014E000410200B5360300B5E03740F9000440F989
:1014F000010840F9A10300B5370400B5608A40B97E
:1015000000001A32608A00B9F35341A9E003152A9A
:10151000F55B42A9F76343A9F96B44A9FB2B40F99A
:10152000FD7BC7A8C0035FD6E00313AA20003FD607
:10153000F403002A80FDFF34E00313AAF503142A04
:1015400072D1FF97F1FFFF17C00240F9012040F967
:10155000C1FCFFB4E00313AA20003FD6F403002A25
:1015600040FCFF34F5FFFF17E00313AA20003FD62D
:10157000F403002A20FCFF34F0FFFF17F30200F908
:10158000DFFFFF1774018012ECFFFF17F403002A3E
:10159000EAFFFF17B5028012DCFFFF17750180120A
:1015A000DAFFFF17E60305AAE50304AAE40303AA8A
:1015B000030080D25EFFFF17FD7BBDA9FD030091F4
:1015C000F35301A9F40300AAF30302AAF55B02A9ED
:1015D000361C0012F50303AA400040F944010094B0
:1015E000C00100B4E10300AA76000036007040B9E3
:1015F000E0011036620E40A9E60315AAF55B42A988
:10160000E00314AAF35341A905008092FD7BC3A80F
:10161000040080D246FFFF1720008012F35341A937
:10162000F55B42A9FD7BC3A8C0035FD60000801212
:10163000FBFFFF17600800B4FD7BBEA9FD0300910E
:10164000F35301A9F30300AA008840B940056037AD
:10165000601A40F9800400B5740240F9805A40B91C
:10166000E0040035602240F9010440F9206440B9EB
:10167000E0000034622640F9A20000B5217440B9B0
:1016800012FFFF97600400B4602600F9611A40F968
:10169000C10100B4200040F9006040B9A00000354D
:1016A000202040F9000440F9006C40B9E00000340B
:1016B000612A40F9A10000B5817240B903FFFF978C
:1016C000800200B4602A00F9600240F9011C40F970
:1016D000C10200B5608A40B900001432608A00B9C6
:1016E00005000014D4FFFF9760010035608A40B9FF
:1016F00040FB67360000805207000014611E40F96D
:1017000021FBFFB5817240B9F0FEFF97A00000B544
:1017100060018012F35341A9FD7BC2A8C0035FD6CC
:10172000601E00F9D0FFFF17604A40F940FDFFB787
:10173000E00313AA20003FD6E0FCFF34F6FFFF17BA
:10174000A0028012C0035FD6000700B4FD7BBEA9D3
:10175000FD030091F35301A9F30300AA018840B9E6
:10176000A100003600008052F35341A9FD7BC2A8BE
:10177000C0035FD6140040F9AFFFFF97200100358A
:10178000601A40F9600100B5608A40B9000000327B
:10179000608A00B9E00313AA750400944001003484
:1017A000618A40B921781F12618A00B9EFFFFF17E3
:1017B000E6FFFF9760FFFF35608A40B960FE07369D
:1017C000E9FFFF17601A40F9A00100B5604A40F92F
:1017D000A000F8B7E00313AA010080527DFBFF9739
:1017E00000FEFF35811240F9810100B5E00313AA24
:1017F0007904009480FBFF34EAFFFF17000040F9F2
:10180000012440F941FEFFB4E00313AA20003FD6B3
:10181000E0FDFF34E3FFFF17E00313AA20003FD6EB
:1018200060FEFF34DFFFFF17A0028012C0035FD607
:10183000400000B4000840F9C0035FD6400000B487
:10184000000C40F9C0035FD6400000B4001040F91E
:10185000C0035FD6400000B4001C40F9C0035FD64F
:10186000400000B4002440F9C0035FD6400000B43B
:10187000002840F9C0035FD6023440F903A001916B
:101880005F0003EB40E001D100109F9A200000F9B7
:1018900000008052C0035FD6010040F9221840F9D1
:1018A000233C40F942A0019161E001D17F0002EBAD
:1018B00021109F9A010000F900008052C0035FD6FA
:1018C0005F0000F9038C46F863E001D164E0019108
:1018D0009F0000EB610000544002801208000014D9
:1018E000642040F9840440F9840840B93F00046B47
:1018F0008100005400008052430000F9C0035FD60D
:10190000633C40F9F1FFFF17001840F9C0035FD6B0
:10191000001440F9C0035FD6002040F9000440F9EC
:10192000000840B9C0035FD6018840B921001932D0
:10193000018800B9C0035FD6012400F9C0035FD657
:10194000FD7BBFA9FD030091004840F98405009488
:101950001F000071E0079F1AFD7BC1A8C0035FD67E
:10196000FD7BBEA9E403012A06008052FD0300911D
:10197000F35301A9F40300AAE103032A400A40F942
:10198000050080D2A30000F0639007912EEDFF9731
:10199000F30300AA1F0400B140010054801A40F96B
:1019A000DEFFFF971FB80171C1000054801A40F993
:1019B000E10313AAF35341A9FD7BC2A83704001425
:1019C000E00313AAF35341A9FD7BC2A8C0035FD66D
:1019D000FD7BBDA9FD030091F35301A9F30300AA08
:1019E000F403012AF51300F9400A40F9754A40F959
:1019F000E103152AD6E8FF97E203152AE303002A3C
:101A0000F51340F9E103142AE00313AAF35341A9A3
:101A1000FD7BC3A8D3FFFF17FD7BBCA9FD0300918D
:101A2000F35301A9F30300AAF403012AF55B02A909
:101A3000F71B00F9F70302AA400A40F9764A40F979
:101A4000E103162AC2E8FF97F503002AE103002A02
:101A5000400A40F9E50317AAE403142AE203162A10
:101A600006008052A30000F063900791F6ECFF9708
:101A7000F71B40F9E303152AE203162AE103142AAF
:101A8000F55B42A9E00313AAF35341A9FD7BC4A867
:101A9000B4FFFF17FD7BBFA9FD030091DFFFFF9798
:101AA0001F0400B141000054000080D2FD7BC1A89A
:101AB000C0035FD601008052C6FFFF17FD7BBFA9A0
:101AC000FD030091C3FFFF971F0400B141000054C4
:101AD000000080D2FD7BC1A8C0035FD60100805208
:101AE000F7FFFF17F6FFFF17FDFFFF17FD7BBDA9EF
:101AF000010100F021600291FD030091F35301A95F
:101B0000140100D094621591F51300F9F50300AAB1
:101B1000000100D000601591330000CBE0EB03B270
:101B2000E0DD9DF273FE4393737E009B000F8052B5
:101B3000737E209B9302138B7F0214EBE100005411
:101B4000140080D2F51340F9E00314AAF35341A91D
:101B5000FD7BC3A8C0035FD6810240F9E00315AA4C
:101B6000C0EEFF9700FFFF3494E20191F3FFFF17EF
:101B7000010100F0E303002A020100F02060069159
:101B800042600691010100F021002A91210002CB60
:101B9000E2EB03B2E2DD9DF221FC4393217C029B48
:101BA000020F8052217C229B0100018B3F0000EB41
:101BB00061000054000080D2C0035FD6020840B923
:101BC0005F00036BA0FFFF5400E00191F8FFFF17D7
:101BD000FD7BB9A9FD030091F76303A9F70300AAF0
:101BE000000100F000600291F96B04A93A1C001298
:101BF000010100F021A00291F35301A9210000CBC3
:101C00005901805214008052FB2B00F933FC44939D
:101C1000F55B02A9150100F0B5620291FB03132ADE
:101C2000180080D2160080527F03186B0C020054FB
:101C30009F020071841A4B3A9412961ADF2E0031DB
:101C40006100005439070071A1FEFF54F55B42A901
:101C5000E003142AF35341A9F76343A9F96B44A99C
:101C6000FB2B40F9FD7BC7A8C0035FD6E1031A2A0E
:101C7000E3A30191A212188BE00317AA4FFEFF976E
:101C8000010400113F04007189000054DF0200715B
:101C90000018423AD602801A18070091E3FFFF1796
:101CA000FD7BBDA9FD030091F35301A9F30300AA35
:101CB000F40302AAE00301AAF55B02A9F50303AA53
:101CC000F60304AA8AFFFF97600100B4E10300AAAB
:101CD000E50316AAE40315AAE20314AAF55B42A9D8
:101CE000E00313AAF35341A9030080D2FD7BC3A8EC
:101CF0002DFEFF17F35341A920008012F55B42A986
:101D0000FD7BC3A8C0035FD6E40303AA030080924F
:101D1000E4FFFF17FD7BB7A9FD030091F35301A971
:101D2000140100D0130100F0F55B02A99462159133
:101D300073620291F76303A9F50301AA170100D0AA
:101D4000F96B04A9F7621591F60302AAFB7305A9C2
:101D5000F90303AA9B1C0012E03F00F9420000B403
:101D60005F0000F9E00315AACC030094E21302918E
:101D7000A10000D0214C3191E03B00F9E00315AA0D
:101D800009040094F80300AA200300B4730217CBDF
:101D9000E0EB03B2E0DD9DF27B03001273FE4393A0
:101DA00017008052737E009B000F8052737E209B31
:101DB0008002138BE03700F9E08740B91F00176BF2
:101DC000CD0100541CC3378BF30314AAE03740F94C
:101DD0001F0013EB21020054E0031CAA41EEFF9701
:101DE00000040091F702000BF4FFFF17E08740B9F1
:101DF0001F0400314100005400008052F35341A9F8
:101E0000F55B42A9F76343A9F96B44A9FB7345A9A4
:101E1000FD7BC9A8C0035FD6F90000B47F0219EBAF
:101E20006000005473E20191E9FFFF177A0A40F95C
:101E30009A0100B47A0A40F97AFFFFB4400340F9EE
:101E400020FFFFB4E1031CAA06EEFF97A0000034B8
:101E50005A430091FAFFFF17430740F909000014A5
:101E6000DB000034E00315AA0E0400946000003784
:101E7000607240B920FC17361AFFFFB5030080D20C
:101E8000E20347A9E5230291E40315AAE10313AA9B
:101E9000C5FDFF971F4C003100FAFF5400FBFF35D2
:101EA000D6FAFFB4E04740F9C00200F9D3FFFF17AC
:101EB000FD7BBBA9FD030091F35301A9F55B02A9CA
:101EC000F76303A9F92300F9C105F8B7F50300AAE0
:101ED000561C0012400A40F91700809214008052EC
:101EE00070E5FF971F00007113A0971A737E40934F
:101EF0007F0600B101010054F55B42A9E003142AFA
:101F0000F35341A9F76343A9F92340F9FD7BC5A821
:101F1000C0035FD6E00313AA60030094400A40F9AF
:101F2000F903132AE103132A82EAFF9740010035DF
:101F3000F803142A400A40F9E103192AF403182A85
:101F400065E5FF97137C40937F02007173A2979A17
:101F5000E8FFFF17E403162AE10313AAE00315AA1A
:101F6000030080D2020080D26BFFFF971F00007138
:101F7000F803002A801A407AC1FDFF54EEFFFF17D4
:101F800014008052DDFFFF17FD7BBDA9FD0300910A
:101F9000F35301A9F30300AAF51300F9351C00124D
:101FA000004840F941010037608A40B98001783625
:101FB000E00313AAE5FDFF9720010034F35341A984
:101FC000F51340F9FD7BC3A8C0035FD66001F8B6E6
:101FD000600240F9007040B980FE1737748E46F8F1
:101FE00094E201D180E201911F0013EBC100005483
:101FF00000008052F2FFFF17AA03009460FD07372C
:10200000F4FFFF17E00314AAE103152ADFFFFF978F
:10201000943E40F9F3FFFF17407A40F9C00200B543
:10202000FD7BBFA940E20391C2000090FD03009137
:10203000408600F942602091000000A943C203914C
:1020400001008052000080D25CFDFF970001003546
:10205000417A40F93F4800F9407A40F9BBFDFF97CB
:102060006000003541620391210400A9FD7BC1A8F5
:10207000C0035FD6A0028012C0035FD6FD7BBFA95C
:10208000E103002AFD030091407A40F9D1FEFF9759
:102090001F0800314100005400008052FD7BC1A8A0
:1020A000C0035FD6421A40F9014840F9E20322AA70
:1020B000420000127FFFFF17437A40F9E203002A33
:1020C000010080D2E00303AA7AFFFF17FD7BBBA9C2
:1020D000FD030091F35301A9141C0012A00000900D
:1020E00000C82091E01B00F9A00000D00038059145
:1020F000E01F00F9A00000D000580591E02300F98E
:10210000A00000B000243891F51300F9E02700F991
:10211000E003142AE9FFFF97A0010035F5C3009101
:10212000130080D2A07A73F815030094E10300AA8B
:10213000407A40F9E203142A5EFFFF9780000035E1
:10214000730600917F1200F1E1FEFF54F35341A9A1
:10215000F51340F9FD7BC5A8C0035FD6000080528F
:10216000C0035FD6407A40F9411A40F9E10321AA41
:102170002100001285FFFF17FD7BBEA9FD03009122
:10218000F30B00F9131C001200008052A3FFFF970D
:1021900060010035E003132AB9FFFF970001003505
:1021A000E003132ACAFFFF97A0000035E003132ABB
:1021B000F30B40F9FD7BC2A8E9FFFF17F30B40F9D1
:1021C000FD7BC2A8C0035FD6E303002AE20312AA84
:1021D000407A40F9200100B4408640F9010040F9FE
:1021E000208000D1448440F9018000919F0001EBE0
:1021F00061000054000080D2C0035FD6010440F9A2
:10220000210840B93F00036B80FFFF54011040F9E3
:10221000F4FFFF17FD7BBCA9FD030091F35301A957
:10222000F55B02A9F71B00F9F70301AA418640F903
:10223000010800B4FF0200F9E503002AE3FFFF975D
:10224000400700B5E003052A4AFEFF97F60300AAFF
:10225000400700B4010680D2200080D242D0FF9710
:10226000F30300AAE00600B4C16240B9C100003423
:10227000217C4093200080D23BD0FF97200500B402
:10228000600200F97582009160420091760600F9C3
:10229000B55600A9000000A9408640F9010040F9A8
:1022A000350400F9611200F9A00600F9150000F9E3
:1022B000C12A40F9010300B4E00313AA20003FD66D
:1022C000F403002A80020034C06240B98000003468
:1022D000600240F90DCEFF977F0200F9611240F9CC
:1022E000A00640F9200400F9010000F97F1200F96E
:1022F000BF0600F9E00313AA04CEFF97F55B42A9DD
:10230000E003142AF35341A9F71B40F9FD7BC4A84D
:10231000C0035FD6F30200F914008052F8FFFF17E4
:1023200074018012F4FFFF17E00200F9FBFFFF17B2
:1023300054048012F2FFFF17F40B8012F0FFFF1716
:1023400074018012EEFFFF17FD7BBDA9FD03009114
:10235000F35301A9F303012AF40302AA5F0000F971
:10236000E1A30091ACFFFF97E0010035E11740F9D0
:1023700022400091230840F95F0003EBC0000054A5
:10238000636001D1E103132A646001915F0004EBF3
:10239000610000544002801203000014A1000035C7
:1023A000830200F9F35341A9FD7BC3A8C0035FD6A4
:1023B000632C40F921040051636001D1F3FFFF1742
:1023C000FD7BBDA9FD030091F30B00F9F30301AA06
:1023D0003F0000F9E1A300918FFFFF970001003556
:1023E000E11740F922400091210840F93F0002EB3B
:1023F00060000054216001D1610200F9F30B40F943
:10240000FD7BC3A8C0035FD6FD7BBBA9FD03009184
:102410007F0000F9F35301A9F55B02A9F76303A953
:10242000610400B4F60301AA557C4093F70303AAA4
:10243000E123019178FFFF97F303002A8002003522
:10244000F82740F9140F41F8946201D1806201919C
:102450001F0018EB61000054530280120C0000149E
:10246000800640F9E20315AAE10316AA86ECFF975D
:10247000F303002A80010035800640F999ECFF97AC
:10248000BF0200EB01010054F40200F9F55B42A920
:10249000E003132AF35341A9F76343A9FD7BC5A8C1
:1024A000C0035FD6942E40F9E8FFFF17B3028012F5
:1024B000F7FFFF17FD7BBDA9FD030091F35301A9B1
:1024C000F403002AF30301AAE00301AAF51300F9BB
:1024D000F50302AA83ECFF97E30315AAE203002A9F
:1024E000F51340F9E10313AAE003142AF35341A9B9
:1024F000FD7BC3A8C5FFFF17FD7BBEA9FD030091AF
:10250000F30B00F9F30300AA000440F9017440B989
:1025100001020036420A40F9010040F9A20100B46C
:10252000400A40F95DE9FF97E10313AA220C41F844
:10253000426001D1436001917F0001EBE100005452
:10254000F30B40F900040011FD7BC2A8C0035FD665
:1025500000008012F5FFFF17438C40B9422C40F970
:102560001F00036B00A0831AF2FFFF175F0000F942
:102570003F0400316100005440028012C0035FD666
:10258000FD7BBDA9FD030091F35301A9F303012ACB
:10259000F40302AAE1A300911FFFFF970001003599
:1025A000E11740F9230C41F8636001D162600191A9
:1025B0005F0001EBA100005440028012F35341A9D7
:1025C000FD7BC3A8C0035FD6628C40B95F00136B6C
:1025D00061000054830200F9F9FFFF17632C40F9F2
:1025E000F2FFFF175F0000F96100F8364002801229
:1025F000C0035FD6FD7BBDA9FD030091F35301A984
:10260000F303012AF40302AAE1A3009102FFFF975A
:1026100000010035E11740F9230C41F8636001D156
:10262000626001915F0001EBA10000544002801242
:10263000F35341A9FD7BC3A8C0035FD6624840F9AC
:102640007F02026B61000054830200F9F9FFFF175B
:10265000632C40F9F2FFFF175F0000F96100F8B644
:1026600040028012C0035FD6FD7BBDA9FD0300912F
:10267000F35301A9F30301AAF40302AAE1A3009111
:10268000E5FEFF9700010035E11740F9230C41F802
:10269000636001D1626001915F0001EBA100005411
:1026A00040028012F35341A9FD7BC3A8C0035FD64B
:1026B000624840F97F0202EB61000054830200F996
:1026C000F9FFFF17632C40F9F2FFFF17FD7BBCA950
:1026D000FD030091F35301A9F40301AAE1E3009182
:1026E000F51300F9F50302AACBFEFF9700020035AF
:1026F000E01F40F9130C41F8736201D1616201914E
:102700003F0000EB610000544002801208000014FA
:10271000610240F93F0014EB21010054E00313AAC9
:102720000AFCFF9740000035B30200F9F35341A9BA
:10273000F51340F9FD7BC4A8C0035FD6732E40F9A2
:10274000EEFFFF17C1010035FD7BBEA9FD0300911F
:10275000F35301A9F40300AAF30302AAFBFBFF97BA
:10276000E103002A40000035740200F9F35341A947
:10277000E003012AFD7BC2A8C0035FD6E003012A63
:10278000C0035FD6FD7BBDA9FD030091F30B00F9EB
:10279000F30302AAE2A300917F0200F9EBFEFF9788
:1027A000E103002AE01740F9E20313AAF30B40F912
:1027B000FD7BC3A8E4FFFF17FD7BBDA9FD030091CE
:1027C000F30B00F9F30302AAE2A300917F0200F9E0
:1027D00039FFFF97E103002AE01740F9E20313AA4B
:1027E000F30B40F9FD7BC3A8D7FFFF17FD7BBDA905
:1027F000FD030091F30B00F9F30302AAE2A3009199
:102800007F0200F95AFFFF97E103002AE01740F921
:10281000E20313AAF30B40F9FD7BC3A8CAFFFF171D
:10282000FD7BBDA9FD030091F30B00F9F30302AAA0
:10283000E2A300917F0200F96BFFFF97E103002AFA
:10284000E01740F9E20313AAF30B40F9FD7BC3A89C
:10285000BDFFFF17FD7BBDA9FD030091F30B00F940
:10286000F30302AAE2A300917F0200F97BFFFF9726
:10287000E103002AE01740F9E20313AAF30B40F941
:10288000FD7BC3A8B0FFFF17FD7BBEA9FD03009130
:10289000F30B00F9F30301AA3F0000F9C9FEFF970B
:1028A000E0000035610240F9A10000B4F30B40F9EB
:1028B000E00301AAFD7BC2A8A4FBFF17F30B40F9BC
:1028C000FD7BC2A8C0035FD6FD7BBEA9FD030091BE
:1028D000F30B00F9F30301AAECFFFF97A00000350A
:1028E000600240F91F0000F140028012E013801ADC
:1028F000F30B40F9FD7BC2A8C0035FD6FD7BBEA9E8
:10290000FD030091F35301A914600191012040F9E6
:1029100021400091220440F9340400F9018805A9FE
:10292000540000F9011840F9E10100B4212040F9F8
:10293000210440F9211C40F9610100B4F30300AA0D
:1029400020003FD6A0000034628645A9410400F96A
:10295000220000F97FFE05A9F35341A9FD7BC2A81F
:10296000C0035FD600008052FCFFFF17FD7BBEA9AD
:10297000FD030091F30B00F9F30300AA012040F9D5
:10298000210440F9211040F9A10000B5601A40F976
:10299000000100B5000080520300001420003FD663
:1029A00060FFFF34F30B40F9FD7BC2A8C0035FD684
:1029B000002040F9000440F9012040F9C1FEFFB4B5
:1029C000E00313AAF00301AAF30B40F9FD7BC2A8B0
:1029D00000021FD6FD7BBEA9FD030091F30B00F999
:1029E000F30300AA011840F9210100B5602240F963
:1029F000000440F9011440F9810100B50000805243
:102A0000F30B40F9FD7BC2A8C0035FD6212040F93B
:102A1000210440F9212440F9A1FEFFB420003FD653
:102A200060FEFF34F7FFFF17E00313AAF00301AACB
:102A3000F30B40F9FD7BC2A800021FD6FD7BBDA9A8
:102A4000FD030091F35301A9F40300AA7FFBFF9754
:102A5000F30300AAA10000B0804A40F9E28300918C
:102A600021683891630080D27E000094E000003538
:102A7000E02340B9600200F9E02740B9600A00F99C
:102A8000E02B40B9600600F9E00314AAF35341A912
:102A9000FD7BC3A884FDFF17FD7BBEA9FD0300914C
:102AA000F30B00F9F30301AA68FBFF97010040F95B
:102AB0003F0013EB08010054020440F92200028B8E
:102AC0005F0013EB89000054000840F97302008B8B
:102AD000730201CBE00313AAF30B40F9FD7BC2A8FC
:102AE000C0035FD6FD7BBDA9FD030091F35301A98F
:102AF000F303022AE20301AAE103002AF40303AA72
:102B0000400A40F9E3B30091CDE3FF97C00100B460
:102B100062060011E12F80B9427C7E933F0002EBF8
:102B2000630100540000028B00C05FB80008C05A67
:102B3000800200B900008052F35341A9FD7BC3A875
:102B4000C0035FD6A0028012FCFFFF17400980126D
:102B5000FAFFFF17E30302AA02008052E2FFFF1709
:102B6000FD7BBEA9FD030091E3730091E21F00B954
:102B700002008052DCFFFF97E01F40B9FD7BC2A836
:102B8000C0035FD6FD7BBEA9FD030091E21F00B923
:102B9000E2730091F0FFFF97E01F40B9FD7BC2A8F0
:102BA000C0035FD6FD7BBDA9FD030091F30B00F9C7
:102BB000F30302AAE20301AAE103002A400A40F952
:102BC000E3B300919EE3FF97E00000B5730000B40B
:102BD00001008012610200B9F30B40F9FD7BC3A82C
:102BE000C0035FD6B3FFFFB4E12F40B9FAFFFF1770
:102BF000FD7BBDA9FD030091E2B30091F35301A950
:102C0000E9FFFF97C00000B5130080D2E00313AACC
:102C1000F35341A9FD7BC3A8C0035FD6F42F80B94D
:102C2000F30300AAE10314AAC5EAFF979F0200EB91
:102C3000E8FEFF54F5FFFF17FD7BBEA9FD030091E1
:102C4000E2730091D8FFFF97E11F40B91F0000F128
:102C5000A0028012FD7BC2A82010801AC0035FD69C
:102C6000E403032AE30302AAE20301AAE103002A20
:102C7000400A40F9CFE7FF17FD7BBFA9E10300AA97
:102C8000FD030091400A40F931E4FF97007C409336
:102C9000FD7BC1A8C0035FD6E10300AA8000F8B79E
:102CA000400A40F9020080D291E2FF17000080D272
:102CB000C0035FD6FD7BBFA9E30302AAE20301AA1A
:102CC000FD030091E103002A400A40F99BE4FF97CD
:102CD0001F040031C00000541F000071A1028012C7
:102CE00000A0811AFD7BC1A8C0035FD680078012B7
:102CF000FDFFFF17FD7BB9A9FD030091F35301A967
:102D0000F30305AAE503042AE403032AE30302AA62
:102D1000E20301AAE103002A400A40F9E6A3009178
:102D2000C3E7FF97F403002A20010035E02B80B9A8
:102D3000E1C30091600200F9020880D2E02F40B99F
:102D4000600A00B960320091B3EAFF97E003142AE9
:102D5000F35341A9FD7BC7A8C0035FD6E403032A50
:102D6000E30302AAE20301AAE103002A400A40F9B0
:102D7000060080D205008012ADE7FF17FD7BBFA9DA
:102D8000E10300AAFD030091400A40F9B2E3FF9776
:102D90001F00007100A09F5AFD7BC1A8007C4093DA
:102DA000C0035FD6E30302AAE20301AAE103002AFB
:102DB000400A40F922E3FF17FD7BBFA9020080D241
:102DC000FD030091F8FFFF971F0000F1E0079F1A35
:102DD000FD7BC1A8C0035FD6F8FFFF17E10300AA7F
:102DE000400A40F97CE6FF17E10300AA400A40F9D7
:102DF00086E6FF17FD7BBCA9FD030091F35301A9F3
:102E0000F40300AAF30302AAF55B02A9F503012A61
:102E1000F76303A9781C0012620000B4E07F40B29F
:102E2000400000F9E00314AA94FFFF97F70300AAFB
:102E3000EBFFFF97F603002AE00317AAEBFFFF97CB
:102E4000E503002AE703182AE60313AAF76343A958
:102E5000E403162AE303152AE103142AF35341A9D4
:102E6000A20000D0F55B42A942900791FD7BC4A867
:102E7000400A40F9CFE7FF1723008052DEFFFF171B
:102E8000FD7BBEA9FD030091E2630091FBFFFF976C
:102E9000FD7BC2A8C0035FD601008052F9FFFF1777
:102EA00020008052C0035FD6FD7BBDA9E303012A49
:102EB000E103002AFD030091F30B00F9E483009184
:102EC000F30302AAA20000D0400A40F94290079101
:102ED00007E8FF97A001F837E00313AA020780D2A2
:102EE0000100805232EAFF97E01340F9600200F9D6
:102EF000E01740F9600600F900008052F30B40F93A
:102F0000FD7BC3A8C0035FD6A0028012FCFFFF17A1
:102F1000FD7BBEA9FD030091F35301A9F40302AAAE
:102F2000F30300AAE20301AAA10000D021580691F0
:102F300061FFFF97E000F837E103002AE20314AADB
:102F4000E00313AAF35341A9FD7BC2A8D7FFFF17E3
:102F5000F35341A9FD7BC2A8C0035FD6FD7BBFA987
:102F6000E20301AAE103002AFD030091400A40F9AF
:102F70004EE4FF971F000071E0179F1AFD7BC1A868
:102F8000C0035FD6FD7BBFA9E403032AE30302AAC3
:102F9000FD030091E20301AAE103002A400A40F97F
:102FA0007CE3FF97007C4093FD7BC1A8C0035FD604
:102FB000FD7BBEA9FD030091F35301A9F40300AA10
:102FC000F303012AA00000D0008006916CFFFF9758
:102FD000C000F8B7E203132AE10314AAF35341A98E
:102FE000FD7BC2A8DFFEFF17E003132AF35341A9BC
:102FF000FD7BC2A8C0035FD6014840F96100F8B666
:1030000000008052C0035FD6FD7BBBA9FD03009189
:10301000F35301A9B40000B094920791F55B02A9A3
:10302000B50000B0B5B60691F76303A9400A40F9B0
:103030001CE1FF971F00007100A09F5A137C409372
:103040007F0600B1E100005400008052F35341A913
:10305000F55B42A9F76343A9FD7BC5A8C0035FD612
:10306000E00313AA0DFFFF97A00600B4E33301911C
:10307000E10314AAE00313AA220080529AFEFF97EC
:10308000F703002AC0050035E00313AA83FFFF976A
:10309000F80300AA1F0400B120050054E2230191A7
:1030A000E10315AAE00313AABFFEFF97800400B452
:1030B000E14B80B9820180D2E57F40B22108C29AFB
:1030C000E14B00B9E14B40B9FF02016B0B01005429
:1030D000400A40F9E103132AFFE0FF971F00007147
:1030E00000A09F5A137C4093D6FFFF17020C402983
:1030F00000300091E84F40B94108C05A4208C05A18
:1031000004C05FB8471000918608C05A8408C05AAE
:103110001F0107EB82010054810000F0A00000B005
:1031200021C40A91000C0791E2EEFF97E14F40B9EC
:10313000A00000B000A00791DEEEFF97A002801271
:10314000C3FFFF17040100B43600180B6208C05A11
:103150002100180B9F0005EB01010054BF3F03D570
:10316000220000B9E103162A210040B9BF3F03D570
:10317000F7060011D4FFFF17230040B96200024A8E
:103180004200060A4200034AF6FFFF17014840F9D1
:103190006100F8B600008052C0035FD6FD7BBBA97A
:1031A000FD030091F35301A9B40000B0949207917C
:1031B000F55B02A9B50000B0B5B60691F76303A9A7
:1031C000400A40F9B7E0FF971F00007100A09F5A26
:1031D000137C40937F0600B1E10000540000805250
:1031E000F35341A9F55B42A9F76343A9FD7BC5A849
:1031F000C0035FD6E00313AAA8FEFF97A00600B4A1
:10320000E3330191E10314AAE00313AA22008052E0
:1032100035FEFF97F703002AC0050035E00313AA27
:103220001EFFFF97F80300AA1F0400B120050054F9
:10323000E2230191E10315AAE00313AA5AFEFF97C6
:10324000800400B4E14B80B9820180D2E57F40B2B6
:103250002108C29AE14B00B9E14B40B9FF02016B72
:103260000B010054400A40F9E103132A9AE0FF974A
:103270001F00007100A09F5A137C4093D6FFFF17D8
:10328000020C402900300091E84F40B94108C05A73
:103290004208C05A04C05FB8471000918608C05A5F
:1032A0008408C05A1F0107EB82010054810000F01E
:1032B000A00000B021180B91000C07917DEEFF9744
:1032C000E14F40B9A00000B000A0079179EEFF9750
:1032D000A0028012C3FFFF17040100B43600180BD0
:1032E0006208C05A2100180B9F0005EB0101005431
:1032F000BF3F03D5220000B9E103162A210040B9DF
:10330000BF3F03D5F7060011D4FFFF17230040B9D4
:103310006200024A4200060A4200034AF6FFFF1713
:10332000A00000B000D80891FD7BBFA9FD0300916B
:1033300091C9FF978AB6FF97400E8012FD7BC1A806
:10334000C0035FD6FD7BBDA9FD030091F35301A926
:10335000F40300AAF303032AF55B02A9F50301AA0B
:10336000F60302AAE20316AAE10315AAE00314AACF
:103370008906009480000034730600517F060031F6
:1033800021FFFF54F35341A9F55B42A9FD7BC3A87C
:10339000C0035FD6FD7BBCA9FD030091F30B00F9D0
:1033A000F30300AAE00300B2E01300F9FF2B00B919
:1033B00041010034610240F9603E40B9210C40B93E
:1033C0000100010A00040312213C19122100002A05
:1033D00021000232E12B00B9E1830091E00313AA3E
:1033E000020080D26C06009460000035E12F40B9E5
:1033F000613E00B9F30B40F9FD7BC4A8C0035FD662
:10340000FD7BBCA9FD030091F30B00F9F30300AAB7
:10341000007D80D294E9FF97E00313AAE183009135
:10342000020080D2FF1300F9FF2B00B95A06009466
:10343000F303002A6000003500FA80D28AE9FF9782
:10344000E003132AF30B40F9FD7BC4A8C0035FD649
:10345000FD7BBEA9FD030091F35301A93F0C007150
:10346000000300540C020054810200342104005176
:103470003F040071E8010054134C40F9134400F973
:10348000148040B991060094F403142A730AD49A64
:10349000130C00F900008052F35341A9FD7BC2A830
:1034A000C0035FD6211000513F0C0071E9000054A9
:1034B00000008012F9FFFF17134840F9F0FFFF17D3
:1034C000135040F9EEFFFF1701CC218B335440F924
:1034D000EBFFFF17FD7BA4A9210080520100A2721F
:1034E000FD030091F35301A9020080D2F30300AA67
:1034F000F55B02A9F60680D2B602C0F2F76303A913
:10350000F96B04A9013400B901E04079F64300F9F0
:10351000213C1053E18B00B9E10302911E06009497
:10352000F403002A20050035E00300B2F5FF039103
:10353000B5E67A92F50305A900018052D61200D1B2
:10354000E2430191E103029163008052E06300B91C
:10355000E00313AAF64300F9FF8B00B97AFFFF9747
:10356000F403002A20030035A00240B90108C05A24
:10357000614A00B9000C0012A20640B94208C05AC4
:103580001F040071000300541F0800712103005440
:103590003F0071F26000B0524300B0520010831A35
:1035A000600A00B9624E00B981009036603640B9B9
:1035B00000000332603600B9610A40B92000B05201
:1035C0003F00006BA1010054F55B42A9E003142AFF
:1035D000F35341A9F76343A9F96B44A9FD7BDCA828
:1035E000C0035FD6004081522000B072EDFFFF178C
:1035F0002000B052EBFFFF17F5FF0591D70080D2F6
:1036000038FE9F52B5E67A92B6008052B702C0F2F9
:10361000F81FA072F90300B21A088052D606007192
:10362000A0010054E2A30191E1830291E00313AAF7
:10363000F5E706A9FA7B00B9F75300F9F8AB00B932
:10364000D505009460010035A01E40B90008C05A9D
:1036500060FE8F37A00E40B90008C05A60FB8F365D
:10366000603640B900001E32603600B9D7FFFF1740
:10367000F403002AD5FFFF17FD7BBCA9830080520D
:10368000020080D2FD030091F30B00F9F30301AABD
:10369000A10180D2A102C0F2E11300F901E040795A
:1036A000213C1053E12B00B9E183009126FFFF97E5
:1036B00060000035E12F40B9610200B9F30B40F919
:1036C000FD7BC4A8C0035FD6FD7BBAA9211C0012F4
:1036D0003F040071FD030091F35301A9F40300AA14
:1036E000421C0012F51300F9E5179F1A5FCC027116
:1036F000631C001201D8413940018052E4179F1A1F
:103700003F000071337C001B813E80527312811A8E
:10371000BF00046A8000005481DE4139410000345A
:10372000337C001B635C1853C00080D26240022AC5
:10373000A003C0F242040832E10301916300805209
:10374000E02300F9E00314AAE24B00B9020080D2A2
:10375000FDFEFF97C0030035000080D279E8FF9797
:10376000027D805221008052F50300AAE00314AAD2
:10377000627E021B2D0500941F000071A1048012BF
:103780000410417A41020054737E4093E1F30091AA
:10379000E00314AAB9FFFF97C0000035E13F40B92C
:1037A000E1013837211018123F0024710001005444
:1037B000800C80D2ACE8FF97E00315AA61E8FF9780
:1037C0001F0013EB43FEFF54A00D8012F35341A9D9
:1037D000F51340F9FD7BC6A8C0035FD680008012B8
:1037E000FBFFFF1703CC40B963020035FD7BBDA989
:1037F000030280D2A302C0F2FD030091E11B00B9D5
:1038000001F040B9E30B00F9E1000836E143009113
:1038100083008052020080D2CBFEFF97FD7BC3A8BD
:10382000C0035FD6E1430091020080D25A050094A4
:10383000FBFFFF1700008052C0035FD6FD7BBDA9D0
:1038400082018052FD030091E21300B9020840B9E1
:10385000FF1B00B98201F837211C0012A20280521E
:103860003F0040F2A10380522110821A020080D250
:10387000E11700B9E143009147050094FD7BC3A81F
:10388000C0035FD6A1038052F9FFFF17FD7BB6A9E5
:10389000FD030091F35301A9F55B02A9F60301AA08
:1038A000F50302AAF76303A9F70303AAF96B04A9B6
:1038B000FB2B00F9E5F7FF97F40300AA000440B9D9
:1038C000F50100B46C050094F30300AA800100B474
:1038D000812E4039E00314AAFAEFFF970001F83770
:1038E000820E40F9A102168B3F0002EBA9010054A1
:1038F000A00000B000C00991EEECFF97150080D247
:10390000F35341A9E00315AAF55B42A9F76343A964
:10391000F96B44A9FB2B40F9FD7BCAA8C0035FD615
:10392000618240B9E00313AAAFFFFF9780FEFF3525
:10393000E20315AAE10317AAE00313AAF80315AAE4
:10394000FA040094F903002ABA0280523B00805224
:103950003F0318EB618240B93493989A621E40B9D4
:103960009F0600F1F73700F9E0979F1A5F0000719A
:1039700000440011E06B1029207C161BE2A301918A
:10398000FB530E29C012801AE17B00B9E1030291BA
:10399000E08B00B9E00313AAFF0400948002003515
:1039A0009F0600F129010054E00313AA0100805290
:1039B000A3FFFF97A0000034A00000B000700A91A0
:1039C000BCECFF97CEFFFF17E003142A9FC220EB49
:1039D00061F9FF54608240B9D602148B180314EBCE
:1039E000175C149B61FBFF54C6FFFF170000805259
:1039F000F7FFFF17FD7BBBA9020180D2A202C0F234
:103A0000FD030091E10F00F9E10300B2E11300F9B9
:103A100001408052E12B00B9E1C30091E21B00F9A3
:103A2000E2630091FF3B00B9DB040094FD7BC5A875
:103A3000C0035FD6FF8309D181FFB712FD7B00A9C8
:103A4000FD030091F35301A9020840B9146C40F939
:103A50005F00016BC800005400008052FD7B40A94C
:103A6000F35341A9FF830991C0035FD6F37F01910E
:103A700073E67A92E10313AADFFFFF9700FFFF3599
:103A800081824239608242393F00006B60000054FD
:103A900020098012F2FFFF1781764339607643399F
:103AA0003F00006B61FFFF548102433960024339DC
:103AB0003F00006BE1FEFF5481824339608243394D
:103AC0003F00006B61FEFF546152039180520391ED
:103AD000820080D283E7FF9700FCFF34EDFFFF17E1
:103AE000FF8309D1FD7B00A9FD030091F35301A9D8
:103AF000F40300AAF303012A3F040071A00000545C
:103B000069030054200C00511F0400714803005445
:103B100023008052E00314AAC208801221008052C0
:103B2000EAFEFF97C0010035737A1E127F0600710E
:103B300061010054F37F0191E00314AA73E67A92C5
:103B4000E10313AAACFFFF97A000003560E64239FD
:103B50001F00007160418012E013801AFD7B40A9B4
:103B6000F35341A9FF830991C0035FD6030080523C
:103B7000E9FFFF17A0028012F9FFFF17D3FEFF171E
:103B8000FFC309D182FFB752FD7B00A9FD0300915D
:103B9000F35301A9F55B02A9010840B92100020B0A
:103BA0008200B8123F00026B280F0054F3BF01914E
:103BB000F40300AA73E67A92E10313AA8EFFFF973B
:103BC000F503002A200F0035806E40F9800000B513
:103BD000004080D256C8FF97806E00F9806E40F991
:103BE000E00E00B4E10313AA024080D20AE7FF9777
:103BF000600243391F200071680E0054810000D01C
:103C000021B02B91207860B8E13F8052800A00B942
:103C10008100A8721F00016B89010054811E40B908
:103C20008100003461D680B921D877D3814A00F968
:103C3000E19F80528100A8721F00016B690000544F
:103C400060E2433980DA0139601E4339616E4239DE
:103C500002040051421C0012210000125F7000712A
:103C6000C20380520080821A80DE013962824239AA
:103C700082CA0139608A433942000037600000344B
:103C800062CE423982D6013936000012A1000034DA
:103C900061824239610008366172423981CE013950
:103CA000001C6FD3804E00F983A2029165760291C9
:103CB00060A242390200805226008052001C6FD35D
:103CC000805200F9604602910400403901F05F38EB
:103CD000843C10538120010B04E05F382100042B49
:103CE0004200861AF600003464824339847C219BAA
:103CF00061764339217C049B21B06DD3610000F9CA
:103D0000000C009163200091BF0000EBE1FDFF5427
:103D100060824239DF02007142049F1A800000363F
:103D2000607242391F1040F24100005422020036F6
:103D300023008052E00314AAE103032A020A80123E
:103D40008FFFFF97F503002A000300352000805203
:103D500060BE0239801E40B900010034F600003414
:103D600060D680B900D877D3804A00F903000014E8
:103D700060BE423900FF0737609E423980D2013968
:103D8000609E4339001044D38012023915008052DE
:103D9000FD7B40A9E003152AF35341A9F55B42A935
:103DA000FFC30991C0035FD6806E40F920FFFFB4C6
:103DB00056C7FF979F6E00F9F6FFFF177501801237
:103DC000F4FFFF17B5028012F2FFFF17FD7BBCA9BD
:103DD000FD030091F35301A9F40300AAF55B02A9C6
:103DE000F503012A96008052F76303A9371C0012DD
:103DF0003808001283D64139E00314AA82098012E0
:103E00002100805263701D126300182A5CFFFF9727
:103E1000F303002AC0000034D6060071C1FEFF542F
:103E2000BF0200710008533A01010054E103152A52
:103E3000E00314AA87FDFF97F303002AE00314AA06
:103E400022040094172C0039F55B42A9E003132AE1
:103E5000F35341A9F76343A9FD7BC4A8C0035FD610
:103E6000441C0012E2000037020040F9420C4229D3
:103E70007F00016B6190811A3F00026B2120821A42
:103E800004800039012800B95F030014FD7BB9A943
:103E9000FD030091F35301A9F55B02A9361C001242
:103EA000F76303A9F92300F9011840B9410D003562
:103EB000E10080521F2800B901F000B921008052B2
:103EC00001800039F30300AA4F030094E00313AA12
:103ED00071030094600A0034603A40B90068161219
:103EE000603A00B9E00313AA7D030094600B00352B
:103EF000607E40B9607A00B920008052602600B927
:103F00007FCE00B9E00313AA7FEA00B93E03009414
:103F10000200805201008052E00313AAD1FFFF97F4
:103F2000E00313AA51030094E00313AA35FDFF97A1
:103F3000F403002A20090035E00313AAE3030094E8
:103F40001F2C003900018052E05300B941358052E6
:103F5000600240F9020080D2000C40B91F201172AB
:103F6000401580520000811AE05B00B9A002805227
:103F7000E1430191E05700B9E00313AA86030094DE
:103F8000C0000035E07341391FA802716100005480
:103F90004000B052600A00B9F70680D2380580D2DE
:103FA000357D8052B702C0F23800C0F25900B052DD
:103FB000E1430191E00313AA020080D2F72B00F93C
:103FC000FF5B00B97403009440050035600240F9BE
:103FD000F82B00F9620A40B9000C40B95F00196B78
:103FE000020080D200201112010002322000801A4B
:103FF000E1430191E05B00B9E00313AA660300947A
:1040000080030035E05F40B92001F837B506007144
:1040100040030054007D80D293E6FF97E5FFFF1731
:1040200000FA80D290E6FF97AFFFFF17620A40B90F
:104030004100B0525F00016B600000542100B0529B
:10404000610A00B9603E00B900785ED3601E00B915
:104050007FE2007900008052F35341A9F55B42A949
:10406000F76343A9F92340F9FD7BC7A8C0035FD6D6
:104070001FB8013121FFFF54E00313AAE1FCFF97B1
:10408000000080D22FE6FF97F50300AA9F0200717F
:10409000E00313AAE1079F1ABFFCFF97E103002A80
:1040A000E0010035603E40B92001F837E00315AA71
:1040B00024E6FF971FA00FF108010054800C80D266
:1040C0009406001168E6FF97F1FFFF172000805269
:1040D00060220339E0FFFF17A10D80129600003720
:1040E000A000009000DC0A91F2EAFF97C00B80125A
:1040F000DAFFFF17FD7BBEA9220080520200A272E8
:10410000FD030091F30B00F9F30300AA010040F94D
:10411000210840B92100022A013800B9E7020094C1
:10412000E00313AAD3020094200100357F1A00B9DE
:10413000A000009000940B91DEEAFF97400F8012E0
:10414000F30B40F9FD7BC2A8C0035FD6E00313AABE
:10415000010080524EFFFF9740FFFF352100805243
:1041600061260339F7FFFF17FD7BACA9FD03009122
:10417000F35301A9F30300AAF55B02A9F76303A9AE
:10418000F96B04A9FB7305A9006840F9B5F5FF9721
:10419000130000F9751A40B9D52F0035000080D200
:1041A000E8E5FF9760264339C014003460224339A4
:1041B0007F260339E0150035400080D2FF8B00B91F
:1041C000E000C0F2E04300F960F240B9E0180036C8
:1041D000E1030291E00313AA83008052020080D21F
:1041E00059FCFF97F403002A80120035E133029155
:1041F000020280D26082019187E5FF9760E24079F8
:10420000E1030291020080D2003C1053E08B00B920
:10421000600080D2A002C0F2E04300F9E00313AADC
:10422000DD020094F403002A80100035600A40B9D2
:104230006000F836E01F417960E20079200180D209
:10424000E1030291E000C0F2E04300F960E240794E
:10425000020080D2003C1053E08B00B9E00313AAA7
:10426000CD020094F403002A800E0035E18F52291C
:10427000610E0B29E283512962020A29640A40B9BE
:104280000300A8529F00036BA101005443745AD34A
:104290007F0C0071601400545F0404720113005419
:1042A0007F040071401300547F08007140130054D4
:1042B000034080522300A872630A00B9441843D314
:1042C000830000D063741491420840927FCE00B9FD
:1042D0007FEA00B963686438840000B084F02891F4
:1042E000827862B8044C50D3627C021B03304CD3FA
:1042F000620A0F2922008052634600B94220C41A84
:10430000641E40B924110034001410530040412AA7
:10431000010180D221080011000400915F000871A2
:104320007F7E0AA90020C19A417C40937F7E0BA921
:104330007F6200F9007C019B607E09A900408052E9
:1043400042D0801A628200B983010034604240B9D1
:104350001F04003120010054003C1053E08B00B9D1
:10436000800080D2E1030291020080D2E04300F994
:10437000E00313AA88020094E00080D2E1030291D6
:10438000A002C0F2E04300F960E24079020080D26E
:10439000003C1053E08B00B9E00313AA7E020094A6
:1043A000F403002AA00400350000801260D6013911
:1043B000E00313AAF3FDFF97F403002AE00300359E
:1043C000E00313AAC1020094012C4039E00313AAB0
:1043D00020FCFF97F403002A00030035630A40B96C
:1043E0002324F836E00313AA3BFCFF97F403002ACA
:1043F000400200350000A4D2773640B90000E2F256
:10440000E03300F9603A40B9940000B094422C9136
:10441000790080D2F702000A3B008052F76A161238
:10442000390700F1A1080054A000009000EC0B91A6
:1044300020EAFF97744180127F1A00B9050000142A
:10444000E00313AA2CFFFF97F403002A00EBFF34CC
:10445000F55B42A9E003142AF35341A9F76343A98A
:10446000F96B44A9FB7345A9FD7BD4A8C0035FD6B3
:10447000603E40B97F2203398002F837E00313AA77
:10448000E0FBFF97000080D22EE5FF97F60300AA1D
:10449000E00313AA21008052BFFBFF97F403002A18
:1044A000C0FCFF35603E40B90001F837E00316AAB2
:1044B00024E5FF971FA00FF1C8310054800C80D273
:1044C00069E5FF97F3FFFF170000A852600A00B9E3
:1044D000603E40B900785ED3601E00B92000805273
:1044E00060E2007935FFFF17E1030291E00313AAB0
:1044F000020080D2280200943BFFFF177F1000715A
:1045000081EDFF548300A8526CFFFF170380805297
:1045100069FFFF17034080524300A87267FFFF172F
:104520006300A85265FFFF1700241E530078412A3C
:1045300021444FD378FFFF17800240B96023C01A8F
:104540001F00176A6100005494220091B5FFFF1705
:10455000FC8301911A0080D2800640B9566B7CB86A
:10456000E002000A1F00166AC01600540000A8529C
:10457000DF02006B201100540000A452DF02006B28
:10458000001100540000A252DF02006BF8179F1ABE
:10459000400280D20024D89A6014003660E240794C
:1045A000E30680D2A302C0F2E1030391020080D2AD
:1045B000E36300F9003C1053E0CB00B9E00313AA19
:1045C000F5010094001300351F130071E30680D23B
:1045D000E0179F1AA302C0F263C400D1E103039164
:1045E00000781F53020080D2E36300F9E0CB00B9EA
:1045F000E00313AAE8010094F803002A40110035F3
:104600000000A852DF02006B000D00540000A4520D
:10461000DF02006BE00C00540000A252DF02006BCE
:10462000E0179F1A602600B9E00313AA76010094F0
:10463000620A40B92100B052800240B95F00016BAC
:10464000C10B0054800240B960EA00B90010003587
:10465000757E40B91F100071757A00B9E0179F1A76
:1046600060CE00B9E103152AE00313AA02008052CC
:10467000FCFDFF9760EA40B960EE00B960CE40B93A
:104680006000003400408052608200B9E00313AA49
:104690000E0200941F140079F40300AA1F300039A1
:1046A000608240B9E103002A1FE40272811200F91E
:1046B000E1079F1A1FF00172E2079F1A1FCC0472D4
:1046C0004104010BE2079F1A1F9C08722208020B8B
:1046D000E1079F1A410C010BE2FF9F521F00026B82
:1046E000E0979F1A2010000B802A00B9604640F91D
:1046F000618240B90008C19AA100009021D80D91B3
:10470000800E00F980B2009164DE407963D2407976
:10471000628E41393DE9FF9767AE4139805601917C
:1047200062824139A1000090636640B921300E9148
:10473000661C0012653C48D3645C50D3637C1853FC
:1047400032E9FF97626A40B980AA0191A100009006
:1047500021640E91434C50D3425C54D32BE9FF9714
:1047600020008052601A00B9608240F9200100B533
:10477000600240F902D490D2010000902200A0F221
:1047800021902C91030040F960020491CEC7FF975D
:10479000140080522FFFFF17180180527DFFFF1772
:1047A000980080527BFFFF17000180529EFFFF1789
:1047B000800080529CFFFF17800000341F080071AA
:1047C0002103005438008052C00080D2F6FF0391CC
:1047D000A002C0F2E05300F900FE9F52D6E67A92A2
:1047E000E01FB0720003002AE0AB00B9E00300B2A2
:1047F000E03B00F900088052E2A30191E1830291BD
:10480000F63700F9E07B00B9E00313AA62010094D7
:10481000A0000035C01240B9000C00121F00186B38
:1048200020F1FF54617E40B9E00313AA617A00B918
:10483000020080527FCE00B97FEA00B989FDFF9760
:104840005AE8FFB59A0080D244FFFF171F3000716D
:1048500028F0FF54810000B021702991355860B8CC
:104860007DFFFF17200080520000A272603600B961
:10487000626E40F980FFB7127F00006B890200541E
:10488000820000B5A000009000500C91E9FEFF17D7
:10489000200080520000AE72603600B941104339EA
:1048A00061E200B9C1000836044000113F041E72E5
:1048B0000000841A00001D32603600B9603640B92D
:1048C0006100003600041F32603600B97782462945
:1048D00081FFB7127F00016BE9ECFF54C2DAFFB42D
:1048E000617E40B9F702000A950000B0990000B05F
:1048F000E00313AAB5322B9139F3289102008052BC
:10490000B80080D23A0080529B0000B055FDFF975E
:10491000180700F1C1000054E103142AA000009020
:1049200000640D91E3E8FF97C3FEFF17A00240B9B2
:104930004023C01A1F00176AA0070054760328916D
:10494000A00240B9C11240391F100071E0179F1A30
:104950003F00006B61060054A00640B9C10240B997
:10496000E002000A1F00016AC0050054C30A40B9F2
:10497000E00313AA020980122100805263781D12FD
:104980007FFCFF97F403002AC0020035C00240B943
:104990000100A8521F00016BE00400540100A45262
:1049A0001F00016BC00400540100A2521F00016BE4
:1049B000E0179F1A602600B9E00313AA9200009442
:1049C000A10240B93F2C0071E1030054A000009007
:1049D000009C0C916141801274418012B5E8FF97F0
:1049E000030080520209801221008052E00313AAC2
:1049F00063FCFF977FCE00B9617E40B9E00313AA44
:104A0000617A00B9020080527FEA00B915FDFF9774
:104A100020008052602600B9E00313AA7A000094B7
:104A2000D6320091DF0219EBC1F8FF54B522009194
:104A3000B8FFFF1700018052DFFFFF178000805290
:104A4000DDFFFF173F300071A1000054A00000906F
:104A50006141801200FC0C91E0FFFF17E00313AAF4
:104A600020FCFF97F403002AC0FBFF35C30A40B9BE
:104A700023021037A00240B960EA00B9A002003555
:104A8000617E40B91F100071617A00B9E0179F1A6A
:104A900060CE00B902008052E00313AAF1FCFF9738
:104AA000E00313AAE4FBFF97F403002AA0F9FF3503
:104AB000F1FEFF17E00313AA0209801221008052C1
:104AC0002FFCFF97F403002A60FDFF34C5FFFF179A
:104AD0001F300071A8000054810000B0217029919E
:104AE000215860B8E8FFFF1701008052E6FFFF176A
:104AF000D40B801251FEFF17018040F9010100B470
:104B0000FD7BBFA900000491FD030091DCC6FF9767
:104B100000008052FD7BC1A8C0035FD60000805218
:104B2000C0035FD6FD7BBEA9FD030091F30B00F926
:104B3000130004D1008051B8E0000034E00313AA50
:104B40004C00009480000035E00313AAEBFFFF97B0
:104B50007F1A00B9F30B40F9FD7BC2A8C0035FD6F2
:104B6000FD7BBDA9E103002AFD030091E2A30091B2
:104B7000F30B00F9F303002A200980521CF7FF977A
:104B8000C0000035E01740F95E000094600100B5F8
:104B90000000805206000014E2A30091E103132AF2
:104BA00020098052F8F6FF97E0FEFF34F30B40F93E
:104BB000FD7BC3A8C0035FD601284339A201805200
:104BC00002F800B961FEFF344BFDFF97F1FFFF17BC
:104BD000FD7BBFA9FD0300914CF3FF9721F3FF97E5
:104BE000FD7BC1A8000040F960FDFF17FD7BBFA958
:104BF000FD0300911BF3FF97FD7BC1A8000040F966
:104C0000BEFFFF17006840F9010040F9213440F968
:104C1000210C40F9610000B4F00301AA00021FD684
:104C2000A0048012C0035FD6006840F9030040F979
:104C3000633440F9631C40F9630000B4F00303AA35
:104C400000021FD6A0048012C0035FD6010040F905
:104C5000213440F9211040F9610000B4F00301AAA9
:104C600000021FD6C0035FD6006840F9F8FFFF17A7
:104C7000006840F9010040F9213440F9211440F95D
:104C8000610000B4F00301AA00021FD6A004801244
:104C9000C0035FD6006840F9010040F9213440F9B3
:104CA000212040F9610000B4F00301AA00021FD6E0
:104CB00000008052C0035FD6006840F9010040F94F
:104CC000213440F9210040F9610000B4F00301AA49
:104CD00000021FD600008052C0035FD6006840F972
:104CE000010040F9213440F9210440F9610000B489
:104CF000F00301AA00021FD600008052C0035FD655
:104D0000018840B9E1000036FD7BBFA9FD03009199
:104D1000D4F2FF97000040F9FD7BC1A8C0035FD625
:104D2000000080D2C0035FD6FD7BBDA9FD030091CA
:104D3000F35301A9F40301AAF55B02A9F50302AA42
:104D4000136840F9600240F9163440F9E00313AAF1
:104D5000ECFFFF97C32640F9230100B4E20315AA34
:104D6000E10314AAF55B42A9E00313AAF35341A996
:104D7000F00303AAFD7BC3A800021FD6000040F980
:104D8000F35341A9F55B42A9001840B9FD7BC3A8C4
:104D9000C0035FD6FD7BBDA9FD030091F35301A9BC
:104DA000F40301AAF51300F9F50302AA136840F908
:104DB000E00313AAD3FFFF97600240F9003440F9E3
:104DC000030840F9230100B4E20315AAE10314AA81
:104DD000F51340F9E00313AAF35341A9F00303AA22
:104DE000FD7BC3A800021FD6F35341A9A004801283
:104DF000F51340F9FD7BC3A8C0035FD6FD7BBDA9B9
:104E0000FD030091F35301A9F403012AF51300F9FE
:104E1000F50300AABDF2FF97BAFFFF97F30300AABC
:104E2000E00315AA89F2FF97002C40391F00146B8C
:104E30004001005460D641391FFC037180010054C9
:104E4000F51340F9E103142AE00313AAF35341A92F
:104E5000FD7BC3A8DEFBFF1700008052F35341A97E
:104E6000F51340F9FD7BC3A8C0035FD6600F801225
:104E7000FBFFFF17FD7BBDA9E103002AFD030091A5
:104E8000E2A30091F30B00F9F303002A20098052FA
:104E90008EEAFF9720010034E103132AA00000905E
:104EA000007C0E9183E7FF97000080D2F30B40F95E
:104EB000FD7BC3A8C0035FD6E01740F993F2FF97CC
:104EC00090FFFF97FAFFFF17FD7BBEA9C10280523A
:104ED000FD030091006840F9E263009179F2FF97C9
:104EE000E00F40F9400000B458F2FF97FD7BC2A8E4
:104EF000C0035FD6FD7BBCA9FD030091F35301A95C
:104F0000F30301AAF55B02A9010040F9213440F93D
:104F1000210400B4048C40B9F40300AAF60302AAE9
:104F2000E7E30091060080D20540805223098052B9
:104F3000A2000090A100009042F00E9121E00E919D
:104F400046EBFF97F503002AC0010035E01F40F94A
:104F50003EF2FF97760200F9E17F40B2740A00F951
:104F6000612200F92100805201340039C1724039B8
:104F700001200039A0018052746A00F960FA00B97A
:104F8000F35341A9E003152AF55B42A9FD7BC4A8B0
:104F9000C0035FD6B5048012FAFFFF17BF3F03D5E9
:104FA000020440F9410000B9217D80D2210400F1C2
:104FB0006100005400008052C0035FD6020440F933
:104FC000420040B9BF3F03D55F0840F201FFFF54E4
:104FD00020008052F9FFFF17FD7BBDA9FD03009162
:104FE000F35301A9F40300AAF30302AAF55B02A993
:104FF000F503012A000440F9004840B9BF3F03D53A
:10500000F6C38952400000B9600240B9BF02006A8D
:10501000C100005400008052F35341A9F55B42A93E
:10502000FD7BC3A8C0035FD6001980D28EE2FF9734
:10503000800640F9004840B9BF3F03D5600200B97F
:10504000D606007121FEFF54A00D8012F3FFFF175A
:10505000FD7BB8A9FD030091F35301A9F30300AA56
:10506000F40302AA000080D2F55B02A9F50301AAAD
:10507000F76303A9F70303AAF96B04A931E2FF97C9
:10508000F60300AA600640F9004840B9BF3F03D5C7
:10509000A0004836E00316AA2AE2FF971FD007F1C6
:1050A00029FFFF54BF3F03D5600640F9010080127D
:1050B000014400B9541000B5A10A40B9BF3F03D55F
:1050C000600640F9012800B9741F00B4800A40B995
:1050D000014080D21F007FF200C080D20010819A70
:1050E000A10640B9420180522200020A5F280071E5
:1050F000202D0054A20240B90300123200001332E6
:105100005F3000710010831AA100003603001A32CC
:105110003F007FF200041A320010831A410010365B
:10512000000018320000022A0100B4520000012AD7
:10513000BF3F03D5610640F9202C00B901D490523D
:105140002100A072600640F9004440B9BF3F03D57A
:10515000601B1036940000B5BF3F03D5610640F9CF
:10516000204400B9001B4037A0290837A10640B9E8
:10517000410010364029303741020036600640F9C0
:10518000211B0836003C40B9BF3F03D5A00E00B933
:10519000600640F9003840B9BF3F03D5A01200B9FE
:1051A000600640F9003440B9BF3F03D5A01600B9EE
:1051B000600640F9003040B9BF3F03D5A01A00B9DE
:1051C000742600B4761A40F9000080D2FF5700B967
:1051D000DCE1FF97F80300AA010A805280D641293A
:1051E0001AD09752970240F9B57E001BC02A40B9E9
:1051F000A17E011BB57E02532108C01AC02640B90A
:105200002108C01AC0CE40B91F000071E0079F1AE4
:10521000000400112108C01A007D8052217C001B6F
:105220003F00006B2120801AF603012A600640F936
:10523000194440B9BF3F03D53F031A6A411F0054C8
:1052400060624139801A0036751A0034800A40B90C
:10525000FF5700B91F040071A115005400058052CA
:105260002003006A80190054BF3F03D5610640F94E
:10527000204400B9E2530191E00313AA8100805257
:1052800056FFFF978018F837E05740B90100805269
:10529000007451D31F00156B0090951AE05700B9A8
:1052A000E05740B93F00006B63120054BF02006B2F
:1052B000691B0054B502004BEFFFFF1760624139D4
:1052C000821240B9A0010036BF3F03D5600640F905
:1052D000021C00B981824129007C011BBF3F03D51C
:1052E000610640F9202000B9E00313AA4100805272
:1052F0002BFFFF9771FFFF17800E40B9810240F925
:10530000427C001B800A40B91F040071A1070054B1
:1053100043008052E063019166C1FF97F603002AC3
:10532000400D0035E63340F9E00313AA41008052F6
:105330001BFFFF97603240F9E70317AA000840B946
:10534000BF3F03D5610640F9007C40930200801204
:10535000226820B8603240F9000040B9BF3F03D551
:10536000610640F9007C4093376820B86066413997
:1053700000010036603240F9000440B9BF3F03D558
:10538000610640F9007C4093E2FE60D3226820B8B9
:1053900008038052850E40B90800B072E00317AAD6
:1053A00009210051010080523F000071841240B970
:1053B0000301891ABF20007188020054847C051BF8
:1053C00063001E326A664139224C14532A020036A9
:1053D000C240228B020800F902000191037C0029DF
:1053E000047C0129020C00F9E00302AABF2000712D
:1053F000E9010054A520005121040011EBFFFF1723
:1054000023008052C4FFFF1784701D53EEFFFF1767
:105410004200060BE3120029E20A00B9E202011180
:10542000F7020191E2C21CB8F1FFFF176166413932
:105430003F0040F2E102809AE00307AA21FC0091BC
:1054400021E47A92B9B2FF97600640F9000040B9B2
:10545000BF3F03D5010480520140A0720000012A21
:10546000BF3F03D5610640F9200000B9600640F94E
:10547000008040B9BF3F03D5411080520000012A8F
:10548000BF3F03D5610640F9208000B9811240B9C1
:10549000BF3F03D5600640F9011C00B98182412954
:1054A000007C011BBF3F03D5610640F9202000B9F5
:1054B00002FFFF17000080520AFFFF17210400714E
:1054C00021E4FF54B60D8012F35341A9E003162ADC
:1054D000F55B42A9F76343A9F96B44A9FD7BC8A812
:1054E000C0035FD6003040B9BF3F03D5A00E00B95E
:1054F00034FFFF17600640F9000042B9BF3F03D5F3
:1055000021040011E04600B866FFFF171F08007174
:105510002104005419042036E2530191E00313AA38
:1055200001018052ADFEFF97E002F837E15740B924
:10553000602A40B9217451D30000014B0100805210
:105540001F00156B0090951AE05700B9E05740B95D
:105550003F00006BA3000054BF02006B2901005400
:10556000B502004BEDFFFF17E24640B8BF3F03D541
:10557000600640F921040011020002B9F4FFFF1790
:1055800015008052BF3F03D5600640F901028052EA
:10559000014400B9D9041837E00318AAE9E0FF97DD
:1055A0001F0016EB49E4FF54B60D8012BF3F03D530
:1055B000600640F9194400B960624139E0050037DE
:1055C000800A40B9740640F91F040071603240F946
:1055D000F6179F1AD6060011000840B99402008BF6
:1055E000000080D2D7E0FF97F50300AA800240B9FF
:1055F000BF3F03D5DF02206AE0010054E00315AA93
:10560000D0E0FF971FA00FF1E8030054200080D2E4
:1056100015E1FF974AC4FF97F5FFFF171500805269
:10562000DDFFFF17B6028012E1FFFF171600805260
:10563000DFFFFF1716008052603240F9000840B9C2
:10564000BF3F03D5610640F9007C40936200805261
:10565000226820B8600640F9000040B9BF3F03D57A
:1056600000781A12BF3F03D5610640F9200000B947
:10567000E063019193C0FF97800C80D2FAE0FF971E
:1056800092FFFF17B60D8012ECFFFF171600805235
:10569000FAFFFF17F60180128CFFFF1796008012A9
:1056A0008AFFFF17FD7BBDA9FD030091F35301A9FC
:1056B000F40301AAF30302AAF51300F991FDFF9781
:1056C000000840F9930200B4630E40B9631C001156
:1056D000637C035363E47AD3F5030091633801914B
:1056E000E20313AA637C7C92E10314AAFF6323CB39
:1056F000E3FF009163E47A9256FEFF97BF020091A8
:10570000BF030091F35341A9F51340F9FD7BC3A8F2
:10571000C0035FD6030080D2EFFFFF17021440B929
:105720005F00016BE0070054FD7BBEA9FD03009103
:10573000F35301A9F403012AA1060034022840F919
:10574000F30300AA020600B440003FD6E003002A9B
:105750001F4034EB20060054827A1F53410400D1CD
:105760002000008B0008C29ABF3F03D5610640F9B4
:105770003F1000B9BF3F03D5610640F902008452D3
:105780000204B072222C00B941E28452620640F950
:10579000422C40B9BF3F03D521040071800300545F
:1057A00062FFFF37BF3F03D5610640F9200800B90B
:1057B000BF3F03D5600640F91F0C00B9BF3F03D5BA
:1057C000600640F9E1830032011000B9BF3F03D504
:1057D000600640F9010084520104B072012C00B946
:1057E00040E28452610640F9212C40B9BF3F03D505
:1057F00000040071C000005461FFFF37741600B947
:1058000003000014001840B920FAFF35F35341A9F2
:10581000FD7BC2A8C0035FD600008052D3FFFF17F4
:10582000C0035FD6FD7BBEA9FD030091F35301A920
:1058300034FDFF97012840B9130840F9F40300AA8A
:10584000E00313AAB6FFFF97802640B91F1000712E
:10585000200300541F200071E0179F1A003C1053D2
:10586000BF3F03D5610640F9201800B9600640F932
:10587000017440B9BF3F03D582CE40B92000103239
:1058800021780F125F0000712100801ABF3F03D5FD
:10589000600640F9017400B9612240F9010100B4C9
:1058A000E00313AAF00301AAF35341A9FD7BC2A8A8
:1058B00000021FD620008052EAFFFF17F35341A9D0
:1058C00000008052FD7BC2A8C0035FD6FD7BBDA94E
:1058D000FD030091F35301A9F51300F909FDFF97AA
:1058E000130840F9F40300AA612640F9610000B4EE
:1058F000E00313AA20003FD6BF3F03D5600640F95E
:1059000035008052E1008052150400B9E00313AA6B
:10591000A3FDFF9720080034800240F9011040B930
:10592000E00313AA7EFFFF97BF3F03D5610640F94E
:1059300000008012204400B9BF3F03D5610640F942
:105940003F2400B9BF3F03D5610640F9201400B9D8
:10595000BF3F03D5600640F9158000B9602A40B901
:10596000E0000035600640F9004C40B9BF3F03D568
:10597000006C50D30000150B602A00B9612A40B9B1
:10598000217C0153200400512040002A00000332F2
:10599000BF3F03D5610640F9204C00B9616241392F
:1059A000E1010037600640F9007040B9BF3F03D500
:1059B000C002D8378000009000002791616601394D
:1059C000603200F9000C40B9BF3F03D5610640F9D1
:1059D000007C409362008052226820B8BF3F03D50C
:1059E000600640F91F1000B9BF3F03D5600640F9BB
:1059F0001F0C00B900008052F35341A9F51340F980
:105A0000FD7BC3A8C0035FD68000009021008052B8
:105A100000802791EAFFFF1780008012F7FFFF1731
:105A2000240040F90308022902108052040000F902
:105A30000206A072020C00B9221040B9020800B997
:105A4000232440B941780212427801122100023227
:105A50007F200071420003324210811A01208052DF
:105A600042081F32020800B9011800B9C0035FD60E
:105A700021FDFF17FD7BBEA9FD030091F35301A992
:105A8000001C40F9004C4D2900080012730A1C53F9
:105A90007302002A95AAFF97147C40B993AAFF9736
:105AA000947A1A12147C00B9BF3F03D58CAAFF97D1
:105AB000132800B98DAAFF97137C40B98BAAFF97D2
:105AC00073021B32137C00B900008052F35341A9CA
:105AD000FD7BC2A8C0035FD6FD7BBDA9FD0300917D
:105AE000F35301A9F40300AAF51300F95AEFFF9745
:105AF000819240B9F30300AA400A40F9A200009045
:105B00000300805242D40F914ADBFF972001F83600
:105B1000800000F000000F9166E4FF97A002801261
:105B2000F35341A9F51340F9FD7BC3A8C0035FD629
:105B3000F503002A800640F9600200F9E00314AA88
:105B4000E7EFFF97600600F983008052820000F0C3
:105B5000400A40F942303491819240B935DBFF97D9
:105B60007F1E00B960D604290000009000D0299162
:105B7000602200F963008052820000F0400A40F980
:105B800042740F91819240B93ADBFF97606A00B985
:105B900003008052820000F0400A40F942900F91C9
:105BA000819240B933DBFF97731E00F9606E00B934
:105BB000810000F021B00F91804A40F987F4FF97EF
:105BC0006062013900008052D6FFFF17FD7BB9A942
:105BD000FD030091F35301A9F30300AAF55B02A9A9
:105BE000F71B00F913EFFF97F50300AAE00313AAD0
:105BF0001CEFFF97F60300AAE00313AA16EFFF9726
:105C0000F40300AAE00313AA13EFFF97F70300AA17
:105C1000E2230191E00313AA21008052C5E9FF9716
:105C200020010035E0230191DCE9FF97E01A00B97B
:105C300040010035800000F000D80F911DE4FF976F
:105C4000A0028012F35341A9F55B42A9F71B40F96A
:105C5000FD7BC7A8C0035FD6E1230191E00313AA2F
:105C60004335009460000035E0230191E334009453
:105C7000821A40B9E00315AAB582009103508352FD
:105C8000E10314AAC300A07266FFFF97951A00F9FA
:105C9000B40A00F9801A40F9C00200F9136800F94B
:105CA000E00313AAF35341A9F55B42A9F71B40F99E
:105CB000FD7BC7A806FFFF17FD7BBEA9FD03009172
:105CC000F30B00F9F30300AADAEEFF97E20300AA50
:105CD00001800091E00313AAF30B40F9FD7BC2A8F9
:105CE00064FFFF17FD7BBDA9FD030091F51300F9CB
:105CF000F50302AA020180D2F35301A9F30300AA1B
:105D0000F403012AE00315AA01008052A8DEFF97E0
:105D10007F0200F1811A407AAB010054602640F9FD
:105D2000000200B4030040F9C30100B4E20315AA65
:105D3000E103142AF51340F9E00313AAF35341A930
:105D4000F00303AAFD7BC3A800021FD6A0028012A5
:105D5000F35341A9F51340F9FD7BC3A8C0035FD6F7
:105D600060418012FBFFFF17FD7BBBA9FD03009183
:105D7000F35301A9F403012AF30303AA010080529B
:105D8000F55B02A9F60302AA15008052020180D237
:105D9000F76303A9F80300AA17008052E00303AADF
:105DA000F92300F9F90304AA81DEFF97E20313AA9D
:105DB000E103152AE00318AA20033FD6C0010035ED
:105DC000610640B9E202010B5F00146B88000054C9
:105DD000F703022AB5060011F5FFFF17620240B96A
:105DE0009402174B2100144B4200140B6206002949
:105DF000D50200B9F35341A9F55B42A9F76343A962
:105E0000F92340F9FD7BC5A8C0035FD6FD7BBAA985
:105E1000FD030091F35301A9F403042AE40305AA46
:105E2000F55B02A9F50301AAF60305AAE103032A1B
:105E3000E3630191F76303A9F80302AAF70300AA39
:105E4000E2530191F92300F9C8FFFF97F303002AF9
:105E500000010034F55B42A9E003132AF35341A982
:105E6000F76343A9F92340F9FD7BC6A8C0035FD6B9
:105E7000E14F4B29E00315AA7F02146B0103018B4C
:105E800073D2941A797E4093E20319AA62DEFF97D7
:105E9000B502198B9302136BE0FDFF54E15740B933
:105EA000E2630191E00317AAF403132A210400110D
:105EB000E15700B9C0023FD6E5FFFF17217C7C9374
:105EC000026861B8820000341F6821B82100805246
:105ED00001001039C0035FD6227C7C9301D0218B56
:105EE000006862B860000034200440F9C0035FD647
:105EF000000080D2FEFFFF17E30300AA020080D259
:105F000040EC7CD3606860B820010035457C7C9310
:105F1000E003022A62D0228B24008052646825B8F4
:105F2000410400F964001039C0035FD642040091B7
:105F30005F0001F161FEFF5460038012FBFFFF1759
:105F4000FD7BBEA9FD030091F30B00F9F30300AA4A
:105F5000C7000094E303002A20020035654240B9DF
:105F60004407A0F084000891E00304AAE103052A95
:105F7000DAFFFF971F0013EB21020054035841B9C9
:105F800063010034021C40F9E103052A800000F09F
:105F900000CC109147E3FF97E3018012F30B40F927
:105FA000E003032AFD7BC2A8C0035FD6E103052AF4
:105FB000E00304AAC2FFFF97F9FFFF174302801214
:105FC000F7FFFF177F0000F94105F8B7FD7BBAA97D
:105FD000FD030091F35301A9F30300AA070440F95C
:105FE000FF0001EBA3040054E70001CBE50302AA84
:105FF000FF0002EB23040054A20000B50000805211
:10600000F35341A9FD7BC6A8C0035FD6064040F903
:10601000460100B4C0003FD640FFFF37615E40B983
:10602000E1FEFF34613640B93F00006B88FEFF544B
:10603000800E8012F3FFFF17F40303AA034C40F90C
:10604000030200B4FF7F02A9E2830091FF7F05A94C
:10605000E51700F9FF7F03A9FF7F04A9E42B00F9EE
:1060600060003FD6E11B40F9810200F9EBFFFF170A
:10607000A0028012C0035FD6A0028012E1FFFF17CA
:1060800060418012DFFFFF17E5FFFFF0A59033911D
:106090005FFFFF17067440F9660100B48101F8B78D
:1060A000050440F9BF0001EB23010054A50001CB1A
:1060B000BF0002EBC3000054E20000B4F00306AAE4
:1060C00000021FD6C00B8012C0035FD6A002801250
:1060D000FEFFFF1700008052FCFFFF17FD7BBEA9EB
:1060E000FD030091F30B00F9F30300AA001440B97B
:1060F0008001003583000090810000D063C00C91C6
:10610000218C119102368052800000D000E811915C
:10611000E8E2FF97800000D000381291A0DEFF97E0
:106120004007A0D0E10313AA0000089104008052A8
:10613000030080520200805270FFFF974007F8373B
:10614000604200B9600206917F5A01B9000000A9BF
:10615000603640B960000035605E40B9603600B915
:10616000601240B9E103002AC0030034220400D1C8
:106170000000C05A0010C05A5F0001EA00009F1AD8
:10618000611640B9602600B9E203012AE102003439
:10619000430400D12100C05A2110C05A7F0002EAF6
:1061A00021009F1A220080524020C01A0004005192
:1061B0004220C11A61020529610240F942040051DE
:1061C000623200B90080C4D21F0021EA20010054CD
:1061D00000008052F30B40F9FD7BC2A8C0035FD6DC
:1061E00000008052E7FFFF1701008052EEFFFF170B
:1061F000620640F9010080D2E00313AAA6FFFF97D0
:106200001F000071C10B80120410417A20FEFF5460
:10621000611E40F9800000D0004C1291A5E2FF976A
:10622000ECFFFF1720008052EBFFFF170101F8B7CA
:10623000040440F99F0001EBA3000054028040F9E0
:10624000A20000B4F00302AA00021FD6A00280122E
:10625000C0035FD600008052FEFFFF17A00280122D
:10626000C0035FD600008012C0035FD6FD7BBBA9D0
:10627000FD030091F35301A9F55B02A916000691F5
:10628000F76303A918008052F92300F9990000D0A0
:1062900039EF129113C040F973C205D177BA40F9B2
:1062A000F7C205D175C20591BF0216EB010100547A
:1062B000F35341A9E003182AF55B42A9F76343A908
:1062C000F92340F9FD7BC5A8C0035FD661C240F940
:1062D000600206913F0000EB60000054E00313AA47
:1062E000E3FFFF97E00313AA16FFFF97F403002ACA
:1062F0004001F836611E40F9E203002AE00319AAC2
:106300006CE2FF97E0BA40F9F30317AAF803142AE6
:1063100017C005D1E4FFFF17A10240A9200400F92E
:10632000F403182A010000F9BF7E00A9601E40F99D
:10633000F6BDFF97E00313AAF4BDFF97F2FFFF1726
:10634000000100354007A0D0001043F9800000B4E0
:10635000011C40F93F0000F100109F9AC0035FD676
:10636000000080D2FEFFFF173F0000F10018407AC6
:10637000CC040054FD7BBDA9FD030091F35301A99A
:10638000147C4093F30301AAF51300F9F503002AE6
:106390004007A0D000801891E203152A810000D0A8
:1063A00021A01391137834F84007A0D00060189111
:1063B000140C148BE00314AA14E2FF97741E00F966
:1063C000E00313AA46FFFF974107A0D0600640F9FB
:1063D000220843F94028408B200803F9A0000090D0
:1063E000014048B93F040031C0000054F35341A9B3
:1063F00000008052F51340F9FD7BC3A8C0035FD6AF
:10640000154008B9FAFFFF17A0028012C0035FD63B
:106410004007A0D0010846B9810000352100805214
:10642000010806B99C200014C0035FD6FD7BBFA9FC
:10643000A0000090FD030091004048B9C1FFFF9704
:10644000800000B4001440B9FD7BC1A8C0035FD632
:1064500020008052FDFFFF17FD7BBBA9FD030091CB
:10646000F35301A9F30302AAF55B02A9F50301AAFC
:10647000F60303AAF76303A9F70300AA180080D262
:10648000F92300F9190080521F0313EBA3010054F4
:10649000A9000054C00240F97302008B730218CBAC
:1064A000D30200F9F35341A9E003192AF55B42A98D
:1064B000F76343A9F92340F9FD7BC5A8C0035FD664
:1064C000E00640F91F0015EB49020054F41240B9F0
:1064D00081060051F403142AA002018AA102218A34
:1064E000940200CBE00317AA51FFFF97E0000035AC
:1064F0001803148BC00240F9B502148B0000148BF2
:10650000C00200F9E1FFFF1739008052FAFFFF17C0
:1065100019008012E4FFFF17FD7BBAA9FD0300916B
:10652000F35301A9F30303AAF55B02A9F60302AA38
:10653000F76303A9F96B04A9570040F9FF2B00F991
:10654000021440B9420400515F0001EA20010054E6
:10655000800000D000642D91D6E1FF97DF0200F9A2
:10656000530000B47F0200F9B30280121900001436
:10657000F50300AAF40301AAF90304AAF80305AA83
:10658000E3430191E20317AAB4FFFF97730000B43D
:10659000E12B40F9610200F9C000F836800000D01C
:1065A00000002E91C3E1FF97DF0200F9EFFFFF1714
:1065B000E12B40F93F0019EBA9010054800000D005
:1065C0005303801200A02E91EBBCFF97DF0200F96D
:1065D000F55B42A9E003132AF35341A9F76343A9EA
:1065E000F96B44A9FD7BC6A8C0035FD60003003445
:1065F000990000D039FB2F919A0E8012F70300B456
:10660000B31240B94EC0FF97A11240B9E00315AADA
:1066100073060051E103014B7302148A2100148AAE
:1066200003FFFF97C0030034A11240B9E00319AA89
:10663000E103014B2100148A9EE1FF97A01240B9AB
:106640000000148B140013CBEDFFFF17C20240F9BA
:10665000E40318AAE30316AAE10314AAE00315AAA7
:1066600059FEFF97F303002A1F000071800E80126D
:106670006412407A6100005413008052D5FFFF1766
:10668000DF0200F9E203132AE10314AA800000D01C
:1066900000602F9187E1FF97CEFFFF17A21240B94C
:1066A000E40318AAE3630191E10314AA420013CBA7
:1066B000E00315AA5F0017EB4290979AE22F00F9CA
:1066C00041FEFF971F000071F303002A04105A7A5D
:1066D00040010054E203002AE10314AA800000D024
:1066E00000602F9173E1FF97C00240F9000017CBC3
:1066F000C00200F9B7FFFF17E02F40F9F70200CB07
:106700009402008B1803008BBDFFFF1787000090D9
:10671000E7B41491000080D204008052030080523C
:106720000500805226686038E6686638C814001292
:10673000A500084AA6003036061C00128400064A4E
:106740006600264AC31C0012000400911F0004F1D9
:10675000A1FEFF5461001A12807C021300001D127A
:10676000867C01130108412A60001912C6001B1221
:1067700067141E53C004402A867C03132100002A9C
:1067800060001B12C6001F12E7001C12C00C402A3A
:10679000866019122100002A601044D30000062AE6
:1067A000860C1C532100002A60101D53C66019126C
:1067B00000001A120000062A86101D53C6001B1284
:1067C000E503252AC600072A67181F530000062A7A
:1067D00086141E53E7001E12C6001D12C600072AAB
:1067E00084001F530000062A630000120000042AE0
:1067F000A5141E53001C0012E103212A0000032AE5
:10680000A5040032E003202A410000394004003989
:106810000000805245080039C0035FD6440040396B
:1068200060004039450440390000044A640440399E
:1068300042084039001C00128400054A65084039AE
:10684000841C0012A500024A0200042AA51C0012A2
:10685000A200022AA20700348204444AA30A8052FA
:106860004200030A867C01535F00036B410500541C
:106870000304404A6200020A5F540171C1040054DB
:10688000A204454A830A80524200030A5F00036B58
:106890002104005403701D538200191263001C125E
:1068A00007741E536210422A03781F5363001A12A2
:1068B000E7001B126300072A006019124200032A36
:1068C00083001B12847C025384001F12830C432A12
:1068D0004200032AC30000120000032AA300191279
:1068E0004000002AA27C045342001F12A50C43D38F
:1068F0004314432A220080526300052A4220C31A0F
:10690000236860384200034A226820382000805201
:10691000C0035FD6A13C10532020002A0100805202
:106920000000042AA00000353F04007100FFFF545E
:1069300020098012F7FFFF1702000012007C0153AC
:106940004100010BF8FFFF1700008052F1FFFF1715
:1069500002F040F901008012F00302AA00021FD6E3
:1069600000D040F900004039001C0012BF3F03D5A1
:10697000C0035FD600D040F900004079003C00120F
:10698000BF3F03D5C0035FD600D040F90000407977
:10699000003C0012BF3F03D5C0035FD6FD7BBEA9FC
:1069A00022008052FD03009103E840F9E17F0039A5
:1069B000E17F009160003FD6FD7BC2A8C0035FD697
:1069C000FD7BBEA9211C001242008052FD030091F4
:1069D00003E840F9E13F0079E17B009160003FD698
:1069E000FD7BC2A8C0035FD6E203022A03D440F9AC
:1069F000000080D21F0002EB41000054C0035FD6AC
:106A0000246860380004009164000039FAFFFF1721
:106A1000E203022A03D040F9000080D21F0002EBFB
:106A200041000054C0035FD6640040392468203818
:106A300000040091FAFFFF17427C011303D440F9D0
:106A4000000080D21F0002EB41000054C0035FD65B
:106A5000247860780004009164000079FAFFFF1741
:106A6000427C011303D040F9000080D21F0002EBEA
:106A700041000054C0035FD6640040792478207838
:106A800000040091FAFFFF1700008052C0035FD698
:106A9000FD7BBDA9FD030091F35301A9F403012A75
:106AA000012441F9610300B401D442F9F30300AABF
:106AB000010300B4019C42B9C10100340158457979
:106AC00081011036041841F9FFA70039019042B93D
:106AD000E3A30091E1A3003922008052FFAB00390B
:106AE000E10300AAFFAF003980003FD64001003526
:106AF000632641F9E103142A62D642F9E00313AA9E
:106B0000F35341A9F00303AAFD7BC3A800021FD6DB
:106B100000008052F35341A9FD7BC3A8C0035FD698
:106B2000FD7BB9A923008052FD030091F35301A915
:106B3000F30301AAF55B02A9F50300AAF60302AA72
:106B4000F76303A9F96B04A9FB7305A9FB0302AA68
:106B5000251043F9343843F939DC45B937E045B9F4
:106B6000FC0314AA38FC42F93AD845B9A0003FD634
:106B7000F77E4093237F40937A02003594021A9166
:106B800018130091000080D261E645B93F00006B08
:106B90000C0300547ADA45B9397F409318008052CB
:106BA0005A030035F35341A9E003182AF55B42A9C3
:106BB000F76343A9F96B44A9FB7345A9FD7BC7A8FB
:106BC000C0035FD6640A43F9E2031CAAE1031BAACF
:106BD000E00315AAE33700F95A07005180003FD6B9
:106BE0009C03178BE33740F97B03038BE3FFFF170D
:106BF00062DE42F9017B60B841686138816A203801
:106C000000040091E1FFFF17640E43F983021AD1DB
:106C1000E20314AAE10316AAE00315AA80003FD6F6
:106C20000001F836A02641B900040011A02601B9E0
:106C30005A070051D602198B9402178BD9FFFF1700
:106C4000A12241B91F03006B1823801A2100000BF9
:106C5000A12201B9F7FFFF17FD7BB9A9FD03009140
:106C6000F35301A9F40300AAF30301AAF55B02A9F7
:106C7000F50302AAF76303A9F96B04A9F90302AAB1
:106C8000FB7305A93B3843F9E46F00B937FC42F9BF
:106C9000FA031BAA36DC85B93CE085B938D845B97A
:106CA00098020035F7120091010080D260E645B9E4
:106CB0001F00016B0C030054F76343A9E20315AAFC
:106CC000F55B42A9E10313AAF96B44A9E00314AAF6
:106CD000FB7345A923008052651643F9F35341A97C
:106CE000F00305AAE46F40B9FD7BC7A800021FD6D8
:106CF000640A43F9E2031AAAE10319AAE00314AAF9
:106D0000180700513903168B5A031C8B80003FD69D
:106D1000E4FFFF1762DE42F9E07A61B8636B613825
:106D20002104009143682038E1FFFF17A101805240
:106D300001B405B907FFFF17209C42B94004003495
:106D4000FD7BBDA9FD030091F35301A9F30301AA43
:106D5000F51300F920584579A0031036640641F96F
:106D6000F50303AA421C0012E00313AA03008012D9
:106D7000E11D8052140080D280003FD662E640F9C7
:106D8000E00313AAA16A74389406009140003FD62C
:106D90009F1200F141FFFF54620A41F9E10313AA77
:106DA000E00313AA40003FD6000000728100801269
:106DB0000000811AF35341A9F51340F9FD7BC3A8E4
:106DC000C0035FD660418012C0035FD6604180126D
:106DD000F9FFFF17209C42B980030034FD7BBDA959
:106DE000FD030091F35301A9F30301AAF51300F980
:106DF00020584579E0021036640641F9F50303AAEC
:106E0000421C0012E00313AA03008012C11D80522D
:106E1000140080D280003FD661DE40F9E00313AA5F
:106E200020003FD6A06A3438940600919F1200F1EA
:106E300041FFFF5400008052F35341A9F51340F97C
:106E4000FD7BC3A8C0035FD660418012C0035FD63C
:106E500060418012F9FFFF17025042B9620000350D
:106E600082028052025002B9020441F9820000B548
:106E7000020000D042502F91020401F9020841F9AA
:106E8000820000B5020000D042701B91020801F997
:106E900002F040F9820000B5020000B042700E918D
:106EA00002F000F9021841F9820000B502000090DA
:106EB00042E03491021801F9021C41F9820000B548
:106EC0000200009042503791021C01F903DC40F9A6
:106ED000A30000B402000090428025917F0002EBE5
:106EE000010100543F000071030000900200009077
:106EF00063D02591428025914200839A02DC00F9FB
:106F000002E040F9820000B5020000904220269184
:106F100002E000F902F440F9820000B5020000B07E
:106F200042C0159102F400F902F840F9820000B560
:106F3000020000F042A0289102F800F903E840F9AD
:106F4000A30000B40200009042A027917F0002EB52
:106F5000010100543F000071030000900200009006
:106F600063E0289142A027914200839A02E800F949
:106F700003E440F9A30000B402000090427026919F
:106F80007F0002EB010100543F00007103000090FC
:106F90000200009063002791427026914200839A7C
:106FA00002E400F903EC40F9A30000B402000090F1
:106FB000424028917F0002EB010100543F00007124
:106FC00003000090020000906380299141402891C5
:106FD0002100839A01EC00F901E042F9610000B55B
:106FE00001001A9101E002F9013C43F9610000B58A
:106FF000210080D2013C03F9C0035FD6E40300AA5C
:10700000A60A805200008052670680520801805212
:10701000C10000349F0840F28101005406048052F0
:107020003F0C00712C030054060080D2A70A805246
:1070300068068052090180522300064B7F000071D0
:107040004C050054C0035FD683004039C504430A91
:107050006300060AA500030BA300070AE508450A1A
:107060006300050B650C0012A310430B0301034BD7
:107070000000030B1F00026B4C050054210400515B
:1070800084040091E3FFFF17850040B9A3F00112CB
:10709000A5F00012A304430B65E4001263E402129E
:1070A000A308430B65CC0012637C045363CC00122D
:1070B000A500030BA39C0012A57C0853A59C0012FD
:1070C0006300050B657C1053A320230BC300034B07
:1070D0000000030B5F00006B4B02005421100051B5
:1070E00084100091CFFFFF1783686638C6040091B3
:1070F000E504430A6300070AA500030BA300080A7E
:107100000509450A6300050B650C0012A310430B2B
:107110002301034B0000030B5F00006BEAF8FF54F0
:1071200020098012C8FFFF17210400D1020080D27D
:10713000E40780521F682138036862386380005179
:10714000631C00127F7C01714900005404682238DE
:10715000420400913F0002EB08FFFF5404D9FF17DF
:10716000FD7BBCA9FD030091F35301A9F30302AA1F
:10717000F40301AAF55B02A9F60303AAE11F8052FA
:10718000F71B00F9F70300AA021C40B900DC42F922
:1071900087D9FF97C00240B91F0400710002005454
:1071A0001F781E72C1050054E3DE42F9E10314AA00
:1071B000C02A40B9E20313AA9402138B6000008B2B
:1071C00095D9FF97F55B42A9E00314AAF35341A9AF
:1071D000F71B40F9FD7BC4A8C0035FD6F5FE42F95A
:1071E000C32A40B9160080D2B5A22A91A10640B99F
:1071F000A1FEFF3493FEFFB4830200343F00036B13
:10720000A80000546300014BB5220091730216CB15
:10721000F7FFFF172100034BA00240B93F0013EB1B
:107220003690939A6000000BE3DE42F9E10314AA62
:10723000E20316AA9402168B6040208B76D9FF9742
:1072400003008052F1FFFF17F603012A7F4221EB72
:10725000A00240B9D622939AF4FFFF17630000F012
:10726000810000B063380D91216C3091428E8152C3
:10727000800000B000E811918EDEFF97800000B022
:107280000038129146DAFF97FD7BBCA9FD030091FF
:10729000F35301A9F40301AAF30303AAF55B02A9BE
:1072A000F71B00F9F70300AA400040B91F04007162
:1072B000000200541F781E72C1050054E1DE42F93D
:1072C000402840B9E20303AA2100008BE00314AA7E
:1072D0009402138B50D9FF97F55B42A9E00314AADF
:1072E000F35341A9F71B40F9FD7BC4A8C0035FD647
:1072F000F5FE42F9160080D2442840B9B5A22A9181
:10730000A30640B9A3FEFF3493FEFFB48402003409
:107310007F00046BA80000548400034BB522009149
:10732000730216CBF7FFFF176300044BA00240B9AE
:107330007F0013EB7690939A8000000BE1DE42F918
:10734000E20316AA2140208BE00314AA32D9FF974A
:107350009402168B04008052F1FFFF17F603032AF4
:107360007F4223EBA00240B9D622939AF4FFFF1785
:10737000630000F0810000B063680B91216C3091D4
:10738000021D8152800000B000E8119149DEFF9794
:10739000800000B00038129101DAFF973F040031FD
:1073A000E001005441020034FD7BBFA9630000F0FE
:1073B000810000B063AC0F91216C3091C2188052F3
:1073C000FD030091800000B000E8119139DEFF97C5
:1073D000800000B000381291F1D9FF9703FC40F90A
:1073E00002108052F00303AA00021FD6C0035FD62A
:1073F000E30300AA020080D2C0E9895246FF8F123F
:107400003F0002EB41000054C0035FD6646862385D
:10741000841C18538000004A040180521F0071F23E
:1074200005381F13E003861A84040071A500004A82
:10743000A03C001241FFFF5442040091F1FFFF17EE
:10744000FD7BBFA9221C001203008012FD030091E6
:10745000040441F9811D805280003FD60000805213
:10746000FD7BC1A8C0035FD6FD7BBEA9A2028052EE
:10747000FD030091F35301A9F40301AAF30300AA49
:1074800002B405B902F040F9016842B9812AC19AF3
:1074900040003FD6612A41F92000E8D23F0000EACF
:1074A00081000054605642B900000232605602B9B1
:1074B000604643F9000200B562F640F9E10314AA00
:1074C000E00313AA40003FD6F403002A62F240F919
:1074D00001008012E00313AA40003FD6E00313AA84
:1074E0001CFDFF97E003142AF35341A9FD7BC2A8BA
:1074F000C0035FD614008052F5FFFF17E20300AA15
:10750000E003012AC1000035415442B93F08087226
:10751000400000548100C036C0035FD63F040071B4
:107520006C000054415442B9C101C837410C422992
:107530002100034B435C42B92124C31A437842B96A
:107540002100030A3F00006B0B010054405442B974
:107550001F0066F2A00280122010801AEFFFFF17B2
:1075600020008052EDFFFF17A0028012EBFFFF17F3
:10757000FD7BBDA9FD030091F35301A9F30300AA0C
:10758000F51300F9025C42B9157842B92128C29A74
:10759000B502010A01008052D9FFFF97F403002AC7
:1075A000C000F83600008052F35341A9F51340F9AA
:1075B000FD7BC3A8C0035FD6633243F98202150B7B
:1075C000E10313AAE00313AA60003FD6E0FEFF37F1
:1075D00061DE42F9609682B9629A42B920686038E9
:1075E0005F200071A10000541FFC0371E0010054F2
:1075F00020008052EDFFFF17A30A80526104400A69
:107600000000030A2100000B630680522000030AD9
:107610006108410A0000010B010C00122010400B10
:107620005F00006B68FEFF5481060011E00313AA9F
:10763000DAFFFF17FD7BBEA9FD030091F35301A9FB
:10764000F30300AA000080D2BED8FF97F403002AFB
:10765000E00314AABBD8FF971F3C06F1C8000054F2
:10766000610241F961FFFFB4E00313AA20003FD695
:1076700000FFFF34610241F9E00313AAF35341A96B
:10768000F00301AAFD7BC2A800021FD69F00007173
:10769000601840FAA0030054FD7BBDA98500020BD1
:1076A000FD030091F35301A9F403042AF30300AA94
:1076B000F51300F9F50303AA041C40B9031440B9FB
:1076C0006300040BBF00036B48020054040441F93B
:1076D000E303012A0100805280003FD6D400003429
:1076E00063EE40F9E203142AE10315AAE00313AAAA
:1076F00060003FD600008052F35341A9F51340F9D2
:10770000FD7BC3A8C0035FD6A0028012C0035FD672
:10771000A0028012F9FFFF17FD7BB5A9FD030091C0
:10772000F35301A9F30302AAF55B02A9F60301AA28
:10773000F76303A9F96B04A9FA0300AAFB7305A96F
:10774000401840F95F0800F9C00000B4400440F957
:107750002000008B410740F91F0001EB282E005448
:10776000A002805240B705B9600240B91F080071FD
:10777000082D005441D74329E16F00B9611A40F93F
:10778000740E40F9410D00B51F040071E06F40B95F
:10779000612A40B91510951ABF02016BE92B0054FC
:1077A000400740F91F0016EB892B0054425F42B995
:1077B0002100140B0024C29AC22AC29A000002CBF4
:1077C000A27E4093007C029B3F0000EB682A00549D
:1077D00042F340F9E0031AAA416B42B9771E40F91F
:1077E000C12AC19A592341B95C2741B9F803012A3A
:1077F00040003FD65B7B42B9405F42B9C02AC09A85
:10780000F603002A7B03000ACDBBFF97600240B954
:107810001F080071C1040054432F43F9E2031B2ADF
:10782000E1031AAAE0031AAA60003FD6FB03002A6C
:107830008004F837BF02146BE10317AAB5D2941A7B
:10784000E20313AAE0031AAAA37E40938FFEFF97D8
:10785000F70300AA405742B9A0004036400341F95F
:10786000A00200B5405382B97FD8FF979402156BF0
:10787000800200545B7B42B9D6060011DB021B6A12
:1078800041FCFF5442F340F9E0031AAA01008012C0
:107890001807001140003FD642F340F9E103182ACF
:1078A000E0031AAA40003FD6D8FFFF17433343F93D
:1078B000DBFFFF17E0031AAA5FFFFF97ECFFFF173C
:1078C00042F340F9E0031AAA0100801240003FD6BB
:1078D000600E40F900C034CB601200F9BB00F837ED
:1078E000402741B99F03006B800100543B0980127F
:1078F000E0031AAA17FCFF97F35341A9E0031B2AE0
:10790000F55B42A9F76343A9F96B44A9FB7345A949
:10791000FD7BCBA8C0035FD6402341B9840E801203
:107920003F03006BFB03841AF2FFFF1742F340F999
:107930001F040071416B42B918008052E06F40B9DA
:107940001B008052790A40B90010951AC12AC19AC9
:10795000E06F00B9E0031AAAE19300B940003FD6F6
:10796000405F42B9775643A9FFAB00B9417B42B9AA
:10797000C02AC09AE07700B92000000AE08300B96D
:10798000401740B9BF0200F1000400510000160A80
:10799000E07300B9E0079F1AE09700B9402741B9AA
:1079A000E08B00B966BBFF97401740B9E17340B95F
:1079B000E08F00B9E003002A1600014BDF02196BCB
:1079C000D692991A1F00166B41040054405742B9D1
:1079D0004004A036403F43F9000400D1FF0200EA12
:1079E000FC079F1A407F42B9E17740B91F00016B45
:1079F00041000054B51600B45C030034403B43F929
:107A000000003491E03F00F9C07E4093E04F00F960
:107A1000E07380B9FF8700B9E05300F940F745B93A
:107A200040021036600240B91F080071E1040054A2
:107A3000451343F9E1031AAAE23F40F9E0031AAA09
:107A4000E48340B9E39740B9A0003FD62D0000146D
:107A50003C008052E4FFFF171C008052E2FFFF173A
:107A6000F73F00F9E9FFFF17E18340B9E0031AAAE5
:107A700004008052030080D20200805204FFFF976E
:107A8000FB03002A00FDFF3442F340F9E0031AAA89
:107A90000100801240003FD6600640F9004039CB1B
:107AA000600A00F9950000B4600E40F9004034CB44
:107AB000601200F9FBF1FF37E0AB40B980F1FF3510
:107AC000FB03182A8BFFFF17E08F40B91F00166BCE
:107AD00040020054405742B900026036F50100B53B
:107AE000E43F40F9E303162A471F43F9E1031AAACA
:107AF000E27340B9E0031AAAE58340B9E0003FD63B
:107B0000FB03002AE000F8361CFCFF340000801262
:107B1000407F02B9DDFFFF17451B43F9C6FFFF1782
:107B20001F03006B1823801A9C020034405742B98F
:107B300040076037350700B5402741B9E18B40B9B0
:107B40003F00006BA1060054600240B91F0800719D
:107B500040060054E07740B9407F02B95B8302B928
:107B6000E28349A9413B43F9210034912100008B74
:107B7000E00317AA28D7FF97D50100B4E06F40B9FA
:107B80009F02006B8592801A45010034A37C4093CC
:107B9000E10315AAE20313AAE0031AAAE5AF00B9AC
:107BA000BAFDFF97E5AF40B9F50300AA9402054B73
:107BB000405742B9A0004036400341F9400300B5A8
:107BC000405382B9A8D7FF97402741B9E18B40B90C
:107BD0003F00006B20030054E08740B9010400110E
:107BE00040B345B93F00006B4A020054422341F9BB
:107BF000C20800B4E0031AAAE18700B940003FD6EA
:107C0000FB03002A20F4FF37E1835029E18700B904
:107C1000402701B982FFFF1700008012407F02B9A0
:107C2000D0FFFF17E0031AAA83FEFF97E7FFFF17B5
:107C300020008052E0AB00B9F7C2368BE08740B934
:107C40003903164B6001003440B345B91F00007181
:107C50008D050054422341F9820500B4E0031AAABD
:107C60000100805240003FD6FB03002AE0F0FF37BE
:107C7000D9F0FF34E07740B900040011E07700B993
:107C8000407B42B9E17740B92000006AE08300B947
:107C90008101005442F340F901008012E09340B9A1
:107CA00000040011E09300B9E0031AAA40003FD697
:107CB00042F340F9E0031AAAE19340B940003FD6ED
:107CC000FF7300B936FFFF17413B43F9DC7E409359
:107CD000E07340B9E2031CAA2100349121C0208B3B
:107CE000E00317AACCD6FF97F7021C8B408342B95A
:107CF000FF8700B91F03006B1823801AD0FFFF17FE
:107D0000BB02801261FFFF17DB0B80125FFFFF17C2
:107D10007B418012F7FEFF17BB028012F5FEFF17B2
:107D2000BB028012F5FEFF177F000071401840FA79
:107D3000C0030054FD7BBDA9FD030091F35301A9CD
:107D4000F403032A6300010BF51300F9F50302AAFB
:107D5000F30300AA021440B9041C40B94200040B0A
:107D60007F00026B68020054040441F9E203012A17
:107D700003008012A100805280003FD6D40000345E
:107D800063EE40F9E203142AE10315AAE00313AA03
:107D900060003FD600008052F35341A9F51340F92B
:107DA000FD7BC3A8C0035FD6A0028012C0035FD6CC
:107DB000A0028012F9FFFF179F000071601840FABF
:107DC00060030054FD7BBDA98500020BFD030091FB
:107DD000F35301A9F30300AAF403042AF51300F9ED
:107DE000F50303AA031C40B9BF00036B480200540B
:107DF000040441F9E303012A010A805280003FD6BE
:107E0000D400003463EE40F9E203142AE10315AA1A
:107E1000E00313AA60003FD600008052F35341A94B
:107E2000F51340F9FD7BC3A8C0035FD6A002801202
:107E3000C0035FD6A0028012F9FFFF17E30300AA78
:107E4000E00301AAE103022A02008052641C40B947
:107E500003DC42F9D9FFFF179F000071601840FA58
:107E6000A0030054FD7BBDA98500020BFD0300911A
:107E7000F35301A9F40303AAF30300AAF51300F9CD
:107E8000F503042A031440B9041C40B96300040B31
:107E9000BF00036B48020054040441F9E303012AC4
:107EA0000110805280003FD6D40000B463EA40F94C
:107EB000E203152AE10314AAE00313AA60003FD6E7
:107EC00000008052F35341A9F51340F9FD7BC3A88C
:107ED000C0035FD6A0028012C0035FD6A00280124A
:107EE000F9FFFF17FD7BBEA903008012010280523B
:107EF000FD030091F30B00F9F30300AAE203032A48
:107F0000040441F980003FD6620A41F9E10313AA53
:107F1000E00313AA40003FD600000072F30B40F9C3
:107F200081008012FD7BC2A80000811AC0035FD6C9
:107F3000FD7BBAA9FD030091F35301A9F40300AA44
:107F4000F30301AAF55B02A9F60304AAF503062AC6
:107F5000F76303A9F803052AF96B04A9F903022AB8
:107F6000FA03032AFB7305A9FC03072A205442B92C
:107F700060024837202043F9200200B44202003555
:107F8000801640B91F00036BFB979F1A60F645B936
:107F900077421791C00110367C030034651643F90F
:107FA000E403152AE303182AE20316AAE10313AA3D
:107FB000E00314AAA0003FD61D0000141B0080524D
:107FC000F3FFFF173B008052F1FFFF17E103152A73
:107FD000E00313AA04008052030080D20200805202
:107FE0009EFFFF97A0FDFF34F35341A9F55B42A923
:107FF000F76343A9F96B44A9FB7345A9FD7BC6A8A8
:10800000C0035FD6BB020034672243F9E603152A9A
:10801000E503182AE40316AAE3031A2AE203192A3D
:10802000E10313AAE00314AAE0003FD6E0FDFF3706
:10803000E02640B960011037F55B42A9E00313AABE
:10804000F35341A9F76343A9F96B44A9FB7345A90D
:10805000FD7BC6A8A4FFFF17652643F9D1FFFF17D4
:1080600000008052E1FFFF179F000071641840FA82
:1080700000050054FD7BBDA98500020BFD030091A6
:10808000F35301A9F403042AF30300AAF51300F93A
:10809000F50303AA041C40B9031440B96300040BA0
:1080A000BF00036BA8030054040441F9E303012A51
:1080B0000110805280003FD663EA40F9E203142A9F
:1080C000E10315AAE00313AA60003FD6640641F954
:1080D00003008012E00313AAE203032A0102805284
:1080E00080003FD6620A41F9E10313AAE00313AA14
:1080F00040003FD600000072810080120000811A0B
:10810000F35341A9F51340F9FD7BC3A8C0035FD623
:10811000A0028012C0035FD6A0028012F9FFFF17F1
:10812000E50300AAE00301AAE103022A03DC42F905
:10813000A21440B9A41C40B9CCFFFF177F00007106
:10814000401840FAC0030054FD7BBDA9FD03009117
:10815000F35301A9F403032A6300010BF51300F99B
:10816000F50302AAF30300AA021440B9041C40B9A3
:108170004200040B7F00026B68020054040441F9C2
:10818000E203012A03008012A110805280003FD632
:10819000D400003463EA40F9E203142AE10315AA8B
:1081A000E00313AA60003FD600008052F35341A9B8
:1081B000F51340F9FD7BC3A8C0035FD6A00280126F
:1081C000C0035FD6A0028012F9FFFF17FD7BBDA997
:1081D000FD030091F35301A9F303032A7F02007109
:1081E000F55B02A9401840FAE0020054040441F98A
:1081F000211C0012F60302AAF40300AAE203012ADA
:108200000300801201128052150080D280003FD6F8
:10821000BF0213EBC100005400008052F35341A988
:10822000F55B42A9FD7BC3A8C0035FD681DE40F9A0
:10823000E00314AA20003FD6C06A3538B506009185
:10824000F4FFFF17A0028012F5FFFF17FD7BBEA908
:1082500003008012E203032AFD030091F35301A9F6
:10826000F40301AAF30300AA040441F9010E8052A9
:1082700080003FD6B40000B461DE40F9E00313AAE9
:1082800020003FD680020039F35341A900008052FC
:10829000FD7BC2A8C0035FD6015442B961015037CB
:1082A000FD7BBEA9FD030091E17F0091E8FFFF97F0
:1082B00080000035E07FC039E003202A007C1F5396
:1082C000FD7BC2A8C0035FD600008052C0035FD60A
:1082D000FD7BB8A9FD030091F35301A9F40301AAA2
:1082E000F55B02A9F76303A9F96B04A9FA0302AAD3
:1082F000FB7305A9410440F9430040B9570C40F90C
:108300007F040071181C40B9022040B95F0B00F9CE
:10831000595743A91813821A61140034F603012A2D
:10832000018442B9FC0300AA21040051217C40933E
:108330003F0014EAC113005402F040F9016842B949
:10834000131440B9812AC19AE16F00B940003FD6A9
:10835000E0031CAAD1FFFF97E0110035815F42B90D
:10836000827B42B9802AC19AE07300B94000000ABA
:10837000E07700B9807F82B90020C19A1F0014EB1A
:10838000EB000054410740F98102018B1F0001EB13
:108390006200005400008012807F02B9F50000B432
:1083A000402B40B9A0000034410F40F92040208B01
:1083B0001F4038EB480F005473060051BF0200F114
:1083C0007302140AE0079F1AE07B00B9941740B9C2
:1083D000D3000034DAB8FF979402134B9F02166B58
:1083E00094D2961A410000149F02166B080A00549A
:1083F000805742B96006A037D1B8FF97FB0319AA8E
:10840000D50900B4FF02186BE10315AAE492981A8B
:10841000E292981AE3031AAAE0031CAAE47F00B9C7
:1084200050FBFF97F50300AAE47F40B9F702044B25
:10843000400340B9E203132A8A1741F91F0800716B
:10844000E6974E29E4031BAAE303142AE1031CAABE
:10845000E7179F1AE0031CAA40013FD6F303002A46
:1084600060070035D602146B20070054E07340B952
:1084700039C3348B00040011E07300B9807B42B92A
:10848000E17340B92000006AE07700B901FAFF54B7
:1084900082F340F901008012E06F40B9000400113E
:1084A000E06F00B9E0031CAA40003FD682F340F918
:1084B000E0031CAAE16F40B940003FD6C4FFFF179C
:1084C000803F43F91B008052000400D13F0300EAC3
:1084D000E0079F1AE07F00B999B8FF97E07F40B9A5
:1084E000E0F8FF34BBF7FF35821740B90000801277
:1084F000807F02B9E11F8052803B43F90000349134
:10850000ABD4FF97833B43F9607E409300003491E6
:10851000827E4093E10319AA6000008BBED4FF97CE
:108520009B3B43F97B033491B6FFFF173B0080521E
:10853000E0031B2AE8FFFF1780DF42F9E11F8052AA
:10854000821F40B99AD4FF97BAFFFF17400740F93E
:10855000004036CB400B00F9750000B4400F40F9E5
:10856000401300F982F340F9E0031CAA01008012D5
:1085700040003FD6F55B42A9E003132AF35341A91B
:10858000F76343A9F96B44A9FB7345A9FD7BC8A810
:10859000C0035FD693008012F3FFFF17B30280126F
:1085A000F1FFFF1713008052F3FFFF17B302801291
:1085B000F1FFFF17FD7BBEA9FD030091F30B00F94E
:1085C000F30300AA040441F9026042B9035C42B912
:1085D0004300034B020080122320C31A010C805277
:1085E00080003FD6640641F9E00313AA030080121D
:1085F000011A8052E203032A80003FD6620A41F941
:10860000E10313AAE00313AA40003FD68000F83725
:1086100000000072810080120000811AF30B40F903
:10862000FD7BC2A8C0035FD6036042B9025C42B9B9
:108630006200024B2128C21ADFFFFF17FD7BBFA992
:1086400003008012E11F8052FD030091040441F9F0
:10865000E203032A80003FD600008052FD7BC1A8C0
:10866000C0035FD65F000071241840FA4003005435
:10867000FD7BBDA9631C0012FD030091F35301A90A
:10868000F30300AAF55B02A903020036F60301AA70
:10869000F503022A140080D261DE40F9E00313AA38
:1086A00020003FD6C06A343894060091BF02146B94
:1086B00048FFFF54F35341A900008052F55B42A9E3
:1086C000FD7BC3A8C0035FD603EC40F960003FD632
:1086D000F9FFFF17A0028012C0035FD6FD7BBCA983
:1086E000FD030091F35301A9F30301AAF51300F967
:1086F000F50300AA200080D2DBD4FF97E00313AA81
:10870000010080D2D2FEFF9760020035000080D2C7
:108710008CD4FF97F403002AE00314AA89D4FF97AE
:108720001F3C06F1C8000054610241F9C10100B4C8
:10873000E00315AA20003FD600FFFF34E1FF0091BF
:10874000E00313AA2300805222008052C6FFFF9745
:10875000C0010034F35341A9F51340F9FD7BC4A8CF
:10876000C0035FD6E1FF0091E00313AA230080520B
:1087700022008052BCFFFF97E0FEFF35E0FF40394A
:10878000C0FC3736EEFFFF17E0FF403920013037DD
:10879000630000D0810000908000009063840F91FE
:1087A000216C309100F430910275805241D9FF97CD
:1087B000E0FF4039E8FFFF17FD7BB9A904008052B4
:1087C000030080D2FD030091F96B04A9FA03022A89
:1087D00022A01791F35301A9F90300AAF30301AAF8
:1087E000F55B02A9F76303A9FB7305A957D47E299A
:1087F00038DC42F9141C40B9E00301AA5CEC4029C2
:10880000E1031A2AE203172AA1FBFF97F603002AC5
:1088100040040035B5021C0B00008052B5021B0B52
:108820001B008052BC02170B61DA45B93F001B6B7D
:10883000CC0100549F0200710D030054F55B42A966
:10884000E203142AF96B44A9E10318AAF76343A9C8
:10885000E00313AAF35341A903008052FB7345A917
:10886000FD7BC7A880FFFF17800200359F02156BB4
:10887000E10318AA82D2951AE00313AA03008052DA
:10888000E26F00B978FFFF97F7021C0BE26F40B967
:1088900080030034F603002AF35341A9E003162AAB
:1088A000F55B42A9F76343A9F96B44A9FB7345A99A
:1088B000FD7BC7A8C0035FD6201740B91F00087111
:1088C00029010054E103172AE00313AA040080528F
:1088D00003008052020080D214FDFF9780FCFF3419
:1088E000EDFFFF17E203172AE1031A2AE00313AA98
:1088F00004008052030080D265FBFF97F8FFFF174A
:1089000018C3228B9402024B7B0700112000805277
:10891000C6FFFF17FD7BBAA9FD030091F35301A920
:10892000F40300AAF30302AAF55B02A9F76303A903
:10893000F96B04A9FA0301AAFB2B00F936DC45B94F
:1089400037E045B93BDC42F9D87E409335D845B98C
:10895000F97E4093BF0200710C02005440DF42F9DF
:10896000821E40B9600300CB4200006BA00500549A
:10897000F35341A9E1031BAAF55B42A9E0031AAA3C
:10898000F76343A903008052F96B44A9FB2B40F91C
:10899000FD7BC6A834FFFF17E203162AE10313AAE2
:1089A000E0031AAA030080522FFFFF97C00300358F
:1089B00042EF45B97302188B02010034E1031BAA90
:1089C000E0031AAA0300805227FFFF97C002003578
:1089D00040EF85B97B03008BE203172AE1031BAA52
:1089E000E0031AAA030080521FFFFF97C001003561
:1089F00042F345B97B03198B02010034E1031BAA42
:108A0000E0031AAA0300805217FFFF97C000003549
:108A100040F385B97B03008BB5060051CEFFFF17ED
:108A200000008052F35341A9F55B42A9F76343A9C3
:108A3000F96B44A9FB2B40F9FD7BC6A8C0035FD6A8
:108A4000FD7BBDA9FD030091F35301A9F30301AA26
:108A5000E10302AAF51300F9F40300AAF503032ABF
:108A600003008052021440B9E00313AAFEFEFF97F0
:108A70004001003535010034F51340F9E00313AA35
:108A800061DE42F903008052821E40B9F35341A9CE
:108A9000FD7BC3A8F4FEFF17F35341A9F51340F97A
:108AA000FD7BC3A8C0035FD6FD7BB8A9FD03009181
:108AB000F35301A9F30300AAF40303AAF55B02A987
:108AC000F50301AAF60304AAF76303A9F70302AAB0
:108AD00018328052610241F9410300B4E00313AA45
:108AE00020003FD6E003003460E242F9020880D261
:108AF00001008052130000F9E000805260B605B911
:108B0000E063228B2AD3FF97FF4300B9E203019170
:108B1000E10315AAE00313AAF72700F9F63B00F9D1
:108B2000ECFDFF97E12B40F9810200F9F35341A9D5
:108B3000F55B42A9F76343A9FD7BC8A8C0035FD6D4
:108B4000E1030191E00313AA230080522200805226
:108B5000C5FEFF97A0FCFF35E003413960FC3737C5
:108B6000007D80D2C0D3FF971807007141FBFF54EE
:108B7000DEFFFF17FD7BBDA9FD030091F35301A9A3
:108B8000F40300AA000080D26ED3FF97F303002AFB
:108B9000E00313AA6BD3FF971FE403F1890000548D
:108BA000F35341A9FD7BC3A8C0035FD6E1BF009189
:108BB000E00314AA2300805222008052AAFEFF97ED
:108BC00000FFFF35E0BF4039C0FE3737DCB6FF9706
:108BD000F0FFFF17FD7BBDA9FD030091F35301A931
:108BE000F30300AAF403012AF55B02A9F503022AA4
:108BF000F603032A3F00027121090054001440B912
:108C00001F00026BE80700545500004B010A805218
:108C100063FE40F962108052E00313AA60003FD661
:108C20006200805263FE40F9E103142AE00313AAB4
:108C300060003FD6BF06003100080054605642B9BC
:108C4000C00008369FB2037180000054C80600546B
:108C50009F420271E106005463FE40F9A210805267
:108C6000E103152AE00313AA60003FD6A200805258
:108C700063FE40F9DF06003100020054E103162ACA
:108C8000E00313AA60003FD663FE40F9E00313AA95
:108C9000C17E0813A200805260003FD6605642B9E0
:108CA000C000703663FE40F9C17E1013E00313AAC2
:108CB000A200805260003FD663FE40F9E00313AA91
:108CC000221080520100801260003FD69FFE037187
:108CD00060050054E80300549F4202718804005468
:108CE0009F7E0171E80200549F42007121030054ED
:108CF000F35341A9F55B42A9FD7BC3A8C0035FD62E
:108D00005FFC03718D000054550004512100805216
:108D1000C0FFFF1701008052BEFFFF176210805294
:108D2000C1FFFF1780BA03511F04007169F9FF5496
:108D3000B57E0113C9FFFF17A2108052CDFFFF17A8
:108D400094820151E08300B20024D49A20FD0737B9
:108D5000600241F9A00300B5F55B42A9605282B9F7
:108D6000F35341A9FD7BC3A83FD3FF179F42037173
:108D700000FCFF549FBE0371DDFFFF17600241F945
:108D8000400200B5605282B937D3FF9763FE40F9C5
:108D9000E00313AA62108052010E805260003FD699
:108DA00063FE40F9E00313AA2210805201008012F2
:108DB00060003FD6F55B42A9E00313AAF35341A933
:108DC000FD7BC3A86CFFFF17200080D226D3FF973E
:108DD000F55B42A9E00313AAF35341A9FD7BC3A8A5
:108DE00015FAFF17FD7BBDA9FD030091F35301A9FF
:108DF000F30300AAF55B02A9F503022AF603032A8E
:108E00003F40017141080054001440B914008052E1
:108E10005500000B63FE40F9E00313AAE103142A96
:108E20006210805260003FD6A002160A1F04003173
:108E3000E0040054BF06003180070054605642B978
:108E4000C00008369FB203718000005448060054E9
:108E50009F4202716106005463FE40F9E103152A46
:108E6000E00313AAA210805260003FD663FE40F9CF
:108E7000A2008052A17E0813E00313AA60003FD62F
:108E8000A200805263FE40F9DF0600310002005468
:108E9000E103162AE00313AA60003FD663FE40F9FF
:108EA000E00313AAC17E0813A200805260003FD6DF
:108EB000605642B9C000703663FE40F9C17E10139F
:108EC000E00313AAA200805260003FD663FE40F97F
:108ED000E00313AA221080520100801260003FD6E6
:108EE0009F160071E00700546803005474090034B1
:108EF000600241F9800A00B5F55B42A9605282B96F
:108F0000F35341A9FD7BC3A8D7D2FF17F403012A6D
:108F1000C1FFFF1780BA03511F040071E9F9FF5424
:108F2000B57E0113CDFFFF17A2108052D6FFFF17A9
:108F300094820151E08300B22004C0F20024D49A4C
:108F400080FD0736F35341A9F55B42A9FD7BC3A819
:108F5000C0035FD69FFE0371E0010054A8FCFF54DC
:108F60009F420271080100549F7E017128FEFF5448
:108F70009F42007180FEFF549F56007140FEFF54D7
:108F8000DCFFFF179F420371E0FDFF549FBE03719A
:108F9000FBFFFF17600241F9600500B5605282B91E
:108FA000B1D2FF9763FE40F9E00313AA621080522A
:108FB000010E805260003FD663FE40F9E00313AA21
:108FC000221080520100801260003FD6F55B42A95A
:108FD000E00313AAF35341A9FD7BC3A8E6FEFF17E4
:108FE00063FE40F9E00313AA62108052011C805214
:108FF00060003FD6F55B42A9E00313AA63FE40F987
:1090000022108052F35341A9F00303AAFD7BC3A8A9
:109010000100801200021FD663FE40F9E00313AA8C
:10902000621080520106805260003FD663FE40F914
:10903000E00313AA221080520100801260003FD684
:10904000ACFFFF17200080D287D2FF97F55B42A9C3
:10905000E00313AAF35341A9FD7BC3A876F9FF17D8
:109060005F000071241840FA40030054FD7BBDA945
:10907000631C0012FD030091F35301A9F30300AA3E
:10908000F55B02A903020036F60301AAF503022AE2
:10909000140080D262E640F9E00313AAC16A743872
:1090A0009406009140003FD6BF02146B48FFFF5466
:1090B000F35341A900008052F55B42A9FD7BC3A890
:1090C000C0035FD603E840F960003FD6F9FFFF1701
:1090D000A0028012C0035FD6FD7BB8A9FD030091FA
:1090E000F96B04A9FA0301AA43A31791F35301A949
:1090F000E103022AF55B02A9F60300AAF76303A9BC
:10910000FB7305A91B1C40B974CC7E2960884029DB
:1091100055DF42F91300130B57DB45B97302020BFD
:109120000000022A400300356002140B027C171B6A
:1091300017008052E0031AAA04008052030080D274
:1091400046FBFF97E0070035F903142A6102140B70
:10915000180080529C008052E16700B91F03176B12
:10916000AB0100547F030071AC070054F35341A9D5
:10917000E0031AAAF55B42A9F76343A9F96B44A976
:10918000FB7345A9FD7BC8A857FBFF17E203142A10
:10919000E9FFFF1720010034C01640B91F00087115
:1091A00028040054E403142A00008012E07F00B970
:1091B0009F0000712C0200547F03136BE10315AA7A
:1091C00062D3931AE0031AAA03008052E26B00B93B
:1091D000A4FFFF97E16740B93903010B2003003575
:1091E000E26B40B918070011200080527B03024B4C
:1091F000B5C2228BDAFFFF179F100071E1F30191D6
:1092000082D09C1AE0031AAA03008052E2130D29AF
:1092100094FFFF9760010035E2134D298400024B53
:10922000E4FFFF17E103192AE0031AAA04008052A1
:1092300003008052020080D2C1FBFF97E0FBFF34A5
:10924000F35341A9F55B42A9F76343A9F96B44A91C
:10925000FB7345A9FD7BC8A8C0035FD6E2031B2AA8
:10926000E10315AAE0031AAA030080527DFFFF97CD
:10927000E0F7FF34F3FFFF17FD7BBAA9FD03009170
:10928000F35301A9F40300AAF30302AAF55B02A9B0
:10929000F76303A9F96B04A9FA0301AAFB2B00F9F0
:1092A00036DC45B937E045B93BDC42F9D87E40931E
:1092B00035D845B9F97E4093BF0200710C020054C5
:1092C00040DF42F9821E40B9600300CB4200006BD0
:1092D000A0050054F35341A9E1031BAAF55B42A981
:1092E000E0031AAAF76343A903008052F96B44A96B
:1092F000FB2B40F9FD7BC6A85AFFFF17E203162A95
:10930000E10313AAE0031AAA0300805255FFFF9756
:10931000C003003542EF45B97302188B02010034D7
:10932000E1031BAAE0031AAA030080524DFFFF9736
:10933000C002003540EF85B97B03008BE203172A9A
:10934000E1031BAAE0031AAA0300805245FFFF971E
:10935000C001003542F345B97B03198B020100348B
:10936000E1031BAAE0031AAA030080523DFFFF9706
:10937000C000003540F385B97B03008BB506005172
:10938000CEFFFF1700008052F35341A9F55B42A9BD
:10939000F76343A9F96B44A9FB2B40F9FD7BC6A8F1
:1093A000C0035FD6FD7BBAA9FD030091F35301A969
:1093B000F30301AAF40302AAF55B02A9F50300AACC
:1093C000F76303A9F96B04A9FB2B00F937DC45B956
:1093D00038E045B93BDC42F9FA7E409336D845B9CE
:1093E000197F40931602003560DE42F9A21E40B993
:1093F000600300CB4200006BC0060054F55B42A93D
:10940000E1031BAAF76343A9E00313AAF35341A99D
:1094100003008052F96B44A9FB2B40F9FD7BC6A8E1
:1094200010FFFF17620643F9E00315AA21008052DE
:1094300040003FD6E203172AE10314AAE00313AA6F
:109440000300805207FFFF976004003562EE45B9C4
:1094500002010034E1031BAAE00313AA03008052B7
:1094600000FFFF978003003560EE85B97B03008B1A
:10947000630A43F9E2031BAAE10314AAE00315AA55
:1094800060003FD6E203182AE1031BAAE00313AAF7
:1094900003008052F3FEFF97E001003562F245B908
:1094A0007B03198B02010034E1031BAAE00313AA1A
:1094B00003008052EBFEFF97E000003560F285B9B3
:1094C0007B03008BD606005194021A8BC6FFFF1750
:1094D00000008052F35341A9F55B42A9F76343A909
:1094E000F96B44A9FB2B40F9FD7BC6A8C0035FD6EE
:1094F000FD7BB7A963040051FD030091F35301A95B
:10950000F30300AAF40304AAF55B02A91600805233
:10951000F76303A9F96B04A9FB7305A9FB0301AA6F
:1095200038DC45B920D845B9E07B00B920FC42F9C8
:10953000E03B00F94008D81A6200020B751E40B9E2
:109540003ADC42F9E58700B9E07F00B94008D81A53
:10955000373843F9E08300B9E07B40B9B50AC01A57
:1095600020E085B9E03700F9007F4093E04700F93B
:10957000B57E4093E07B40B9DF02006B6B02005484
:10958000E13B40F9000080D2643B43F92210009196
:1095900063E745B961DF42F97F00006BEC060054D8
:1095A000F55B42A9E0031BAAF76343A903008052BD
:1095B000F96B44A9FB7345A9621E40B9F35341A955
:1095C000FD7BC9A8A7FEFF17620743F9E00313AAB2
:1095D0002100805240003FD6E203182AE10314AA7A
:1095E000E0031BAA030080529EFEFF970005003592
:1095F000E07F40B91F00166BE08340B9FC979F1ACB
:109600001F00166BF9279F1A9903192AB902003413
:10961000E23740F9E00317AAE11F805264D0FF97B8
:10962000E08740B91F000071801B407A4100005460
:10963000B9000034E20315AAE0031AAAE11F805220
:109640005BD0FF97E04740F95A03158BD60600110F
:109650009402008BE03740F9F702008BC6FFFF173A
:10966000630B43F9E20317AAE10314AAE00313AA68
:1096700060003FD6EBFFFF17437860B8856860381D
:109680000004009125682338C2FFFF17F35341A956
:10969000F55B42A9F76343A9F96B44A9FB7345A99C
:1096A000FD7BC9A8C0035FD6FD7BBDA9FD0300916A
:1096B000F35301A9F30301AAE10302AAF51300F988
:1096C000F40300AAF503032A03008052021440B9F0
:1096D000E00313AA63FEFF97400100353501003413
:1096E000F51340F9E00313AA61DE42F9030080524A
:1096F000821E40B9F35341A9FD7BC3A859FEFF1751
:10970000F35341A9F51340F9FD7BC3A8C0035FD60D
:10971000FD7BBAA9FD030091F35301A9F30301AA4C
:10972000F40302AAF55B02A9F50300AAF76303A9F3
:10973000F96B04A9FB7305A9393843F93ADC45B93B
:1097400036FC42F9F80319AA3BE085B95C7F4093E7
:1097500037D845B937020035D6120091000080D2C3
:1097600062E645B961DE42F95F00006BCC0300544C
:10977000F76343A9E00313AAF35341A903008052FE
:10978000F96B44A9FB7345A9A21E40B9F55B42A938
:10979000FD7BC6A833FEFF17620643F9E00315AA56
:1097A0002100805240003FD6E2031A2AE10314AAA6
:1097B000E00313AA030080522AFEFF97E001003560
:1097C000630A43F9E20318AAE10314AAE00315AA05
:1097D000F706005194021C8B18031B8B60003FD6C8
:1097E000DDFFFF17C27A60B8236B60380004009178
:1097F00023682238DBFFFF17F35341A9F55B42A929
:10980000F76343A9F96B44A9FB7345A9FD7BC6A87F
:10981000C0035FD6FD7BBDA9FD030091F35301A9F1
:10982000F30300AAF51300F9F503012A002441F916
:10983000200200B42B0A0094E20300AA632641F937
:10984000E103152AE00313AA60003FD6F403002ABF
:1098500020010034600000F00054319115D5FF97CD
:10986000F51340F9E003142AF35341A9FD7BC3A883
:10987000C0035FD662F240F9E103152AE00313AAA0
:1098800040003FD6E00313AA6DFBFF9762F240F958
:10989000F403002A01008012E00313AA40003FD61F
:1098A00014FEFF3562F240F9E103152AE00313AA22
:1098B00040003FD6E103152AE00313AA75F4FF9791
:1098C000F403002A62F240F9E00313AA01008012B7
:1098D00040003FD6E3FFFF17FD7BBDA9FD030091CC
:1098E000F55B02A9F50302AAF35301A9F40301AA47
:1098F000A30240B9018843297F040071A32A40B91B
:109900002110821AA20E40F94240238B5FC021EB46
:10991000880800547F00016B42080054247C409367
:10992000F30300AA010440F93F0014EBA907005417
:10993000035C42B92124C39A832AC39A210003CB32
:10994000217C049B5F0001EBC8060054166842B9F5
:10995000962AD69AE103162AAFFFFF9762F240F9E2
:10996000E00313AAE103162A40003FD6605E42B925
:10997000942AC09AE00313AA48FAFF9760010034C2
:1099800062F240F9E00313AA01008012B4038012CE
:1099900040003FD6F55B42A9E003142AF35341A9E6
:1099A000FD7BC3A8C0035FD6607E42B91F00146B65
:1099B0006100005400008012607E02B9A20E40F9DE
:1099C000E30315AAA11E40F9E00313AAE5F5FF97EA
:1099D000A00240B9627A42B91F080071E101005447
:1099E000632A43F94200140AE10313AAE00313AA0D
:1099F00060003FD6F403002A62F240F9E00313AAA4
:109A00000100801240003FD674FCFF35A00E40F9E3
:109A1000A01200F9E0FFFF17633643F9F2FFFF17CA
:109A2000B4028012DCFFFF17FD7BB8A9020880D2C8
:109A3000FD030091F35301A9F30300AAF40301AA63
:109A4000E063228B01008052F55B02A9FF7300796D
:109A500057CFFF97E0E30091615642B9E03F00F92C
:109A6000609642B9E06B00B9E103083600781F1236
:109A7000E06B00B9400080D2E02700F9E02F00F948
:109A8000605A42B9FF4300B980008036600642291F
:109A90000000014B9402008B56008052150080524A
:109AA000E10314AAE2030191E00313AA8BFFFF97DD
:109AB000BF020071B512801A601640B99402008B83
:109AC000605A42B960007836DF0600710101005427
:109AD000F35341A9E003152AF55B42A9FD7BC8A811
:109AE000C0035FD6200080D2E4FFFF17360080520B
:109AF000ECFFFF17FD7BBEA9FD030091F35301A905
:109B0000F40300AA401840F95F0800F9C00000B44F
:109B1000400440F9830640F92000008B1F0003EB4E
:109B2000C8020054E000805280B605B9400040B938
:109B30001F080071E8010054401840F9400100B5C9
:109B4000E00314AA65FFFF97F303002AE00314AAB9
:109B500080F3FF97E003132AF35341A9FD7BC2A8CA
:109B6000C0035FD6E00314AADAF9FF97F7FFFF17E7
:109B700073418012F6FFFF17B3028012F6FFFF1742
:109B8000FD7BBBA9EA0300AAEB03012AFD030091B8
:109B9000F35301A9F55B02A9F60304AAF76303A92D
:109BA000F80302AAF703052AE203062AF92300F9BB
:109BB000F903032A12F5FF97F303002AC003F837CD
:109BC0004200004BE103192AE00318AA0CF5FF97A5
:109BD000F403002AE003F8374200004BE103172AA0
:109BE000E00316AA06F5FF97F503002A6003F8378D
:109BF000B3000034627D4093E0030AAAE11F805263
:109C0000EBCEFF97B4000034227F4093E00318AA04
:109C1000E11F8052E6CEFF97B5000034E27E40930C
:109C2000E00316AAE11F8052E1CEFF977402140BE5
:109C30009302150BF55B42A9E003132AF35341A9E4
:109C4000F76343A9F92340F9FD7BC5A8C0035FD69C
:109C5000F303002AF8FFFF17F303002AF6FFFF17AC
:109C6000FD7BB8A9FD030091F55B02A9F50302AAEB
:109C700022A01791F35301A9F40300AAF76303A9E3
:109C800017008052F96B04A9FB7305A9FB0301AA15
:109C90005AE47E295680402933DC42F93603160BFC
:109CA000D602000B38D845B9207F40935C7F4093A3
:109CB000E03700F9C07E4093E03B00F9D801003561
:109CC00060DF42F9821E40B9600200CB4200006BA7
:109CD000A10A0054E003172AF35341A9F55B42A9F6
:109CE000F76343A9F96B44A9FB7345A9FD7BC8A899
:109CF000C0035FD6620743F9E00314AA0100805253
:109D000040003FD6E2031A2AE10315AAE0031BAA8A
:109D10000300805254FAFF9700FEFF3562EF45B909
:109D200002010034E10313AAE0031BAA03008052DE
:109D30004DFAFF9720FDFF3560EF85B97302008B68
:109D4000620743F9E00314AA4100805240003FD665
:109D5000E203192AE10313AAE0031BAA03008052BD
:109D600041FAFF97A0FBFF35640F43F9E20313AA02
:109D7000E10315AAE00314AA030080D280003FD6B5
:109D8000E403002A62F345B9E03740F97302008B1F
:109D900042010034E10313AAE0031BAA030080522E
:109DA000E47F00B930FAFF9780F9FF3560F385B999
:109DB000E47F40B97302008B9F2801316102005497
:109DC00060F745B9E0000037802641B90004001172
:109DD000802601B918070051B5021C8BB8FFFF1788
:109DE00061DF45B9040080D266EB45B9E303162A6A
:109DF000E03B40F905008052620200CBE00315AA67
:109E000060FFFF97E403002A04FEFF37802241B978
:109E1000FF02046BF722841A0000040B802201B9B0
:109E2000EDFFFF17E10313AAE0031BAA0300805212
:109E30000DFAFF9700F5FF34A8FFFF17FD7BB9A9C6
:109E4000FD030091F35301A9F30301AAF55B02A9F5
:109E5000F60300AAF76303A9F80304AAF96B04A99F
:109E6000FB7305A93BFC42F934DC45B9355442B9D2
:109E700039E045B9610400512100020B5A08D41A97
:109E8000B50641D3B50600112108D41A21001A4B9A
:109E90003C0400113750141B947E1A1BD40000346C
:109EA000640641F9E203142A03008012A1008052E3
:109EB00080003FD614C3348BE203172AE10314AAAF
:109EC000E00313AA03008052E7F9FF97F703002A83
:109ED00020040035387F1C1BE10314AA03008052C4
:109EE0007F00186B6B040054397F1A1B0407005164
:109EF000000080527ACB398B237F7E93E1031AAA2C
:109F00009F00006B2C0500540000805262DE42F975
:109F1000C11640B9C0050034C31E40B904008052C8
:109F2000E00313AA81F7FF9760010035000080D29B
:109F3000E103002A00040091020400511F03026B98
:109F40006C06005415008052FF02186BEB0600549B
:109F5000E003152AF35341A9F55B42A9F76343A92E
:109F6000F96B44A9FB7345A9FD7BC7A8C0035FD665
:109F7000640A43F9E00316AA623A43F9E13300F9AF
:109F8000E36F00B942C0238B80003FD660E245B941
:109F9000E36F40B9E13340F96300000B60DE85B93F
:109FA0002100008BCFFFFF17224C40B84204001164
:109FB000250440B95F00056B6100005400040011E6
:109FC000D0FFFF1720008052D1FFFF1764E245B990
:109FD0007B130091E003154BB5060051636B63B82A
:109FE0009C67041B0000030A7F00156A0307981A88
:109FF0000100010B42C0208B64DB7CB8BF02046A05
:10A00000040080526304831AC6FFFF17633A43F9C2
:10A0100064DE42F9427B60B861C0218B826862389D
:10A0200022001A39C3FFFF17640E43F9E37E409301
:10A03000623A43F979001A91E10314AAE00316AADF
:10A040004300038B4200198B80003FD61F2801314B
:10A050008102005460F645B920010037C02641B99D
:10A0600000040011C02601B960E245B9F702000BF7
:10A0700060DE85B99402008BB4FFFF1761DE45B93D
:10A08000E00314AA63E245B90500805266EA45B9C7
:10A09000040080D2623A43F94200198BB9FEFF975F
:10A0A000E0FDFF37C12241B9BF02006BB522801A23
:10A0B0002100000BC12201B9ECFFFF17FD7BB9A9FC
:10A0C000FD030091F35301A9F30301AAF55B02A973
:10A0D000F50302AAF76303A9F70302AAF96B04A91F
:10A0E000FB7305A9FC0300AA343843F93AE045B9EB
:10A0F00036DC45B9F90314AA38D845B920FC42F931
:10A100005B7F4093E03300F9C07E4093E03700F975
:10A110005803003561DE42F9E00313AA821F40B9FB
:10A120000300805250F9FF97A0010035E13340F958
:10A1300094021A91000080D23810009161E645B96E
:10A140003F00006B2C04005479DA45B9D87E409367
:10A150001700805279040035E003172AF35341A910
:10A16000F55B42A9F76343A9F96B44A9FB7345A9C1
:10A17000FD7BC7A8C0035FD6620643F9E0031CAAB3
:10A180000100805240003FD6E203162AE10317AADD
:10A19000E00313AA0300805233F9FF9700FEFF3556
:10A1A000630A43F9E20319AAE10317AAE0031CAA10
:10A1B0001807005139031B8B60003FD6E03740F988
:10A1C000F702008BD3FFFF1762DE42F9017B60B814
:10A1D00041686138816A203800040091D8FFFF1778
:10A1E000640E43F983021AD1E20314AAE10315AA0B
:10A1F000E0031CAA80003FD61F2801314102005411
:10A2000060F645B900010037802741B9000400110C
:10A21000802701B939070051B502188B94021B8BB6
:10A22000CDFFFF1766EA45B9E3031A2AE20314AA31
:10A23000E103162AE00315AA05008052040080D22B
:10A2400050FEFF9720FEFF37812341B9FF02006BCC
:10A25000F722801A2100000B812301B9EEFFFF17BE
:10A26000FD7BB9A9FD030091F35301A9F40300AAF2
:10A27000F30301AAF55B02A9F50302AA02008052CA
:10A28000F76303A9F96B04A9FB7305A9FB03042A6F
:10A2900023DC42F9041C40B9E00301AA37FC42F96F
:10A2A000363843F938D845B939DC45B93AE045B9CB
:10A2B000E1031B2AC1F6FF9760020035E1031B2A68
:10A2C000E00313AA04008052030080D202008052EF
:10A2D000EFF4FF9780010035F7120091C2021A9146
:10A2E000000080D261E645B93F00006BAC0100542C
:10A2F0005B7F40933C7F409317008052F80100350C
:10A30000E003172AF35341A9F55B42A9F76343A978
:10A31000F96B44A9FB7345A9FD7BC7A8C0035FD6B1
:10A3200063DE42F9E17A60B86168613841682038DB
:10A3300000040091ECFFFF17620643F9E00314AA42
:10A340000100805240003FD6E203192AE10315AA1A
:10A35000E00313AA03008052C3F8FF9740FDFF35C6
:10A36000630A43F9E20316AAE10315AAE00314AA5B
:10A3700060003FD6640E43F9C2021A91E10315AAA8
:10A38000E00314AA030080D2E23700F980003FD630
:10A390001F280131E23740F92102005460F645B927
:10A3A00000010037802641B900040011802601B960
:10A3B00018070051B5021C8BD6021B8BD0FFFF176C
:10A3C00066EA45B9E3031A2AE103192AE00315AA4C
:10A3D00005008052040080D2EAFDFF9740FEFF375F
:10A3E000812241B9FF02006BF722801A2100000B85
:10A3F000812201B9EFFFFF17FD7BBAA9FD03009190
:10A40000F35301A9F40301AAF55B02A9F76303A9B9
:10A4100018008092F96B04A9FB7305A9248C40A94C
:10A42000A1028012166042B90223D69A9F0022EA46
:10A4300035109F1A7F0022EAA10D0054950D0035BA
:10A440008100805201B405B902F040F9F30300AA7B
:10A45000950640F9016842B9175C42B9A126C19A34
:10A46000F903012A40003FD6E00313AA8BF7FF97B8
:10A470008000003400028052800201392400001460
:10A48000D602174BB526D79A37008052400080522B
:10A49000F722D61A3A00E8D2960A40F93B0080D259
:10A4A00080020139760000B500018052F3FFFF17EA
:10A4B000A3B0FF97805240B9E0040035602A41F90B
:10A4C000615E42B91F001AEA81000054605642B929
:10A4D00000000232605602B9604643F9C00300B57D
:10A4E00062F640F9BC7E4093E00313AA8123C19A2F
:10A4F00040003FD600030034000280528002013940
:10A50000605E42B99C23C09A9C0E00F980024139DA
:10A510000100801262F240F91F2000719500801244
:10A52000E00313AAF503951A40003FD6E00313AAEF
:10A5300008F1FF97F35341A9E003152AF55B42A9FF
:10A54000F76343A9F96B44A9FB7345A9FD7BC6A832
:10A55000C0035FD6607E42B91F00156BAB0000548C
:10A56000A102170B1F00016B4A000054787E02B94C
:10A57000620E41F9E00313AA617A42B9A102010A0D
:10A5800040003FD6000100360002805280020139AF
:10A59000B57E4093605E42B9B522C09A950E00F92F
:10A5A000DBFFFF17606242B9B502170B6023C09A48
:10A5B000D60200EBA0F7FF54607A42B9BF02006AEE
:10A5C00021F7FF5462F240F9E00313AA0100801260
:10A5D0003907001140003FD662F240F9E103192A21
:10A5E000E00313AA40003FD6AFFFFF17F503012A8F
:10A5F000D1FFFF17FD7BB8A9FD030091F35301A91B
:10A60000F40300AAF30301AA98F3FF97E0000034D3
:10A610001F00007113D09F1AE003132AF35341A9BE
:10A62000FD7BC8A8C0035FD6805A42B9C0009836E7
:10A63000802A41B91300805200040011802A01B918
:10A64000F6FFFF17020B80D201008052E0A30091B9
:10A6500057CCFF97816242B9200080D2020080521D
:10A66000F4CF02A90020C19AE1A30091E01F00F9F4
:10A67000E00314AA61FFFF9782FA40F9E10313AAED
:10A68000E000805280B605B9E00314AA40003FD62E
:10A69000F303002AE00314AAAEF0FF97B3FCFF34E3
:10A6A000DEFFFF170200805254FFFF1701484639B2
:10A6B000034C4639210C42D36204001221040011DC
:10A6C00001200A3901808052640842D32120C21A35
:10A6D00002018052011400B9217C09534220C41A9E
:10A6E000417C011B621444D3011C00B92100A0521B
:10A6F0002120C21A011000B983003036015442B93A
:10A7000021001F32015402B9C0035FD6FD7BBAA9F4
:10A71000FD030091F35301A9F30300AAF40303AA74
:10A72000F55B02A9F76303A9F70301AAF80302AADC
:10A7300001008052F92300F937FCFF97F603002A45
:10A74000A003003562F240F9E00313AA0100805231
:10A750007542069140003FD6E20315AAE00313AA12
:10A76000430080520100805299F6FF97F603002AB9
:10A770002002003560424639E20315AAE00200B922
:10A78000030180520100805260464639000300B93F
:10A79000E00313AA8EF6FF97F603002AC0000035E7
:10A7A00061424639E00240B93F00006B200100548D
:10A7B00056028012F35341A9E003162AF55B42A921
:10A7C000F76343A9F92340F9FD7BC6A8C0035FD610
:10A7D00061464639000340B93F00006BA1FEFF54BB
:10A7E000E20080D2A06A623840030035420400D102
:10A7F0005F0400B181FFFF54609A01B981000090AD
:10A8000021202191030380D2E4024039000080D24C
:10A81000027C039B226862B802030035000080D2EC
:10A820001B0000146300008BA66A613885686338DA
:10A83000DF00056B60010054000400911F2000F14F
:10A84000A10000545F1C00710004821AEBFFFF1787
:10A85000200080D2A40200CB010080D20300018B33
:10A860007F1C00710DFEFF54210400911F00016B3D
:10A870006CFFFF54E1FFFF17050400915F00046BBC
:10A88000C1020054007C239B0000018B605E03F931
:10A89000740000B59400009094C22691605642B9AD
:10A8A00017001F1200781E12605602B9800240F98C
:10A8B000201000B482424079620F0034423C409242
:10A8C000E10315AA802200916FCBFF97A00000340E
:10A8D00094C20091F6FFFF17E00305AACDFFFF1712
:10A8E000801240B9601600B9801A40B9601200B9F0
:10A8F00080464079601E00B9604A4639000C42D358
:10A900000004001160220A39801640B900AC6CD3F3
:10A91000603A01F9605642B9811E40B90000012A2F
:10A92000605602B9804A407960160579804E4079B8
:10A93000601A0579802A40B9609202B9601E40F918
:10A94000600000B5800240F9601E00F9615642B90E
:10A9500020001F1201379836200100346300009058
:10A96000610000D0600000D063700D91216C3091C7
:10A9700000F4309162258252CED0FF97605642B9E2
:10A98000E103172A0000172A605602B9E00313AA50
:10A9900032F1FF97631640B97F00087148350054C3
:10A9A000605642B91F007FF2A0008052E013801A67
:10A9B000609602B96000C05A613A41F97F000071A7
:10A9C0000010C05AE007801A02040051625E02B90A
:10A9D0002024C29A00040051607A02B9601240B982
:10A9E0001F0000710000C05A0010C05AE007801A12
:10A9F00000040051606202B9606602B9813200341D
:10AA00003F0000712100C05A2110C05AE107811A8D
:10AA100021040051616A02B92100024B3F400071DC
:10AA20008D000054605642B900001232605602B9DF
:10AA300000018052609A02B9E0FFFFD000A0189197
:10AA4000600E01F97F00087129010054610641F987
:10AA5000E0FFFFD000502F913F0000EB8100005439
:10AA6000E0FFFFD000903791600601F9605E43F986
:10AA700020EAFFB4000840F9E0E9FFB4010440F91E
:10AA8000A1E9FFB4F55B42A9E00313AAF35341A97E
:10AA9000F00301AAF76343A9F92340F9FD7BC6A897
:10AAA00000021FD680264039010340B93F00006BE9
:10AAB00001F1FF547F9E02B9800240F9600000B4AA
:10AAC000801240B960260035E2630191E00313AAC9
:10AAD0008300805201048052BDF5FF97E00E0035DF
:10AAE000610000D0E063019121383291820080D270
:10AAF000E5CAFF97200E0035E00313AA010080523B
:10AB000050F2FF97F903002A800D003575920A91E3
:10AB1000E10315AAE00313AA230080520220805209
:10AB2000D1F6FF97F803002A800C0035C11F80D2B0
:10AB3000E00315AA2FF2FF97A1FE4339A2FA433989
:10AB40004120012A3F20206B002B005439070011BF
:10AB50003F0F0071E1FDFF54600000D0004C3391C5
:10AB600054D0FF9755000014E0028052609E02B955
:10AB700060120B91810180D274420B916BF1FF97AF
:10AB8000E00314AA810280D268F1FF97601E40F9A9
:10AB9000400000B5741E00F9A042413904048052FF
:10ABA000A1464139A24E4139012001AAA04A4139AA
:10ABB000204000AA026002AA621600B9A1724139BF
:10ABC000A0764139202000AAA17A4139014001AA8A
:10ABD000A07E4139206000AA0110C05A1F000071F8
:10ABE0008100014B21109F1A210400514120C11AFC
:10ABF000611200B9A3524139A05641396020002AA0
:10AC0000601E00B9A3824139A0864139602000AAA4
:10AC1000A38A4139034003AAA08E4139606000AA8B
:10AC2000600000B40010C05A9800004BA392413954
:10AC300018070051200080520020D81A007C409351
:10AC4000617CA19B639E42B9007C019B603A01F943
:10AC5000A09A413960220A390308003460564579C8
:10AC600080000036615642B921001F32615602B998
:10AC7000A1C241393FFC037140070054004080529B
:10AC800061160579601A057931FFFF1760001836E3
:10AC9000A0028052B6FFFF1760001036800280527B
:10ACA000B3FFFF176000083640018052B0FFFF1766
:10ACB000609E42B9E0F5FF35E2630191E00313AA1B
:10ACC000A30080520108805241F5FF9720160035FD
:10ACD000610000D0E063019121603291A20080D236
:10ACE00069CAFF9760150035E00313AA0108805276
:10ACF000D4F1FF97F903002AC014003575920E9124
:10AD0000E10315AAE00313AA2300805202408052F7
:10AD100055F6FF97F803002AC0130035C13F80D2D3
:10AD2000E00315AAB3F1FF97A1FE4739A2FA47390C
:10AD30004120012A3F20206B80190054390700115F
:10AD40003F0F0071E1FDFF54600000D000783291A8
:10AD5000D8CFFF978F00001400008052C5FFFF1767
:10AD60007F5000714DDFFF5420DF3F365F000871D8
:10AD700029010054610641F9E0FFFFD000502F91F6
:10AD80003F0000EB81000054E0FFFFD000903791BE
:10AD9000600601F9A1324039A03640392020002A4E
:10ADA00001008052186C1C53003C7CD3D3C9FF9720
:10ADB000F40300AAC0DCFFB4E00313AA0100805230
:10ADC000A0F1FF9780040035A13A4039E303182A27
:10ADD000E20314AAE00313AA24008052215C185352
:10ADE000D2F3FF9780030035010B0051870A0091D1
:10ADF000E00307AA217C40937EF1FF97820240394D
:10AE0000810640394120012A3F20206B4102005435
:10AE1000610000D0E00307AA214C3291820080D269
:10AE200019CAFF978001003581820091824200910A
:10AE3000430040397F0800716012005443044039D8
:10AE400000040011420800912110238B1F20007183
:10AE500001FFFF54E00314AA2CABFF97BCFEFF17C1
:10AE60004001805260A202B960120F91810180D22C
:10AE700074420F91ADF0FF97E00314AA810280D2D3
:10AE8000AAF0FF97601E40F9400000B5741E00F95B
:10AE9000A042413903048052A1464139012001AA50
:10AEA000A04A4139204000AAA14E4139016001AABF
:10AEB000611600B9A0724139A2764139022002AA76
:10AEC000A07A4139404000AAA27E4139026002AA1C
:10AED0004010C05A5F0000716000004B00109F1AC4
:10AEE000000400512120C01A611200B9A252413958
:10AEF000A05641394020002A601E00B9A282413983
:10AF0000A0864139402000AAA28A4139024002AA03
:10AF1000A08E4139406000AA600000B40010C05A01
:10AF20007800004BA292413918070051200080524E
:10AF30000020D81A007C4093417CA19B007C019B9F
:10AF4000603A01F9A09A413960220A3960A242B9F7
:10AF5000C00000346056477980000036605642B920
:10AF600000001F32605602B961E251393F20007182
:10AF7000E9CEFF5460DE5139601605792000805219
:10AF80000020C11A40FFFF1760A242B9E0F6FF356A
:10AF9000800240F9E0C0FFB4611E40F9410000B5F5
:10AFA000601E00F9801640B900AC6CD3603A01F91C
:10AFB000801240B9E0020035615E43F9410200B4FD
:10AFC000200840F9000200B4000040F9C00100B4BC
:10AFD000604A4639000C42D30004001160220A394D
:10AFE000200840F9010040F9E00313AA20003FD6F1
:10AFF000605642B9811E40B90000012A605602B96C
:10B0000053FEFF17E00313AAA9FDFF97F9FFFF17EF
:10B01000801A40B9601200B9801240B9601600B9B8
:10B02000007C0553601E00B92000805260220A395E
:10B03000F0FFFF17FF02006BE0CAFF54B602801258
:10B04000DDFDFF17000080525AFEFF1721FC60D380
:10B050003F0000712100C05A2110C05AE107811A37
:10B06000217C00116CFEFF17A1124039A016403957
:10B070002020002A61EF173780F80F362000805219
:10B0800079FFFF172004403960EEFF34200040397B
:10B090006016057920008052210440390020C11A31
:10B0A000601A05796CFFFF17A1124039A0164039CC
:10B0B0002020002AA1D52F37A0DE2736C0028052DB
:10B0C000ABFEFF17FD7BBAA9FD030091F35301A965
:10B0D000F30300AAF55B02A9F603012AF76303A9AB
:10B0E000F80302AAF92300F917D840F9F711F8B7C5
:10B0F000610000B0E00317AA211C34910200801205
:10B10000A1DEFF971F40007181000054605642B9D4
:10B1100000001F32605602B9610000B0E00317AAB8
:10B12000215834912DDFFF9780000036605642B9D8
:10B1300000000A32605602B9610000B0E00317AAAD
:10B1400021A8349125DFFF9780000036605A42B96C
:10B1500000000F32605A02B9E00317AA610000B084
:10B1600021F03491A3DEFF97F50300AA200200B579
:10B1700014008012E00317AA610000B021D03591BD
:10B180009CDEFF97F50300AA000100B4610000B047
:10B190009F06007121C03591C105005431C9FF9748
:10B1A000F503002A600900341500805231000014B4
:10B1B000410000F021103A912AC9FF97F403002AB8
:10B1C000A0FDFF34610000B0E00315AA21283591ED
:10B1D00024C9FF97E0020034610000B0E00315AA23
:10B1E000213C35911FC9FF9780020034610000B0F7
:10B1F000E00315AA214835911AC9FF9720020034AF
:10B20000610000B0E00315AA2178359115C9FF97B8
:10B21000C0010034610000B0E00315AA21AC3591F3
:10B2200010C9FF9760FAFF35B4008052D2FFFF17B4
:10B2300034008052D0FFFF1754008052CEFFFF171A
:10B2400074008052CCFFFF1794008052CAFFFF1792
:10B2500004C9FF9720040034E00315AA610000B080
:10B2600021083691FFC8FF971F000071F5179F1A3C
:10B2700002008012E00317AA610000B02128369175
:10B2800041DEFF97F903002A610000B0217036917A
:10B29000E00317AA020080123BDEFF972103004A59
:10B2A0000102F836B4028012600000B000BC369192
:10B2B00080CEFF97F55B42A9E003142AF35341A91E
:10B2C000F76343A9F92340F9FD7BC6A8C0035FD605
:10B2D000B4008052E7FFFF1755008052E5FFFF17CB
:10B2E0005500003475D605B99F0600314000005462
:10B2F00074D205B95900F83779EA05B91F00007111
:10B300004D00005460DE05B9610000B0E00317AAEB
:10B31000216C3791B1DEFF978000003660F645B9A9
:10B3200000001F3260F605B9615642B9E00313AA66
:10B3300021001F12C9EEFF97E30318AAE2730191DF
:10B34000E1630191F2FCFF97F403002AC00000348E
:10B3500062F240F9E00313AA0100801240003FD6D8
:10B36000D5FFFF17602641F9C00400B4609E42B9C2
:10B37000A0000034759241F9B5DE68D3BF020171B7
:10B38000E1000054619242B9C1030034E0078052E9
:10B390000000014B15008092B526C09A0100905222
:10B3A000001780D255C8FF9760D602F9800800B414
:10B3B00095000034B512C05A140480529402154B03
:10B3C000940600519F060031C001005461D642F935
:10B3D000E303142AE00313AA02008052120300942C
:10B3E00000FFFF35632641F9E00313AA62D642F954
:10B3F0000100801260003FD640FEFF35749202B912
:10B40000E00313AA01008052A2EDFF97F403002A83
:10B4100020F5FF3562F240F9E00313AA0100801223
:10B420003500805240003FD6BF02166B2A030054FD
:10B43000E103152AE00313AAF7F8FF9762F240F937
:10B44000E103152AE00313AA40003FD6E24301912D
:10B4500001008052E00313AA430080525CF3FF977F
:10B46000E1434139E05B40B962F240F93F00006BD3
:10B47000A1000054E1474139E05F40B93F00006B53
:10B4800040010054E00313AA0100801240003FD69F
:10B49000603A41F9756E02B9B57E4093007C159B08
:10B4A000600600F984FFFF17E00313AA0100801271
:10B4B000B506001140003FD6DCFFFF177401801273
:10B4C0007DFFFF17FD7BBCA9FD030091F35301A98C
:10B4D000F55B02A9F76303A914DC45B916E845B981
:10B4E000C200F8379F020071C41A407A410200542A
:10B4F000930780120A000014B3028012430000F088
:10B500008247825263340F91610000B0600000B046
:10B51000216C309100F43091E6CDFF97F55B42A9A4
:10B52000E003132AF35341A9F76343A9FD7BC4A8A1
:10B53000C0035FD6F50300AA250840B9F803022A24
:10B54000000080D2060380D2B71640B9BF00006B5E
:10B550000C010054E203162AE103142A600000B033
:10B560007341801200843891D2CDFF97ECFFFF1712
:10B57000240040F9027C069B8300028B826862B83B
:10B580005F00146BA1000054641040B9020080D227
:10B590009F00026B6C00005400040091ECFFFF1749
:10B5A000670440F9E77862B842040091FF00166B27
:10B5B00001FFFF54220840F9E003142AE103162A90
:10B5C00040003FD6F303002A8001F837F70AD41A67
:10B5D000F77E001BFF02186BCD020054E203162A0F
:10B5E000E103142A600000B07303801200B43791A5
:10B5F000B0CDFF97CAFFFF172007A0B001A85839A8
:10B60000E1F8073721008052430000F001A8183903
:10B6100063340F91024A8252610000B0600000B0B2
:10B62000216C309100F43091A2CDFF97BCFFFF1741
:10B6300013008052A0E205B9B9FFFF17FD7BB8A93E
:10B64000FD030091F35301A9F30300AAF55B02A9DE
:10B65000F76303A9F96B04A9FB7305A9E26F00B9AD
:10B660001518457917144579E003022A8001F83747
:10B67000BF020071E41A407A6102005460418012F6
:10B68000F35341A9F55B42A9F76343A9F96B44A9B8
:10B69000FB7345A9FD7BC8A8C0035FD6430000F03B
:10B6A000824F825263E80E91610000B0600000B0EA
:10B6B000216C309100F430917ECDFF97A002801272
:10B6C000F0FFFF17741640B93607A0B0FB0301AABC
:10B6D000D6A618911A0080D21900B012940AD51A71
:10B6E000807E171BE07700B9600B40B91F001A6B12
:10B6F0008C0100540000B0123F03006B00FCFF54AB
:10B70000E07340B960DE05B9E06740B960EA05B9A9
:10B71000E06B40B960E205B900008052D9FFFF1725
:10B72000000380D2140080D2610340F9407F009B67
:10B730003800008B3C6860B8001340B91F00146BE0
:10B740006C0000545A070091E8FFFF17000740F90A
:10B75000BF021C6B017874B8E4C2417AAC0000549B
:10B76000601640B90208DC1A40801C1BE00000345F
:10B77000E1834C29E303192A94060091F903032A73
:10B78000E1830C29EDFFFF17630B40F9E0031C2A4E
:10B79000E10B0F2960003FD6E001F837E27F40B9A6
:10B7A000E16F40B9437C001B3F00036BE17B40B974
:10B7B0000BFEFF54227C021BE47740B95F00046B50
:10B7C0008BFDFF543F03036B4DFDFF54FC7300B929
:10B7D000EAFFFF17C0024039C0FC07372000805243
:10B7E000430000F06253825263E80E91610000B0A2
:10B7F000216C3091C0020039600000B000F430913B
:10B800002CCDFF97DBFFFF17FD7BB8A9FD0300914F
:10B81000F35301A9F30300AAE003022AF55B02A98E
:10B82000F76303A9F96B04A9FB7305A9E27B00B9CF
:10B83000C00BF836430000F0E259825263400E918B
:10B84000610000B0600000B0216C309100F43091D4
:10B8500018CDFF97A0028012F35341A9F55B42A9CE
:10B86000F76343A9F96B44A9FB7345A9FD7BC8A8FD
:10B87000C0035FD6000380D2C10240F9807C009BE8
:10B880003800008B346860B860DE45B9800100354F
:10B890001A0080D2001340B91F001A6B4D010054EA
:10B8A000601640B91508D41AA082141B0002003497
:10B8B000E003192AFB03172A220000141F00146B4F
:10B8C00080FEFF5484040091C00A40B91F00046B3D
:10B8D0002CFDFF54A7070034000080527CDE05B920
:10B8E00079E205B977EA05B9DCFFFF17000740F9EF
:10B8F000E43B00F9C20A40F9E77F00B91B787AB847
:10B90000E003142AE1031B2A40003FD6E43B40F940
:10B91000E77F40B9E001F837A17E001BE27B40B928
:10B920003F00026B6CFCFF54757F151BFF00156B0D
:10B930006B0300548003547ACAFBFF54FC03142A9F
:10B940005A070091F903002AF7031B2AD2FFFF17B9
:10B95000E03740F900004039C0FA0737E13740F9D5
:10B9600020008052430000F0625C825263400E91DE
:10B97000E43B00F920000039610000B0600000B035
:10B98000216C309100F43091E77F00B9C9CCFF976A
:10B99000E43B40F9E77F40B9C6FFFF17FC03142AD8
:10B9A000E703152AE7FFFF173807A0B0F60301AA3F
:10B9B00000A31891040080D21C008052070080521E
:10B9C000E03700F9C1FFFF1760418012A3FFFF17A6
:10B9D000FD7BBEA94101A0D2FD030091F35301A953
:10B9E000F40300AA002C41F90000018A1F0042F173
:10B9F00081010054430000F063FC0C9142698252C3
:10BA0000610000B0216C3091600000B000E811913D
:10BA1000A8CCFF97600000B00038129160C8FF9773
:10BA200080F645B99342179160031036603240F9B1
:10BA3000400200B4603E40F9000200B4602A40F9C0
:10BA4000C00100B4602E40F9800100B4805642B9B4
:10BA500060006036613640F9010100B4C00148372A
:10BA6000603A40F9800100B5601E40F9400100B421
:10BA7000602240F9000100B4600000B000883991F4
:10BA80008CCCFF97A0028012F35341A9FD7BC2A882
:10BA9000C0035FD6805642B96003883701009052D8
:10BAA00000708AD295C6FF97803A03F9813A43F92C
:10BAB000801640B9210034912140208B81DE02F9AB
:10BAC00081D245B9621640F9620300B53F14007196
:10BAD00020030054821E40B95F00017140060054EB
:10BAE000A80100545F200071000200545F40007103
:10BAF00040050054430000F0626E825263FC0C91DA
:10BB0000C0FFFF17803A43F920FDFFB560018012A6
:10BB1000DEFFFF175F000271E1FEFF54820000901C
:10BB200042C0289103000014820000D042A034914A
:10BB3000621600F9821641F9820000B5E2FFFF901B
:10BB400042C03C91821601F93F0800714006005442
:10BB50000803005441130035E1FFFFD021A01A91E2
:10BB6000E2FFFFB0E3FFFF904200299163F03891BC
:10BB700060FE01297F1A00B9620605A9623200F948
:10BB8000613E00F9E1FFFFB021800491634A00F9B2
:10BB9000614E00F9AD000014820000D04200069111
:10BBA000E4FFFF17820000B042601791E1FFFF172A
:10BBB0003F100071200100543F14007160170054C1
:10BBC0003F0C007100080054430000F022808252B4
:10BBD00063FC0C918BFFFF17612240F9A10000B4B8
:10BBE000612640F9610000B4611E40F9A10000B572
:10BBF000430000F08270825263FC0C9181FFFF17BA
:10BC0000613240F9810000B5E1FFFFF02180099128
:10BC1000613200F9613240F9810000B5E1FFFFF0C7
:10BC200021F00291613200F9613E40F9810000B5D6
:10BC3000E1FFFFD021401C91613E00F9612A40F9EB
:10BC4000810000B5E1FFFFB021002991612A00F9D0
:10BC5000612E40F9810000B5E1FFFFD021A01A91CB
:10BC6000612E00F9614A40F9810000B5E1FFFF90C3
:10BC700021F03891614A00F9614E40F9810000B528
:10BC8000E1FFFFB021800491614E00F9613640F977
:10BC9000810000B5E1FFFFD021F03891613600F955
:10BCA000613A40F9010100B5611E40F9C10000B4DC
:10BCB000612240F9810000B4E1FFFFD021C013915F
:10BCC000613A00F9622240F9613240F9A20000B401
:10BCD000622640F9620000B4621E40F9020200B51B
:10BCE000610100B4E2FFFFF042F002913F0002EB7D
:10BCF000E0000054623E40F9A20000B4E1FFFFD032
:10BD000021401C915F0001EBC1010054430000F091
:10BD1000A274825263FC0C913AFFFF17810000B5B8
:10BD2000E1FFFFD021803191613200F9613E40F99D
:10BD3000810000B5E1FFFFD021900E91613E00F936
:10BD4000612A40F9810000B5E1FFFFB02150249144
:10BD5000612A00F9612E40F9810000B5E1FFFFD0B2
:10BD600021E00991612E00F9614A40F9810000B596
:10BD7000E1FFFFB021E01E91614A00F9614E40F9F8
:10BD8000810000B5E1FFFFD021600391614E00F911
:10BD9000610E40B91F00016BE3000054611A40B905
:10BDA00041050035430000F00277825263FC0C919C
:10BDB00014FFFF172100805281D205B9C1FFFFF0A7
:10BDC00021301C91612200F9C1FFFFF02170209108
:10BDD000612600F9C1FFFFF021802C91613200F94A
:10BDE000E1FFFFD021F03891613600F9C1FFFFF08B
:10BDF00021603191613E00F9E1FFFFB021002991FE
:10BE0000612A00F9E1FFFFD021A01A91612E00F90B
:10BE1000E1FFFF9021F03891614A00F9E1FFFFB0A6
:10BE200021800491614E00F9610E40B96100003536
:10BE300001208052610E00B961008052611200B988
:10BE400021008052611A00B9614640F9610000B5D5
:10BE5000614A40F9614600F9614240F9610000B56C
:10BE6000614E40F9614200F99F2200B9641640F921
:10BE7000840000B483B02A91628440B8E2010035A6
:10BE8000630E40B90108C31A627C011B610A00B944
:10BE90001F00026BA0010054430000F00284825294
:10BEA00063FC0C91D7FEFF17430000F0827A8252A8
:10BEB00063FC0C91D3FEFF17812240B92100020BD5
:10BEC000812200B9EDFFFF17621240B9427C011BCD
:10BED000621600B9825642B985224A3902014837B2
:10BEE000BF040071C10000543F100071800800546D
:10BEF000E80700543F08007180080054813241B9BE
:10BF00009FB605B90124C11A818602B901008012C9
:10BF1000817E02B981D245B921781D123F0400719A
:10BF2000C1000054815E42B93F2400716D0000548D
:10BF300042001432825602B981DA40F9BF0400711E
:10BF40008200805281AA00F9010180522110821AD8
:10BF500081020039815642B9801A00B9210075D298
:10BF6000842A00F99F7E0EA9212C4BD3215416530D
:10BF7000810600B9E1FFFFF021901A91813A00F9A2
:10BF8000E1FFFFB021A02A91814A00F9E1FFFF9073
:10BF900021601C91814E00F9E1FFFFD021D02B914F
:10BFA000815200F9C1FFFFF021B03491816E00F998
:10BFB000C1FFFFF021202A91817E00F9E1FFFF906F
:10BFC00021A01191818200F9E1FFFFF021D01791AA
:10BFD000818600F9813640B9601A40B983020B2985
:10BFE0008101003400008052A8FEFF173F2000713D
:10BFF000600000543F40007121F8FF54410080521E
:10C00000813201B9BEFFFF17853201B9BCFFFF17AE
:10C01000000400110004000B007C0253803600B9BC
:10C02000F1FFFF17A20500357F1400716805005469
:10C03000E40301AA637C4093410000B021800A918F
:10C04000021780D2FD7BBEA96104029BFD03009113
:10C05000F30B00F9F30300AAE00304AAEEC5FF976F
:10C06000E40300AA609E42B90003003462A64C3982
:10C0700060AA4C39402000AA024888D2E201A0F20E
:10C08000007C029B800C00F963AE4C3960B24C39E5
:10C09000602000AA007C029B800400F963B64C3942
:10C0A00060BA4C39602000AA007C029B801000F925
:10C0B00062BE4C3960C24C394020002A027D805259
:10C0C000007C021B801000B9F30B40F90000805285
:10C0D000FD7BC2A8C0035FD6A0028012C0035FD65A
:10C0E000400000B000800A91C0035FD601204A39A9
:10C0F0003F04007181000054015842B921001132FF
:10C10000015802B900008052C0035FD6FD7BBEA972
:10C11000FD030091F30B00F9F30300AA64F9FF9704
:10C1200060524639C001003460CA40F91F3C58F2E1
:10C1300061010054605E463920010035601640B947
:10C140001F000871C1000054614E46394000A052E2
:10C1500021041F530020C11A601200B9F30B40F9EB
:10C16000FD7BC2A8C0035FD6015842B903204A39FB
:10C1700022001032210011327F0400712100821A46
:10C18000015802B900008052C0035FD6019841B93E
:10C190003F1800714106005401204A393F040071E4
:10C1A000E0050054014C463904008152220400127B
:10C1B000237C045365001E128420C21A220C42D331
:10C1C0004200052A5F0C007120030054480200540D
:10C1D0005F040071000300545F0800710510805275
:10C1E000023880524200851A21001912630400129D
:10C1F000041400B96114412A021C00B93F080071FF
:10C20000280200544200A0524120C11A011000B976
:10C21000C0035FD65F100071200100545F140071ED
:10C220000550805202028052EFFFFF170208805231
:10C23000EEFFFF17021C8052ECFFFF170204805232
:10C24000EAFFFF173F0C00712200A0524220C11AE2
:10C250008101A0522100821AEDFFFF1714F9FF1788
:10C260003F2C00F10901005400F09E527F0000298C
:10C27000800180D27F0800B9400000F900008052A0
:10C28000C0035FD6A0028012FEFFFF17C00B801212
:10C29000C0035FD6FD7BBEA9FD030091F35301A946
:10C2A000F30300AA00204A391F04007181000054E2
:10C2B000605A42B900001132605A02B9609E42B918
:10C2C000E0030034605A4579A003103674420B91A4
:10C2D00061000090E00314AA21103A91E1C4FF9795
:10C2E0006001003461000090E00314AA21443A91F7
:10C2F000DCC4FF97C000003461000090E00314AA82
:10C3000021783A91D7C4FF97A00100350000009032
:10C3100000800991605E00F90000009000601491B7
:10C32000606200F90000009000401491606600F91E
:10C330000000009000300A91606A00F9F35341A9AF
:10C3400000008052FD7BC2A8C0035FD6FD7BB9A967
:10C35000FD030091F35301A9F30300AAB41C0012DA
:10C36000F55B02A9F50302AAF60303AAF76303A982
:10C37000F70304AAF80301AAF96B04A9010080528B
:10C38000FB7305A902F040F940003FD6FF6B00B9EE
:10C39000641A41F920008052E0A30139E3A301911E
:10C3A000E10313AAE00313AA0212805280003FD6D1
:10C3B000E00700351C0881D21A0080D21B0BDC9AE2
:10C3C00062E31C9B980200125F0315EB623B5DFA6F
:10C3D000A9040054DA0200F9641A41F9FF6B00B9AC
:10C3E000E3A30191E10313AAE00313AA021280520E
:10C3F00080003FD6F503002AE001003461A640F931
:10C40000600000909402001200B03B91C10600B49D
:10C410009F020071620000906300009042AC3A916C
:10C4200063C43A916300829A240840A9810040F9CC
:10C4300020CAFF9762F240F9E00313AA01008012BC
:10C4400040003FD6F35341A9E003152AF55B42A90A
:10C45000F76343A9F96B44A9FB7345A9FD7BC7A802
:10C46000C0035FD6800302CBB9021ACB3F0300EBB7
:10C47000610B00113993809AE3021A8BE403192AA5
:10C48000E00313AA18010034F8EEFF97E303002A33
:10C49000000100355A03198B7B070091020080D2FE
:10C4A000CAFFFF177AECFF97F9FFFF17E303002A93
:10C4B00061A640F96000009000D83A91A10000B454
:10C4C000240840A9810040F9FAC9FF97C3FFFF176C
:10C4D0006200009061000090426C3B9121983B917A
:10C4E000FAFFFF179F020071610000906300009047
:10C4F00021AC3A9163C43A91620000906300819A42
:10C50000426C3B916100009021983B91C9FFFF175D
:10C51000250080528EFFFF17050080528CFFFF1709
:10C52000FD7BBEA922118052FD030091051841F93F
:10C53000E1630039FF670039E3630091FF6B003965
:10C54000E10300AAFF6F0039A0003FD6FD7BC2A81F
:10C55000C0035FD6019C42B94101003402204D392D
:10C5600001244D394120012AC100003401604D39B8
:10C5700001B005B90100009021801491012001F95A
:10C58000011440B93F00207181000054015842B9A4
:10C5900021001132015802B900008052C0035FD659
:10C5A000011440B93F00087189000054015442B998
:10C5B00021001D32015402B9015842B903204A3901
:10C5C00022001032210011327F0400712100821AF2
:10C5D000015802B900008052C0035FD6FD7BBDA99F
:10C5E000FD030091F35301A9F30300AAF51300F929
:10C5F000009841B91F1800716109005460224A393E
:10C600001F0400710009005460564639C008003408
:10C61000744E46390000815281060012957E045303
:10C620000020C11AA1021E12601600B9800E42D36A
:10C630000000012A1F100071C0040054E8030054D8
:10C640001F080071A00400541F0C0071A0040054C6
:10C650001F040071A00400546000009000583C9139
:10C6600094C9FF970080805294021912B5060012F7
:10C67000601E00B94000A052B416542A0020D41AFB
:10C68000601200B960524639001844D31F1000717F
:10C690004803005401408052611A057921008052FC
:10C6A0002020C01A60160579F35341A9F51340F90B
:10C6B000FD7BC3A8C0035FD61F140071A001005406
:10C6C0001F180071A1FCFF5400508052E7FFFF17B4
:10C6D00080368052E5FFFF17401B8052E3FFFF17B3
:10C6E00000328052E1FFFF1700108052DFFFFF177A
:10C6F00000408052DDFFFF1701808052611A0579EA
:10C700001F180071C00000541F1C00718107805267
:10C71000000380520010811AE3FFFF1700058052CA
:10C72000E1FFFF17F51340F9E00313AAF35341A902
:10C73000FD7BC3A8DEF7FF1701204A393F040071D3
:10C7400081000054015842B921001132015802B948
:10C7500000008052C0035FD6FD7BBEA9FD0300919F
:10C76000F30B00F9F30300AAD1F7FF97609A41B9E0
:10C770001F1400712D03005462224A395F040071B6
:10C78000C102005460564639014080520008001230
:10C790001F180071210100546052C6398000F8371B
:10C7A000601640B9006844D3601E00B9611A05796B
:10C7B000000180520D000014611A05791F140071E8
:10C7C000200100541F18007140FFFF541F1000711A
:10C7D0000101005462160579F30B40F9FD7BC2A8F4
:10C7E000C0035FD68000805260160579FBFFFF17FB
:10C7F0006000009000B43C912EC9FF977F1A057924
:10C80000F6FFFF17007C43F9E103012A006861B8D5
:10C81000BF3F03D5C0035FD6007C43F9E103012A83
:10C82000BF3F03D5026821B8C0035FD6027C43F93D
:10C83000BF3F03D5410000B9007C43F9001040B967
:10C84000BF3F03D5C0035FD6037C43F9BF3F03D589
:10C85000610000B9007C43F9BF3F03D5021000B965
:10C86000C0035FD6FD7BBCA9FD030091F35301A972
:10C87000F30300AA140080D2F55B02A9F503022A93
:10C88000F71B00F9F70301AA16D846B940008052F9
:10C890000080A1721660162ABF02146BCC000054EF
:10C8A000F35341A9F55B42A9F71B40F9FD7BC4A8EE
:10C8B000C0035FD662A243F9E103162AE00313AA7C
:10C8C00040003FD6E06A343894060091F3FFFF172A
:10C8D000FD7BBCA9FD030091F35301A9F30300AA5A
:10C8E000140080D2F55B02A9F503022AF71B00F9B8
:10C8F000F70301AA16D846B9400080520080A17201
:10C900001660162ABF02146BCC000054F35341A9E1
:10C91000F55B42A9F71B40F9FD7BC4A8C0035FD6B5
:10C9200063A643F9E103162AE26A7438E00313AA06
:10C930009406009160003FD6F3FFFF17FD7BBCA972
:10C94000FD030091F35301A9F30300AA140080D260
:10C95000F55B02A9F71B00F9F70301AA16D846B93F
:10C96000400080520080A1721660162A400080525A
:10C97000550CC01ABF02146BCC000054F35341A9EC
:10C98000F55B42A9F71B40F9FD7BC4A8C0035FD645
:10C9900062A243F9E103162AE00313AA40003FD63E
:10C9A000E07A347894060091F3FFFF17FD7BBCA971
:10C9B000FD030091F35301A9F30300AA140080D2F0
:10C9C000F55B02A9F71B00F9F70301AA16D846B9CF
:10C9D000400080520080A1721660162A40008052EA
:10C9E000550CC01ABF02146BCC000054F35341A97C
:10C9F000F55B42A9F71B40F9FD7BC4A8C0035FD6D5
:10CA000063A643F9E103162AE27A7478E00313AAD5
:10CA10009406009160003FD6F3FFFF17FD7BBEA98F
:10CA200022008052FD030091E17F00918EFFFF976D
:10CA3000E07F4039FD7BC2A8C0035FD6FD7BBEA965
:10CA400022008052FD030091E17F0039E17F0091D7
:10CA5000A0FFFF97FD7BC2A8C0035FD6FD7BBEA9E8
:10CA600042008052FD030091E17B0091B4FFFF97EB
:10CA7000E03F4079FD7BC2A8C0035FD68201083742
:10CA8000A2011036230080520380A1724200383682
:10CA90001F8003F904A443F9E203012A05D846B92B
:10CAA000F00304AA6160052A00021FD60380A15288
:10CAB000F7FFFF17C0035FD6FD7BBDA9FD03009103
:10CAC000F35301A9F30300AAF51300F9F50301AA32
:10CAD00014D846B904A443F95460142A220084529D
:10CAE000940205320228A0724220032AE103142A8C
:10CAF00080003FD663A643F9E203152AE103142A16
:10CB0000E00313AA60003FD663A643F9A2FE60D3F8
:10CB1000F51340F9E103142AE00313AAF00303AA72
:10CB2000F35341A9FD7BC3A800021FD6FD7BBDA91D
:10CB3000FD030091F35301A9F30300AAF40301AA32
:10CB4000F55B02A9E103022A2200845215D846B9F6
:10CB50004220032A04A443F9B51E0853B602053245
:10CB6000C102012A80003FD663A643F981FE50D35B
:10CB7000E00313AA02408452C122012A60003FD67A
:10CB800063A643F9813E18532100162AE00313AA35
:10CB90000260845260003FD601008852E00313AA6D
:10CBA00063A643F92100A172F35341A9A102012A0E
:10CBB000F55B42A9F00303AAFD7BC3A8028084525F
:10CBC00000021FD6FD7BB8A97F000071FD03009114
:10CBD000F35301A9F30300AAF55B02A9F603032AA4
:10CBE000E303022AF76303A9F96B04A9B900805291
:10CBF000FB7305A9FB0301AAA11080522103811A2E
:10CC0000E16F00B9011C40B9E16700B9650741F95E
:10CC100061DB45B9171440B9E17700B9E16740B964
:10CC2000E203172A74DF42F92100170B1A2847B9CB
:10CC300075DF45B978E345B9E17B00B90110805251
:10CC400021109F1AA0003FD67605003463EB40F90F
:10CC5000E10314AAE00313AAE2031A2A60003FD6F4
:10CC600094C23A8BA002180BFC02154BFF6B00B963
:10CC7000E07300B9E0021A0BE07F00B9E06B40B945
:10CC8000E17740B9660741F91F00016B8B0300543F
:10CC900060DF42F903008012E16740B9800200CBF7
:10CCA000E26740B93500004BE17B40B92200024BFE
:10CCB000E16F40B94200000BE00313AAC0003FD669
:10CCC000F607003463EB40F9E203152AF55B42A94D
:10CCD000E10314AAF76343A9E00313AAF35341A99C
:10CCE000F00303AAF96B44A9FB7345A9FD7BC8A80F
:10CCF00000021FD663EF40F9D6FFFF17E203152AA3
:10CD0000FF02156BCC0400544203150BF903182ADB
:10CD1000E16F40B9E00313AA03008012C0003FD6C0
:10CD20007604003463EB40F9E10314AAE203192A04
:10CD3000E00313AA60003FD694C2398B3F03186BFF
:10CD40000A020054650741F90003194BE16F40B92D
:10CD5000F903002AE27F40B9E00313AA030080121E
:10CD6000A0003FD69602003463EB40F9E10314AA19
:10CD700094C2398BE203192AE00313AA60003FD65C
:10CD8000E06B40B900040011E06B00B9E07340B9FA
:10CD9000B502000B9C03004BB9FFFF170003150BF6
:10CDA000FF02006B19A39C1ADAFFFF1763EF40F92B
:10CDB000DEFFFF1763EF40F9EDFFFF1763EF40F968
:10CDC000C2FFFF17FD7BBFA903008052FD03009146
:10CDD0007DFFFF9700008052FD7BC1A8C0035FD696
:10CDE000FD7BBEA923008052FD030091F35301A9EE
:10CDF000F40301AAF30300AA1F8003F972FFFF974F
:10CE0000840641F903008012E00313AAE203032A17
:10CE10000102805280003FD6820A41F9E10314AA40
:10CE2000E00313AA40003FD600000072F35341A96B
:10CE300081008012FD7BC2A80000811AC0035FD66A
:10CE400001D806B9C0035FD6E30300AAE003012AB4
:10CE5000C1000035612847B9410000B961E445B916
:10CE6000410400B9C0035FD620048012FEFFFF1703
:10CE7000E30300AAE003012A2101003561E445B97A
:10CE8000642847B92100040B410000B9631C40B974
:10CE90006100014B410400B9C0035FD62004801239
:10CEA000FEFFFF17E30300AA400040B9A0000035D1
:10CEB000402000911F0440B189000054C0035FD698
:10CEC000A0028092FEFFFF17646843F9020082D23D
:10CED000A294BAF2857C4092021DC0F24208C59A23
:10CEE000656443F98404458BA57C40928408C59A07
:10CEF000851000D1BF0800F1881200543F040031B2
:10CF00006100005400008052EDFFFF17056C40B92E
:10CF1000E1018052A50400D1A500028BA508C29AA8
:10CF2000BF3C0071A5D0811A617843F9213041B925
:10CF3000BF3F03D5667843F9A10C0033BF3F03D54B
:10CF4000C13001B9E6078052017840B9677843F9EA
:10CF5000210400D12100028BE72041B92108C29AA7
:10CF60003F00066B21D0861ABF3F03D5271400333C
:10CF7000617843F9BF3F03D5272001B9017C40B94F
:10CF8000677843F9210400D12100028BE79042B970
:10CF90002108C29A3F00066B21D0861ABF3F03D5F5
:10CFA00027140033617843F9BF3F03D5279002B9B6
:10CFB00007A440B9010840B93F00076B2120871A38
:10CFC000210400D12100028B677843F92108C29A1D
:10CFD000E70041B93F00066B21D0861ABF3F03D559
:10CFE00027140033617843F9BF3F03D5270001B907
:10CFF000613047B93F041471E10F8052C630811A85
:10D00000012440B9210400D12100028B2108C29AD9
:10D01000DF00016BC6B0811A617843F9211041B974
:10D02000BF3F03D5C1180033667843F9BF3F03D52E
:10D03000C11001B9E703805206A040B9017040B9A0
:10D040003F00066B2120861A210400D12100028BAB
:10D05000667843F92108C29AC60042B93F00076BBF
:10D0600021D0871ABF3F03D5687843F926100033D3
:10D07000BF3F03D5060102B9066840B9089C40B914
:10D08000DF00086BC620881AC60400D1C600028BD8
:10D09000C608C29A9F00066B84C0861A06A840B9CB
:10D0A0008400014B018440B93F00066B2120861AA1
:10D0B000210400D12100028B2108C29A9F00016B3C
:10D0C00084A0811A617843F99F00076B84D0871A86
:10D0D00021F041B9BF3F03D5667843F98110003391
:10D0E000BF3F03D5C1F001B9013040B9005040B98C
:10D0F000210400D12100028B000400D10000028B2A
:10D100002108C29A0008C29A2100056B21509F1A7B
:10D110000000044B3F00006B20A0801A617843F9A7
:10D120001F00076B00D0871A212042B9BF3F03D5EB
:10D1300021681B120000012A617843F9BF3F03D523
:10D14000202002B970FFFF17A00280125CFFFF17BA
:10D15000010080D2040A80D2227C049B037843F928
:10D1600042401091636862B8BF3F03D5057843F928
:10D17000BF3F03D5A36822B802D846B95F00016B50
:10D1800081000054020447B94200032A020407B98F
:10D19000210400913F1000F101FEFF54C0035FD64F
:10D1A000FD7BBFA9FD030091EAFFFF97000447B98B
:10D1B000FD7BC1A800304CD3C0035FD6FD7BBDA969
:10D1C000FD030091F35301A9F40300AAF303012A1C
:10D1D000F51300F9154888D2F501A0F2E00314AA6E
:10D1E000DCFFFF97800647B91F00136AC101005496
:10D1F000200080D21CC2FF97B50600F101FFFF544A
:10D20000817243F9400000F000103D91410100B4EB
:10D21000240840A9E303132A810040F9A5C6FF971B
:10D2200000008052F35341A9F51340F9FD7BC3A8D8
:10D23000C0035FD6420000F0410000F0E303132A70
:10D24000426C3B9121983B91F5FFFF17FD7BBEA9F6
:10D25000FD030091F30B00F9F30300AA1F8003F90B
:10D2600003A443F902D846B92160022A2200805261
:10D270002100053260003FD6E00313AA012480524A
:10D28000CFFFFF97000078D2F30B40F9002008533E
:10D29000FD7BC2A8C0035FD6FD7BBFA901008252FF
:10D2A000FD030091C6FFFF97000074D2FD7BC1A86B
:10D2B00000300C53C0035FD6FD7BBAA9FD0300917B
:10D2C000F35301A9F30300AAF40301AAF55B02A931
:10D2D00081000052F76303A9F70302AAF803052AA5
:10D2E000F96B04A9FA03032AFB2B00F9007843F930
:10D2F000BF3F03D501E000B9607A43F9BF3F03D5D2
:10D30000041000B9752247B91508003456FC009185
:10D3100059008052D6E67A923903054BD602148B17
:10D32000E00314AAE10316AA3F0B00712106005482
:10D33000FD92FF97753647B99B008052B5020012E7
:10D340003503154B607A43F9BF3F03D52100805266
:10D35000010007B9607A43F9000047B9BF3F03D520
:10D3600064AA43F9E303182AE2031A2A7F8203F925
:10D37000E10314AAE00313AA80003FD6E1031B2AAD
:10D38000E00313AA8EFFFF97F803002AB8031036B4
:10D390001F00156A35098012B5129F1A607A43F989
:10D3A000BF3F03D51F0007B93F070071800000543D
:10D3B000E10316AAE00314AADB92FF97B8008036B7
:10D3C000E20317AAE00314AAE11F8052F8C0FF97F6
:10D3D000F35341A9E003152AF55B42A9F76343A97A
:10D3E000F96B44A9FB2B40F9FD7BC6A8C0035FD6AF
:10D3F000150080529B028052CC92FF97D2FFFF17FC
:10D4000095008012E6FFFF1776DA46B959FC42D341
:10D410007660162AD602063245020034170080D202
:10D420007F8203F9FF0219EBE1000054E00313AA25
:10D430000112805262FFFF97C0FC3F3795008012B7
:10D44000E4FFFF1763A643F9E103162A827A77B84F
:10D45000E00313AAF706009160003FD6F2FFFF1722
:10D46000603647B958008052150080D27F8203F998
:10D47000000000121803004BBF0219EBE101005439
:10D48000E00313AA010090524DFFFF97F303002A17
:10D4900073FD7F36B3008036E20317AAE00314AAB7
:10D4A000E11F8052C2C0FF977F02186A35098012BF
:10D4B000F503951AC7FFFF1762A243F9E103162A85
:10D4C000E00313AA40003FD6807A35B8B506009134
:10D4D000EAFFFF17E10302AA021440B9E303042A9A
:10D4E000250080520400805274FFFF17FD7BB6A90F
:10D4F0005F0000F1FD030091F35301A9F55B02A960
:10D50000F50300AAF60301AAF76303A9F96B04A9BE
:10D51000FA0302AAFB7305A9131440B9001C40B911
:10D52000E06F00B920D845B9E08300B9E06F40B999
:10D53000E37B00B91800130BE48700B9B48A43F900
:10D54000007F4093E03300F9E003032A3BDC45B958
:10D550000418407A37E045B9B92A47B98005005424
:10D560006003170BE07300B9207F4093E303132A95
:10D5700000C0338B1C0080528002008B1800805248
:10D58000E04700F9E08340B91F03006BAA04005490
:10D59000E0031C2A7F021C6BEC09005420031C0BC7
:10D5A000E4031B2A827C4093E1031AAA80C2208BE9
:10D5B000E24B00F9E40F132997C0FF97E24B40F9C3
:10D5C000E40F53295A03028B9F001B6B6A0100541E
:10D5D000E04740F96203044BE1031AAAE39B00B958
:10D5E000427C4093E24B00F98BC0FF97E24B40F93D
:10D5F000E39B40B95A03028BE07340B9180700114E
:10D600009C03000B6300004BDFFFFF17E23340F980
:10D61000E00314AAE11F805265C0FF973AFAFFB5F4
:10D62000E07B40B9E0030034DADE42F9227F409328
:10D6300080C2338BE23B00F9E1031AAA76C0FF9760
:10D64000E23B40F97C7E40936003170BE3031B2A07
:10D650009C03028B5A03028B78021B4B1B008052E7
:10D66000E07300B980021C8BE03F00F9E08340B911
:10D670007F03006B8B030054C0DE42F9E16F40B9B9
:10D68000400300CB2200004BE1031AAAE03340F92B
:10D6900000C022CB427C40938002008B5EC0FF978B
:10D6A000F76343A9E10314AAF35341A9E00315AAC0
:10D6B000F55B42A925008052F96B44A9E403052AD1
:10D6C000FB7345A9E23340F9E38740B9FD7BCAA863
:10D6D000FAFEFF1761031C0B7F02016B64A3831A20
:10D6E000B1FFFF17E003032A7F02036BAC03005472
:10D6F0002003030BFC03172A827F4093E1031AAA3D
:10D7000080C2208BE24700F9E39300B942C0FF9743
:10D71000E24740F99F03176BE39340B95A03028B2A
:10D720006A010054E03F40F9E2021C4BE1031AAAEF
:10D73000E39300B9427C4093E24700F936C0FF977B
:10D74000E24740F9E39340B95A03028BE07340B9D2
:10D750007B0700116300000B1803004BC4FFFF1789
:10D76000E202030B7F02026BFCA2981AE3FFFF1791
:10D77000FD7BB6A905008052FD030091F35301A97A
:10D78000F55B02A9F50301AAF76303A9F96B04A9E4
:10D79000FB7305A9FC0302AA011C40B9E16B00B9A7
:10D7A000A1DA45B9131440B9E16F00B9E16B40B992
:10D7B000148843F93700130B1A2847B9E17E4093C8
:10D7C000BBDE45B9E20301AAB6E245B9E13B00F987
:10D7D000E10314AAE38300B9E303042A240080527E
:10D7E000B6FEFF97E09B00B9E003002A80050035F4
:10D7F000BC0100B46003160BE07B00B9407F40938E
:10D80000F903132A00C0338B170080528002008B6B
:10D8100018008052E04700F9E06F40B9FF02006B4A
:10D82000EB040054E08340B9A0030034B9DE42F9B0
:10D83000637E4093427F409381C2338BE00319AAF9
:10D84000E28F07A9F4BFFF97E28F47A97C03160B6D
:10D8500078021B4B170080526300028B3903028B46
:10D860008002038BE03F00F9E06F40B9FF02006BDC
:10D870008B060054A0DE42F9E16B40B9200300CBD7
:10D880002200004BE03B40F901C022CB427C409398
:10D890008102018BE00319AADFBFFF97F35341A96F
:10D8A000F55B42A9F76343A9F96B44A9FB7345A94A
:10D8B000E09B40B9FD7BCAA8C0035FD6E103182AEC
:10D8C0007F02186B6C0300544103180BE3031B2AFF
:10D8D000627C4093E0031CAA81C2218BE24B00F9D9
:10D8E000E39F00B9CCBFFF97E24B40F9E39F40B9FB
:10D8F0009C03028B7F001B6B2A010054E14740F917
:10D900006203034BE0031CAA427C4093E24B00F904
:10D91000C1BFFF97E24B40F99C03028BE07B40B90B
:10D92000F70600111803000B3903004BBBFFFF176C
:10D930006003180B7F02006B63A3991AE5FFFF17C2
:10D94000E1031B2A7F021B6B4C03005441031B0B9A
:10D95000E303162A627C4093E00319AA81C2218B5B
:10D96000E24300F9E38B00B9ABBFFF97E24340F914
:10D97000E38B40B93903028B7F00166B2A010054F8
:10D98000E13F40F9C202034BE00319AA427C4093F5
:10D99000E24300F9A0BFFF97E24340F93903028B4D
:10D9A000F70600117B031C0B18031C4BAFFFFF177E
:10D9B000C0021B0B7F02006BC3A2981AE6FFFF1781
:10D9C000FD7BB9A905008052FD030091F35301A925
:10D9D000F40300AAF55B02A9F50301AAF60302AA63
:10D9E000F76303A9E10302AAF703042AF96B04A968
:10D9F000E303172A04008052FB7305A9021440B9FF
:10DA00002EFEFF97F303002A1F00007120098012E9
:10DA10006412407AA1080054803647B96009003684
:10DA200080DA46B941008052827A43F9010CC11A6A
:10DA300021940111216C1C53217C4093536861B8DF
:10DA4000BF3F03D51F0000710000001200A4805AE0
:10DA500000701D537326C01A1306383681DA45B993
:10DA60000008805218008092130080520000014B81
:10DA70001827C09AE203172AE10315AAE00314AAA3
:10DA80000300805250FCFF97A1821791E00314AA73
:10DA9000A2DE42F903008052BC3A43F93A10402911
:10DAA0009C031A913B647F29E1031CAA77E1FF974D
:10DAB000F703002A400D0035277F4093487F4093AD
:10DAC0007F03176B2D0300540027D79A20020036DE
:10DAD000A6EA45B9E3031A2AE2031CAAE103192ABC
:10DAE000E00316AA05008052040080D2E72306A9AD
:10DAF00024F0FF97E72346A9E009F836802641B9CC
:10DB000000040011802601B9D602078B9C03088B04
:10DB1000F7060011EBFFFF17802241B9731A0012BC
:10DB20000000130B802201B9F55B42A9E003132A20
:10DB3000F35341A9F76343A9F96B44A9FB7345A9C2
:10DB4000FD7BC7A8C0035FD67F2A013101080054BE
:10DB500086DE45B9070080521300805201008052D2
:10DB6000180080D2A80A8052690680522A0080D20A
:10DB70009F8203F9807A43F9003046B9BF3F03D54D
:10DB8000837A43F9053C4CD3E203072AE703052ACD
:10DB9000644046B9BF3F03D55F00056B21009F1A63
:10DBA000640170364521C59A180305AA44FE7F36E4
:10DBB000E00314AA2100805281FDFF97C0040036C3
:10DBC00053FBFF3798F5FFB5D8FFFF17002C001265
:10DBD000DF00006BC9FEFF54822647B9C500051B54
:10DBE000802C48D3A500021BA57C4093C36A6538EE
:10DBF0008300034AC36A25386000080A0205430A05
:10DC00004200000B4000090A2209420A0000020BF0
:10DC1000020C00124010400B822241B92100000B7F
:10DC20007F02016B4200000B7322811A822201B92C
:10DC3000DFFFFF17812241B97F02006B7322801A38
:10DC40002100000B812201B9B0FFFF1713008052A1
:10DC5000B6FFFF1793008012B4FFFF17F303002AEB
:10DC6000B2FFFF1702701D53000480524310C05AC8
:10DC70005F0000710000034B00109F1A207C001B06
:10DC800001028052003C0011000CC11A00781F53A1
:10DC9000C0035FD6FD7BBFA901008452FD03009144
:10DCA00047FDFF971F0073F2FD7BC1A88000801223
:10DCB00000009F1AC0035FD6FD7BBDA9FD03009144
:10DCC000F35301A9F30300AAF55B02A9007843F915
:10DCD00015F043B9BF3F03D5603247B9E0000035C6
:10DCE000607A43F9007043B9BF3F03D50004C05ABE
:10DCF000003C0012603207B9612A47B9607A43F9E3
:10DD0000A1130034BF3F03D5013002B9607A43F953
:10DD100000F043B9BF3F03D500040012633247B996
:10DD2000210080522020C01A7F04147102781F53F2
:10DD30004030801A602E07B9607A43F9BF3F03D59F
:10DD4000E2018052026000B9607A43F9BF3F03D517
:10DD500001D000B9607A43F9BF3F03D5E2FF9F527B
:10DD6000024002B9607A43F9BF3F03D5018002B98E
:10DD7000617A43F9BF3F03D500008012201004B937
:10DD8000617A43F9BF3F03D5206004B9617A43F952
:10DD9000BF3F03D520B004B9617A43F9BF3F03D533
:10DDA00014008052360080D2200005B9602E47B999
:10DDB0009F02006B6A010054617A43F9C022D49A31
:10DDC00074DA06B97F8203F9BF3F03D5200000B99A
:10DDD000E00313AA01018652F9FCFF97400D60375A
:10DDE0000000801260DA06B9607243F9742E07B938
:10DDF000004840F960DA00F9601E40F9800000B583
:10DE00006000009000540291601E00F9150C583714
:10DE1000E1FFFFF0E0FFFFF0211020910060209172
:10DE2000E2FFFFF04200399162F200F9E2FFFFF0F9
:10DE30004270289162DE00F9E2FFFFF042F0289183
:10DE400062E600F9E2FFFFF04270299162E200F918
:10DE5000E2FFFFF042F0299160A603F9606A43F9FE
:10DE600062FE00F90200009042800691620201F910
:10DE70000200009042600A91620A01F961A203F96E
:10DE8000800000B4E0FFFFF000903A91602601F9B5
:10DE9000E103142AE00313AA020080D28AF4FF9758
:10DEA000F403002AE0050035607A43F900F043B935
:10DEB000BF3F03D56007303620008052602207B98B
:10DEC000000880D2603E03F9603647B9E1FFFFF0F9
:10DED00021B02C911F007FF2E0FFFFF000E02A91BB
:10DEE0000010819A60AA03F9615A42B9605642B99A
:10DEF00021040F32615A02B96100805261D205B922
:10DF000001408052741E40B90102A0720000012A33
:10DF1000605602B9602A47B9619E43F99402004BEA
:10DF200060DE45B98004003460EA45B9400400343D
:10DF3000E203142AE00313AA63F5FF97F403002A0F
:10DF400000050034617243F9400000F000BC3D91CF
:10DF5000411100B4230840A9610040F955C3FF975F
:10DF6000F55B42A9E003142AF35341A9FD7BC3A842
:10DF7000C0035FD6003042B9BF3F03D5602A07B95E
:10DF800063FFFF179406001189FFFF17E1FFFFF001
:10DF9000E0FFFFF021B0209100202191A1FFFF17A9
:10DFA000602247B9E0F8FF35800080D2603E03F977
:10DFB000CEFFFF1760F645B9C0000836619E43F9F1
:10DFC000E203142AE00313AA10F6FF97DCFFFF1701
:10DFD000E203142AE00313AA99F5FF9700FFFF3527
:10DFE00060EA45B9617A43F900100012000010326E
:10DFF000BF3F03D520B001B9600642290008C11A0D
:10E00000617A43F9BF3F03D5205001B9605642B948
:10E01000617A43F9000441D3BF3F03D5206001B9C1
:10E02000605642B9617A43F9000072D200384ED38B
:10E03000BF3F03D5209001B9607A43F9611640B91A
:10E04000BF3F03D5017001B9607A43F9611E40B941
:10E05000BF3F03D5018001B9607A43F961DE45B95C
:10E06000BF3F03D501B006B9607A43F961DE45B917
:10E07000BF3F03D501C006B961DE45B9601640B99E
:10E080000008C11A617A43F9BF3F03D520D006B911
:10E09000200000D000803191602600F90007A0D058
:10E0A00062E245B901B0189161FE02F9022C06B98D
:10E0B000605642B9C0060837E1FFFFD0E0FFFFD04D
:10E0C000219021910040239160061DA960F645B979
:10E0D00000001E3260F605B9E0FFFFF00000279156
:10E0E000601A03F9E0FFFFF000C01D91601203F910
:10E0F000E0FFFFF000501391602603F9E0FFFFF00E
:10E1000000B01391601603F9E0FFFFD000103791C3
:10E11000603203F9E0FFFFD000803791603603F9E9
:10E12000E0FFFFF000300991600E01F9607A43F9D9
:10E13000005042B9BF3F03D540030034602607B901
:10E14000632647B97F040071600900547F0800719D
:10E15000E0030054617243F9400000D000543E9146
:10E16000C10200B4240840A9810040F9B402801221
:10E17000D0C2FF977BFFFF17420000D0410000D0C4
:10E18000426C3B9121983B9175FFFF17E1FFFFD057
:10E19000E0FFFFD021F0249100B02691CBFFFF17C4
:10E1A000617A43F920008052602607B9BF3F03D54A
:10E1B000205002B9E3FFFF17420000D0410000D019
:10E1C000426C3B9121983B91E9FFFF17600640F9B3
:10E1D00000F87FD3600600F9601240B900781F5341
:10E1E000601200B9601640B900781F53601600B97C
:10E1F000601E40B900781F53601E00B9603A41F9B3
:10E2000000F87FD3603A01F9605E42B90004001162
:10E21000605E02B9606242B900040011606202B936
:10E22000606642B900040011606602B9606A42B9D2
:10E2300000040011606A02B9607A42B900781F5385
:10E24000607A02B960DE45B900781F5360DE05B917
:10E2500060E245B900781F5360E205B960EA45B94C
:10E2600000781F5360EA05B9602A47B900781F5348
:10E27000602A07B9621640B901008052601E40B999
:10E280004000000B9DBCFF97608A03F9400300B477
:10E29000E00313AACFF5FF97F403002AA00100358D
:10E2A000E10313AA31E0FF97F403002AA0E5FF344D
:10E2B000617243F9400000D000F83E91010100B4C2
:10E2C000240840A9E303142A810040F979C2FF978A
:10E2D000608A43F90D9EFF9722FFFF17420000D08E
:10E2E000410000D0E303142A426C3B9121983B91FA
:10E2F000F7FFFF17740180121AFFFF17FD7BBFA9FC
:10E3000060000090FD030091004048B90DE0FF97C8
:10E31000400000B573BCFF97FD7BC1A8C0035FD66A
:10E32000FD7BBAA9FD030091F35301A9F55B02A996
:10E33000F76303A9F96B04A9F903012A3F030071EC
:10E34000F97F05A9441840FAE0070054F603002AB3
:10E35000F70302AAEAFFFF97011440B9F50300AAE8
:10E36000200400511F00166A00050054E103012A31
:10E37000000880D221FC009121687A9231A0FF9799
:10E38000FA0300AA400600B4E50300AAA01640B9AB
:10E39000A40640F9E103002AE12B00F9E3630191AF
:10E3A000D80AC01AE2430191017F001BE00315AABD
:10E3B000F80301AA59E0FF97F403002A600300352F
:10E3C000E22B40F9C102184BE00317AA420001CB2F
:10E3D0004103018B5F0019EB4290999AE22B00F9FF
:10E3E0000DBDFF97E0031AAAC89DFF97E02B40F9E7
:10E3F0003303006BA0010054D602000BF702008B20
:10E40000F303132AF32B00F9A40640F9E50317AA36
:10E41000E3630191E2430191E103162AE00315AAA7
:10E420003EE0FF97F403002AF55B42A9E003142ABB
:10E43000F35341A9F76343A9F96B44A9FD7BC6A82F
:10E44000C0035FD6B4028012F8FFFF177401801278
:10E45000F6FFFF17C0035FD6FD7BB1A9FD03009156
:10E46000F35301A9F51300F9F50300AAFACCFF97BD
:10E47000F40300AAE00315AA26CDFF97800800B494
:10E48000010040B9E2E30291813207B9010440B9C9
:10E49000813607B9010840B9812A07B9410000D087
:10E4A00021843F91000840F9957203F9809E03F999
:10E4B000A04A40F997D2FF97F303002AA00700353E
:10E4C000E05F40F9807A03F9E2E30291410000F055
:10E4D000A04A40F9213800918ED2FF97F303002A19
:10E4E00080060035E05F40F9807E03F9410000F0CE
:10E4F000E203019121700291E00315AAA5C7FF97DD
:10E50000E0000034E2030191E00315AA010080520B
:10E5100088C7FF9740000034FF2300F9410000F056
:10E52000E2A3019121600091E00315AA99C7FF972A
:10E5300040000034FF3700F9410000F0E24302914F
:10E54000217C0091E00315AA92C7FF974000003498
:10E55000FF4B00F9E02340F9600300B5E03740F9D4
:10E56000C00300B5E04B40F9200400B5E03740F9A6
:10E57000800400B500109ED2405FA0F2806603F9CF
:10E58000004098D2607DA1F223000014B3028012F3
:10E5900043000090E209805263B00B91410000D02B
:10E5A000400000D021B03F9100F43091C1C1FF97ED
:10E5B000F51340F9E003132AF35341A9FD7BCFA8DB
:10E5C000C0035FD6E0030191BBC7FF97F303002AA6
:10E5D00060FCFF34F7FFFF17E0A30191B6C7FF9778
:10E5E000F303002A00FCFF34F2FFFF17E04302911F
:10E5F000B1C7FF97F303002AA0FBFF34EDFFFF171D
:10E60000E003019165C7FF97806603F9E0A30191DC
:10E6100062C7FF97806A03F9E1C30091E00315AA7E
:10E62000D312009400030035E0C300915812009407
:10E63000400080D20CBDFF97E0C300916F120094A0
:10E64000E00314AA94FDFF97F303002AC0010034ED
:10E65000817243F9400000F0008C0091A10000B4E9
:10E66000230840A9610040F992C1FF97D1FFFF172D
:10E67000420000D0410000D0426C3B9121983B9178
:10E68000FAFFFF17E00314AA8CFDFF97F303002A9B
:10E69000C8FFFF17FD7BBEA9A10000B06009805232
:10E6A000FD030091E263009121C01E9108D0FF9705
:10E6B0001F0000710418533AA0000054E103002A1F
:10E6C000400000F0000001917AC1FF97FD7BC2A8D5
:10E6D000C0035FD600008052C0035FD6040040F93B
:10E6E000843440F9840040F9F00304AA00021FD6E4
:10E6F000FD7BBAA9E403012AFD030091F55B02A9A1
:10E70000F503022AF603032A420000F0E303002A7D
:10E71000429C0391F35301A9F403012AC10380D25F
:10E72000F303002AE003019111C1FF97E003019177
:10E730000DBCFF97440000F0E50300AAE7C3009179
:10E74000E6E3009184DC0391E303162AE203152A31
:10E75000E103142AE003132AD104009400010035D8
:10E76000E01B40F9000040F93ECCFF97F35341A96C
:10E77000F55B42A9FD7BC6A8C0035FD6000080D22E
:10E78000FBFFFF17FD7BBCA9FD030091F35301A91B
:10E79000F303012AF40302AAF51300F9F50303AA0F
:10E7A00030CCFF97054440F9E40315AAE3E3009158
:10E7B000E20314AAE103132AA0003FD6F35341A9B0
:10E7C000F51340F9FD7BC4A8C0035FD6FD7BBCA94F
:10E7D000FD030091F35301A9F303012AF40302AAF4
:10E7E000F51300F9F50303AA1ECCFF97054040F985
:10E7F000E40315AAE3E30091E20314AAE103132A58
:10E80000A0003FD6F35341A9F51340F9FD7BC4A8FE
:10E81000C0035FD6FD7BBDA9FD030091F35301A9A1
:10E82000F30300AAF51300F911CCFF97F40300AA33
:10E83000E00313AA0BCCFF97135019A9540100B59C
:10E8400053028012400000F0003C049119C1FF9770
:10E85000F51340F9E003132AF35341A9FD7BC3A844
:10E86000C0035FD6F50300AAE00314AA480400948D
:10E87000F303002AE0FEFF35E00315AAAF00009481
:10E88000F303002A80000035E00315AAF901009483
:10E89000F303002AE00314AA3F040094EDFFFF17DE
:10E8A000FD7BBFA9FD030091EECBFF97FD7BC1A8C7
:10E8B000EE010014FD7BB7A9FD030091F35301A9FC
:10E8C000F303012AF51300F9F50302AAE5CBFF973C
:10E8D000011040B9C1020034F40300AA600AC11A51
:10E8E00000CC011B40020035E103012AA00AC19AB5
:10E8F00000D4019BC00100B5020B80D20100805200
:10E90000E0E30091AABBFF97823A40F9F35704A9CC
:10E91000E1E30091E00314AA40003FD6F35341A97C
:10E92000F51340F9FD7BC9A8C0035FD6A002801291
:10E93000FBFFFF17FD7BBFA9FD030091C9CBFF972C
:10E94000CD01009400008052FD7BC1A8C0035FD6BA
:10E9500060418012C0035FD660418012C0035FD661
:10E96000FD7BB6A9FD030091F35301A9F30302AAAD
:10E97000F55B02A9F50301AAF60304AAF76303A94C
:10E9800038008052F77F40B2F96B04A939008052F9
:10E99000FB2B00F9FB0303AA149C40F9330100B5DB
:10E9A00000008052F35341A9F55B42A9F76343A9E4
:10E9B000F96B44A9FB2B40F9FD7BCAA8C0035FD6C5
:10E9C00082BE41B9FA0313AA80DA4639FFFF06A9CD
:10E9D000417C1053E0DB007980D24639E0C3013935
:10E9E00080DE4639E1A70139413C48D3F5FF07A94C
:10E9F000007C011BFF4700F9F8A30139E1C7013989
:10EA0000007C0313E0030239E1070239E2230239F3
:10EA1000F98F00B9FF5B09A95F0317EB4093979A41
:10EA2000E09300B980CE40F9E1A30191DA0B0094A4
:10EA30000002003580CE40F9E1A301916F0B0094F4
:10EA400080010035E13F40F9E09340B92100008B9F
:10EA5000E13F00F9E14F40F95A0300EB2100008B40
:10EA6000E14F00F9A1FDFF54E003132A3301003404
:10EA7000A0F9FF37610340F9D6C2208BB5C2208BC5
:10EA800073C220CB21C0208B610300F9C4FFFF17A4
:10EA900080008012C4FFFF17FD7BBBA9211C001260
:10EAA00024208052FD03009100CC40F9FFFF01A912
:10EAB000E13B007921008052FFFF03A9E1E3003927
:10EAC00021008052E4330079FFFF02A9E13F00B941
:10EAD000E1630091E34300B9E22700F9470B00949A
:10EAE000FD7BC5A8C0035FD6FD7BBBA9211C00121E
:10EAF00024208052FD03009100CC40F9FFFF01A9C2
:10EB0000E13B007921008052FFFF03A9E1E30039D6
:10EB100041008052E4330079FFFF02A9E13F00B9D0
:10EB2000E1630091E34300B9E22700F9330B00945D
:10EB3000FD7BC5A8C0035FD6FD7BADA92220805216
:10EB40002200A072FD030091F35301A9C30080527B
:10EB5000F30300AAF55B02A9F71B00F902BC01B997
:10EB6000E20310B201CC40F9222080F22220C0F250
:10EB700002E000F962108052210C40B93F0073F2AC
:10EB8000610080523500821AE2430191010C80122B
:10EB9000C2FFFF97A015F836147C40939F0640B142
:10EBA0008814005420008052E06700B96000805251
:10EBB000E0AB013920208052FFD300792000A07201
:10EBC000E06F00B9811640B94102183762008052E7
:10EBD000E26700B902008152E2E3007962018052EB
:10EBE000E2CB0139E07700B9800240391FD00071D3
:10EBF000010100548006403900A80051001C001299
:10EC00001F0400716800005400018052E0C3013904
:10EC100061013036E06740B900001932E06700B9A1
:10EC200000008152E0430179600D8052E08B02398F
:10EC3000802080522000A072E0A700B9400000F0C0
:10EC400000E40491601E00F960CA40F960A600F972
:10EC5000600080526002003920008052601600B9C6
:10EC600000808152600600B9739E00F9801A4079D5
:10EC7000810A40B9017C011B610600F9618A02B971
:10EC80000100009021402591613A00F901000090B7
:10EC900021802591614200F90100009021602591B9
:10ECA000614600F9801640B9600D3837801640B9CA
:10ECB0008000703660CE41B900001B3260CE01B9D1
:10ECC000801640B980001836E06740B900781E12FF
:10ECD000E06700B9E06740B9E2630191E367019141
:10ECE000A102000A200441D33F0079F2E1008052E2
:10ECF0000000811AE16B019100087DD30040009172
:10ED00002168603861DA0639E17301914268603840
:10ED1000216860B86068603861BE01B9211C0012CA
:10ED20004000000B60DE06393F100071C10E005438
:10ED3000800240391F800071600E00541FB00071C6
:10ED4000200E0054E2230191E00313AA2300805215
:10ED5000A106805251FFFF97000BF837E02341399D
:10ED6000200D083700001F32E21F0191230080525E
:10ED7000A1008052E0270139E00313AA47FFFF9763
:10ED8000C009F837E01F413903008052020080D2E9
:10ED9000C1008052E0230139E00313AA53FFFF971B
:10EDA000E2230191E00313AA430080522100805224
:10EDB0004EFFFF972008F837000080D2E1BAFF9796
:10EDC000F50300AAF78793D2E00315AADDBAFF97EF
:10EDD0001F0017EB8904005461CA40F9400000F09D
:10EDE000000C0591010800B4230840A9610040F916
:10EDF000B0BFFF97A00D80120F000014821A403997
:10EE0000C200003594620091800A40B980FFFF354E
:10EE1000740F809207000014421C4092E14301915C
:10EE2000E00314AAAFBAFF97E0FEFF3594EBFFB5FD
:10EE3000E003142AF35341A9F55B42A9F71B40F9FB
:10EE4000FD7BD3A8C0035FD6340000F094322D912F
:10EE5000EEFFFF1760CE41B90000003260CE01B96D
:10EE600093FFFF17E21F0191E00313AA23008052D2
:10EE7000A100805209FFFF97E0FDFF3760CE41B946
:10EE8000F61F4139F603362AC001003721008052AF
:10EE90003F000071E0079F1ADF02006A60F9FF542B
:10EEA000E21F0191E00313AA23008052A1068052C1
:10EEB000FAFEFF972002F836A0028012DEFFFF174D
:10EEC000E21F0191E00313AA23008052010E805239
:10EED000F2FEFF9700FBFF37E11F413921001912B5
:10EEE000ECFFFF17420000D0410000D0426C3B9184
:10EEF00021983B91BFFFFF17E01F4139E0FDFF3430
:10EF0000C0FD0F3660D2463920030035802240799B
:10EF10006000003460D2063915000014610640F923
:10EF20000020A0D23F0000EBA903005480008052D3
:10EF300060D20639800240391F040071600000541D
:10EF4000801640B94001583661DA4639400000F079
:10EF500000703391020080D2030040397F00016BC2
:10EF6000410100540104403961DA063960D2463962
:10EF70001F10007128FAFF5474D200F940010054A8
:10EF800000008052ACFFFF1742040091000800917E
:10EF90005F1800F121FEFF54F4FFFF17600080525C
:10EFA000DDFFFF17800240391F040071A0FEFF54EF
:10EFB000801640B960FE5F3760CE41B980003036C0
:10EFC000400000F0009405913ABFFF9760D240F9ED
:10EFD000000040391FB00071400200542801005465
:10EFE0001F800071E0010054E00F8012624207911F
:10EFF00023008052E1028052604207391800001459
:10F000001F080371A00000541FBC0371600000546E
:10F010001F740271A1FEFF541400805207000014F7
:10F0200034008052E00313AA03008052020080D211
:10F03000C1008052ADFEFF97E00313AA0300805287
:10F04000020080D201098012A8FEFF97B4F9FF34B4
:10F0500003008052020080D281008052E00313AA94
:10F06000A2FEFF97C7FFFF1760418012C0035FD663
:10F070001BDCFF17B3DBFF17FD7BBDA9FD03009170
:10F08000F35301A9341C0012F30300AAF51300F98D
:10F09000010040F9353440F99F2A007161000054A5
:10F0A000A1018052F5FFFF97A20A40F9E103142A5B
:10F0B000E00313AA40003FD61F2C003160FFFF542D
:10F0C000F35341A9F51340F9FD7BC3A8C0035FD6F4
:10F0D000010040F9213440F9220040F9820000B4D7
:10F0E000417640B9F00302AA00021FD60000805208
:10F0F000C0035FD600008052C0035FD6011C00121F
:10F10000400E40F9600000B4400E40F9DBFFFF17ED
:10F11000C0035FD6410E40F9E10100B4FD7BBEA9FA
:10F12000FD030091F35301A9F30300AA540E40F923
:10F130006102403981000035F35341A9FD7BC2A82B
:10F14000C0035FD673060091E00314AACBFFFF97BC
:10F15000F8FFFF17C0035FD6400E40F9400100B42E
:10F16000400E40F9000040F9003440F9020040F937
:10F17000A20000B4400E40F9F00302AA417640B963
:10F1800000021FD6C0035FD6FD7BBDA9FD03009121
:10F19000F35301A9540A40F9940700B4E00314AAF8
:10F1A000410000D0218C069171B6FF97F30300AAAD
:10F1B000A00200B5E00314AA410000D021BC0691D2
:10F1C000A5B2FF97F303002AE2A30091E103132AFB
:10F1D000A00D805293CDFF9720030035E11740F931
:10F1E000410E00F9401A40F9000078B2401A00F9C7
:10F1F000DAFFFF97F35341A900008052FD7BC3A8BB
:10F20000C0035FD6410780522CB9FF97000100B4BC
:10F210000200134BE10313AAE00314AA52B2FF97B2
:10F22000F303002A20FDFF36E3FFFF17E00313AAD4
:10F230002CB9FF97E203002AF7FFFF177F02007146
:10F24000ED010054407A40F9E2A30091617E4093C1
:10F2500004008052030080D2AFCAFF97000100353E
:10F26000E01740F9ADC9FF971FB401718100005448
:10F27000E01740F935C9FF9720FBFF34400000D06C
:10F2800000DC069140BAFF97E2A300910100805292
:10F29000A00D805256CDFF9720FAFF34E2A30091D3
:10F2A00001008052A00D805237CDFF9780F9FF34C6
:10F2B000E1A30091A00D805284CDFF97EFFFFF17CF
:10F2C000FD7BBFA9FD03009163C9FF97A0048012D5
:10F2D000FD7BC1A8C0035FD6FD7BBAA9FD030091E9
:10F2E000F35301A9F40300AAF51300F951C9FF97DC
:10F2F000F30300AAE00314AA86C9FF97F50300AA46
:10F30000E00314AAECC9FF971F0400B1E007005402
:10F31000607E00A902008052410000D0804A40F97E
:10F32000213807910FCEFF97601A00B90200805272
:10F33000410000D0804A40F92164079109CEFF972F
:10F34000601600B922008052410000D0804A40F986
:10F35000218C079103CEFF97601200B9601E40B95F
:10F36000E0020035804A40F902008052410000B0BE
:10F37000212C0391FBCDFF97601E00B900020035E0
:10F38000E2E30091E00314AA01008052E9C3FF9771
:10F3900040020035E0E3009100C4FF971F044031B4
:10F3A00048000054601E00B9601E40B9800000355E
:10F3B00000209C52A0BEA072601E00B9BF06007162
:10F3C000E1028052E00080520010811A602200B9F0
:10F3D0000000805209000014029800115F90007133
:10F3E000C800005421008092E1FEBFF2E1FDDFF28F
:10F3F0002128C29AA1FD0736F35341A9F51340F91C
:10F40000FD7BC6A8C0035FD6A0028012FBFFFF17DA
:10F41000030040F9021880B9001440B94200038B80
:10F420002120C01A217C4093406861B8C0035FD698
:10F43000FD7BBFA9FD03009107C9FF97040C40F9AC
:10F44000A1008052E00304AAF2FFFF97A00000365B
:10F45000FD7BC1A8E00304AA01008052EDFFFF1765
:10F4600040018012FD7BC1A8C0035FD6FD7BBEA911
:10F47000FD030091F30B00F9331C0012F6C8FF974F
:10F48000000C40F9A1008052D3000036E1FFFF9745
:10F4900000000012F30B40F9FD7BC2A8C0035FD649
:10F4A000DCFFFF971F007BF2E0179F1AFAFFFF17A0
:10F4B000030C40F9640040F9601880B9631440B946
:10F4C0000000048B2120C31A217C4093026821B8DC
:10F4D000C0035FD6FD7BBEA9FD030091F30B00F9CD
:10F4E000331C0012DCC8FF97E40300AA000C40F9AB
:10F4F000A1008052C7FFFF97A0012836E203132A1C
:10F50000E00304AA01008052EAFFFF977F2A0071FE
:10F51000A000005400008052F30B40F9FD7BC2A80C
:10F52000C0035FD6869CFF97FBFFFF174001801248
:10F53000FAFFFF17FD7BBEA9FD030091F30B00F955
:10F54000F303012AC4C8FF9762061E126106001267
:10F550005F30007173061C12600A507A81010054FA
:10F560003F0C007140010054220000F04248099114
:10F570004268E13861008052CEFFFF970000805260
:10F58000F30B40F9FD7BC2A8C0035FD66041801237
:10F59000FCFFFF17FD7BBFA9E50300AAE603012AD4
:10F5A000FD030091000C40F96100805299FFFF9724
:10F5B000077818120200193261008052E00305AA90
:10F5C000BCFFFF97E00305AAC21C00120100805295
:10F5D000B8FFFF97E00305AAC23C48D32100805240
:10F5E000B4FFFF97FD7BC1A8E203072AE00305AA49
:10F5F00061008052AFFFFF17FD7BBEA9FD030091A4
:10F60000F30B00F9F303012A93C8FF97020C40F9AA
:10F61000616E1C53736E1D53421C40B97302020B82
:10F62000610AC11ADCFFFF97F30B40F9000080521A
:10F63000FD7BC2A8C0035FD6E50300AAE603012A4A
:10F64000FD7BBFA9FD030091A00C40F9A1008052F1
:10F6500070FFFF97A0FF3736E00305AA0200805233
:10F660002100805293FFFF97E00305AA62008052B9
:10F67000810080528FFFFF97A00C40F9410080521B
:10F68000022040B9E00305AA8AFFFF97620080527A
:10F69000E00305AAE103022A86FFFF97DF04003199
:10F6A000A0000054FD7BC1A8E103062AE00305AADF
:10F6B000B9FFFF17FD7BC1A8C0035FD6FD7BBDA9C5
:10F6C000FD030091F35301A9F30300AA59C8FF9762
:10F6D000E00313AA60C8FF97E1830091F40300AA36
:10F6E000E00313AAA20E009460000035E0830091AD
:10F6F000420E0094E00313AA4EC8FF97800E00F953
:10F7000001008012E00314AACCFFFF97F35341A934
:10F7100000008052FD7BC3A8C0035FD6FD7BBDA95E
:10F72000FD030091F35301A9F40300AAF55B02A9BC
:10F73000F503022A020040F9563440F9C21640F996
:10F74000020200B440003FD6F303002AE001003477
:10F75000400000D0006C0991140300B4810A40A954
:10F76000E303132A210040F952BDFF97F55B42A93C
:10F77000E003132AF35341A9FD7BC3A8C0035FD65E
:10F78000B3028012F3FFFF17C21A40F9220100B43E
:10F79000E103152AE00314AA40003FD6F303002A30
:10F7A00060FEFF34400000D000F40991EBFFFF172A
:10F7B000B3028012FCFFFF17420000B0410000B00E
:10F7C000E303132A426C3B9121983B91E7FFFF171B
:10F7D000FD7BBEA9FD030091F35301A9F40300AA28
:10F7E00017C8FF97F30300AAE00314AA20C8FF97E5
:10F7F000140000F9610A40B9010800B9610E40B96E
:10F80000010C00B901018052011000B900008052C2
:10F81000F35341A9FD7BC2A8C0035FD6FD7BBEA9FF
:10F82000FD030091F35301A9F40300AA0DC8FF974B
:10F83000F30300AA02008052804A40F9410000D040
:10F8400021780A91C7CCFF97600200B9000080526E
:10F85000F35341A9FD7BC2A8C0035FD6FD7BBCA9C1
:10F86000FD030091F35301A9F55B02A9F50300AA7A
:10F87000F76303A9181840F9000340F9163440F95A
:10F88000E00318AAF7C7FF97F40300AAE00315AA3C
:10F89000F7C7FF97015C4129930240B93303003455
:10F8A000610000347F02016B7392811A800640B9B7
:10F8B0001F00136B81000054800A40B91F00176BB2
:10F8C000E0000054E203172AE103132AE00318AA18
:10F8D00093FFFF972002003593DE0029C10240F913
:10F8E000A10100B4F35341A9E00315AAF55B42A9B5
:10F8F000F00301AAF76343A9FD7BC4A800021FD649
:10F900003F00007113D490523300A0723310931A49
:10F91000E7FFFF1700008052F35341A9F55B42A9AE
:10F92000F76343A9FD7BC4A8C0035FD6011840F963
:10F93000210040F9213440F9210440F9610000B46C
:10F94000F00301AA00021FD6C0035FD6051840F9D4
:10F95000A60040F9A52040F9C63440F9A50440F9B5
:10F96000A50840B9BFC80171A1000054C50C40F9F9
:10F97000A50000B4F00305AA00021FD6C00B801238
:10F98000C0035FD6A0048012FEFFFF17000040F9FD
:10F99000B3FFFF17000040F9E5FFFF17000040F933
:10F9A000EBFFFF17FD7BBFA9FD030091A4C7FF97E5
:10F9B000800000B4000040B9FD7BC1A8C0035FD641
:10F9C00020008012FDFFFF17FD7BBCA9FD03009105
:10F9D000F35301A9F40300AAF55B02A9F60302AAF6
:10F9E000F503012A020040F9423440F9431C40F972
:10F9F000230300B4E2C3009160003FD6F303002A62
:10FA0000A0020034400000D000C00A91740100B48C
:10FA1000810A40A9E403132AE303152A210040F9CF
:10FA2000A4BCFF97F55B42A9E003132AF35341A955
:10FA3000FD7BC4A8C0035FD6420000B0410000B007
:10FA4000E403132AE303152A426C3B9121983B916E
:10FA5000F4FFFF17E1E30091E00314AA87C7FF97C3
:10FA6000E01F40F9600000B553028012EEFFFF175F
:10FA700073C7FF97000040B91F00156BA100005429
:10FA8000E01F40F913008052C00200F9E6FFFF17A3
:10FA9000E0E3009181C7FF97F2FFFF17FD7BB9A953
:10FAA000FD030091F35301A9F55B02A9F503022AB6
:10FAB000F60307AAE2830191F76303A9F803032A77
:10FAC000F70306AAF96B04A9F903012AFA0304AAA9
:10FAD000E103002AFB7305A9FC03002AFB0305AA26
:10FAE000400E805242CBFF97E0010034F303002A1E
:10FAF000E203002AE1031C2A400000D0003C0B91E5
:10FB00006CBCFF97F55B42A9E003132AF35341A9AC
:10FB1000F76343A9F96B44A9FB7345A9FD7BC7A80B
:10FB2000C0035FD6E03340F9E2A30191E103192A53
:10FB3000A6FFFF97F303002A5F0300F10018533A72
:10FB4000A1050054E03340F9E3A30191E2031BAAAD
:10FB5000E1031AAA6DC8FF97F303002A40FDFF35A1
:10FB6000E03740F936C7FF97F40300AABF020071DF
:10FB700000D490522000A072A012801A990200B9FD
:10FB800080620129E03740F9018840B9010100375E
:10FB9000EEC6FF97F303002A60FBFF35E03740F91C
:10FBA00033C7FF97E13740F9010000F9E03740F92A
:10FBB0002FC7FF97F90300AAE03340F929C7FF9741
:10FBC000FA0300AA000440B980040034150500358A
:10FBD000940000B4800E40B91F00186B010500545A
:10FBE000E03340F9E00200F913008052D90200F935
:10FBF000C5FFFF1780020034E13340F9400000D018
:10FC000000A00B91010100B4260840A9E503132AC6
:10FC1000E403192AE3031C2AC10040F925BCFF971D
:10FC2000B9FFFF17420000B0410000B0E503132AFE
:10FC3000E403192AE3031C2A426C3B9121983B916F
:10FC4000F7FFFF17E03740F9E0F9FFB4FCC6FF9774
:10FC5000F40300AACCFFFF17E00319AA4CFFFF979B
:10FC6000F303002A40FBFF34A7FFFF17400740B90A
:10FC700000FBFF341F00156BC0FAFF54E03340F95E
:10FC8000E203182AE103152AA5FEFF97F303002AD1
:10FC900080FAFF34E00319AA3FFFFF979AFFFF178E
:10FCA000FD7BBCA902008012FD030091F35301A962
:10FCB000F40300AAF55B02A9F50301AA410000B014
:10FCC000F71B00F921900791004840F9A5CBFF9759
:10FCD000A00200B902D49052410000D0804A40F9FD
:10FCE0002200A07221780A919ECBFF97A00A00B94A
:10FCF000410000D0214C0C91804A40F937CCFF974D
:10FD0000161C0012804A40F9410000D021700C916D
:10FD100032CCFF97171C0012804A40F9410000D0F6
:10FD200021940C912DCCFF97001C1E531604162A0B
:10FD3000410000D0804A40F921C40C9127CCFF97A4
:10FD4000131C0012804A40F9410000D021EC0C91B4
:10FD500022CCFF97001C19531310132A410000D026
:10FD6000804A40F97302162A7302172A212C0D913A
:10FD7000220080527BCBFF971F100071200300549C
:10FD80001F200071200300541F080071410000541F
:10FD900073021732804A40F9410000D0220080529D
:10FDA00021700D916FCBFF971F100071200200543E
:10FDB0001F200071200200541F08007141000054F0
:10FDC00073021432B30E00B900008052F35341A9FC
:10FDD000F55B42A9F71B40F9FD7BC4A8C0035FD6C1
:10FDE00073021632ECFFFF1773021232EAFFFF179D
:10FDF00073021332F4FFFF1773021132F2FFFF1781
:10FE0000FD7BBEA9FD030091F30B00F9F30300AAEB
:10FE10008BC6FF97E10300AA604A40F9A000F8B73B
:10FE2000E00313AAF30B40F9FD7BC2A89DFFFF1767
:10FE3000F30B40F900008052FD7BC2A8C0035FD6DF
:10FE4000FD7BBEA9FD030091F35301A9F403012A30
:10FE500081C6FF97F30300AA000440F9A0020094B2
:10FE6000600640F9E103142ACC020094608642390E
:10FE700060000036600640F99F020094600640F979
:10FE800091020094F35341A900008052FD7BC2A867
:10FE9000C0035FD622084039E201003622204039F3
:10FEA00062000034222840392203003622604039A3
:10FEB0006200003422684039A2020036222840B98C
:10FEC0002202003423844039630000120200805271
:10FED0000900001422284039A20100372268403965
:10FEE000620100372284403903008052E203222A53
:10FEF000420000124200032A02010034C300003411
:10FF00000406001423008052F1FFFF170300805203
:10FF1000EFFFFF171C06001400008052C0035FD6DD
:10FF2000FD7BBFA9FD0300914BC6FF97003C40F944
:10FF3000A00000B4FD7BC1A8010840B9000040F951
:10FF4000400C001400008052FD7BC1A8C0035FD6A6
:10FF5000FD7BBAA9222080D2E213C0F2FD030091FA
:10FF6000E2FF02A9E20300B2E22700F96200805238
:10FF7000FF0705A9E1A30091F30B00F9F30300AA21
:10FF8000FFFF03A9E25300B913030094800000357A
:10FF9000E1A30091E00313AA25030094F30B40F9B9
:10FFA000FD7BC6A8C0035FD6FD7BBEA9FD03009103
:10FFB000F35301A9F403012A27C6FF97F30300AA0C
:10FFC000010040B9000440F9E203142A5F020094E2
:10FFD000600640F9E203142A610240B96312512914
:10FFE000651A5229F35341A9FD7BC2A8910200145E
:10FFF000FD7BB9A9FD030091F35301A9F403012A84
:02000004FFE219
:10000000F55B02A9F60300AAF76303A9F96B04A93B
:10001000FB2B00F910C6FF97F30300AA000440B9B8
:10002000740000341F00146B42000054F403002AD3
:10003000600640F92A020094607640B98001F837E2
:10004000E103142AE00316AAD8FFFF97600640F9DF
:1000500021008052627640B92D020094600640F97A
:1000600015008052180200941B000014606E40B905
:100070001F00146B00040054E00316AAF6C5FF9796
:10008000F80300AA01488852E00316AAE101A07211
:10009000FF7F0D29190740F9C4FFFF970200805226
:1000A00021008052E00319AA19020094E00319AA62
:1000B00005020094E1A30191E00318AAA5FFFF97B0
:1000C000F503002AA0020034400000B000240E9185
:1000D0002996FF97F35341A9E003152AF55B42A93E
:1000E000F76343A9F96B44A9FB2B40F9FD7BC7A833
:1000F000C0035FD6606640B91F00146BE1FBFF547C
:10010000756A40B9E00316AA27FEFF97BF02006B8D
:1001100041FBFF54D2FFFF171B008012FA031B2A7A
:1001200017008052E103142AE00316AA9FFFFF97ED
:10013000E00319AAEA010094E203172A2100805281
:10014000E00319AAF2010094E00319AADE01009469
:10015000E1B30191E00318AA7EFFFF97F503002A9F
:1001600040FBFF35E1034D295F070031C101005419
:100170003F00006B7B03971AFA029A1AF7060011E8
:10018000FF42007161FDFF545F07003121010054FF
:10019000400000B000A00E91F795FF97746E00B973
:1001A000AFFFFF173F00006BE0010054FB0600515A
:1001B000E00319AA5A031B0BC901009442008052A4
:1001C000E00319AA21008052420FC21AD001009404
:1001D000146700B9E00316AAF3FDFF97006B00B99E
:1001E000EFFFFF17FB03172AE5FFFF170000805200
:1001F000C0035FD6FD7BBDA9FD030091F35301A9A8
:10020000F30301AAF55B02A9F50300AA000040F977
:10021000001840F990C5FF97F40300AA160440F9AE
:10022000A00240F9E0FDFF97E103002A82824239F3
:10023000E00316AAEA010094602640B91F04007189
:100240006022403921020054611A40F9E10100B4F2
:1002500000040034602A40B91F2000716800005477
:10026000809A40B960030036E10313AAE00314AAA0
:10027000FD02009460050034F35341A9F55B42A9E7
:10028000FD7BC3A8C0035FD680030034601A40F929
:10029000400300B4602A40B91F2000716800005478
:1002A000809A40B9A0020036E10313AAE00314AA21
:1002B000CB03009420FEFF35F55B42A9E10313AAAE
:1002C000E00314AAF35341A9FD7BC3A8030400145F
:1002D000E10313AAE00314AA3F020094E0FCFF35F7
:1002E000F55B42A9E10313AAE00314AAF35341A961
:1002F000FD7BC3A84E020014E10313AAE00314AA75
:1003000098020094A0FBFF35F55B42A9E10313AA14
:10031000E00314AAF35341A9FD7BC3A89202001481
:10032000808A4239E10313AAC0000036F55B42A976
:10033000E00314AAF35341A9FD7BC3A8ACFFFF1748
:10034000F55B42A9E00314AAF35341A9FD7BC3A8BE
:10035000FF02001400008052C0035FD600008052EC
:10036000C0035FD6FD7BBAA9FD030091F35301A939
:10037000F51300F9F50300AA2EC5FF97F40300AAB0
:10038000E00315AA34C5FF97F30300AA800640F9DD
:10039000600600F9800A40F9600A00F9805241398C
:1003A000608A02398062403960820239801E40B919
:1003B000601A00B9802240B9601E00B9802640B999
:1003C000602200B9803640B9607600B9801640F9E5
:1003D000601600F9800240B9600600B9803A40B961
:1003E000608200B9803E40B9608600B9804240B961
:1003F000608A00B9804640B9608E00B9804A40B931
:10040000609200B9804E40B9609600B9805240B900
:10041000609A00B9600240B900010035E2E3009142
:10042000E00315AA01008052C2BFFF9720040034E8
:10043000E57FFF97600200B9E00315AA6A0B0094FC
:10044000603E00F9400000B4EC0A0094606240B9DC
:10045000A0000035E00313AA9F0100942000805201
:10046000606200B9610240B9E03F99D24073A7F2DF
:100470002000008B0008C19A41068052007C011BBD
:10048000410000B0607200B921300F91E00315AA5D
:100490002CC5FF9740010036E00315AAAEFFFF9779
:1004A000F35341A9F51340F9FD7BC6A8C0035FD6FD
:1004B000E0E30091B9BFFF97DFFFFF17E00315AA44
:1004C000A7FFFF97F7FFFF17FD7BBFA9FD03009173
:1004D000019040B9400A40F9F2ABFF971F0000714C
:1004E00000A09F5AFD7BC1A8007C4093C0035FD64B
:1004F000FD7BBDA9FD030091F35301A9F40300AAFC
:10050000F51300F9CBC4FF97F30300AAE00314AA84
:10051000D1C4FF97F50300AA01008052E00314AA9A
:1005200071C5FF97600600F962A200912100805218
:10053000E00314AA58C5FF97600A00F9410000B013
:1005400021740F91804A40F924CAFF9760620039F4
:1005500002108052410000B0804A40F921C00F9142
:1005600080C9FF97601E00B982008052410000B030
:10057000804A40F9210010917AC9FF97602200B9A2
:1005800002008052410000B0804A40F921401091A1
:1005900074C9FF97602600B9611640F9E05B40B26C
:1005A0003F0000EB6900005420008052A086023911
:1005B000804A40F9410000B02194109107CAFF978A
:1005C00060520139E00314AAC0FFFF97F50300AAA7
:1005D0002001F8B6400000B000C41091B5B9FF97F3
:1005E00040028012F35341A9F51340F9FD7BC3A8E3
:1005F000C0035FD602249452410000B0E200A07212
:1006000021780A9157C9FF97600200B902208052F1
:10061000E00315AA410000B02180119151C9FF9754
:10062000603A00B902028052E00315AA410000B00E
:1006300021A811914BC9FF97603E00B90219805261
:10064000E00315AA410000B021D4119145C9FF97DC
:10065000604200B9E21F8052E00315AA410000B0D9
:10066000210C12913FC9FF97604600B98202805267
:10067000E00315AA410000B02144129139C9FF9747
:10068000604A00B982028052E00315AA410000B01E
:10069000217C129133C9FF97604E00B9410000B030
:1006A00021B4129102008012E00315AA36C9FF9707
:1006B000603600B9E00314AA96C4FF97000440B95D
:1006C000605200B900008052C7FFFF170260403936
:1006D000211C00122201003403644039E30000347D
:1006E000000180520008C31A007C021B4100003642
:1006F000007C0153C0035FD600008052FEFFFF174D
:10070000040440F9631C0012840040B9BF3F03D5C4
:10071000E30200360320A8528400032A2300403954
:100720007F080071A1020054030440F921104039F0
:1007300065E040B9BF3F03D5E31F80522120C21AB4
:100740006320C21AA300230A2100032ABF3F03D556
:10075000020440F941E000B9BF3F03D5000440F96D
:10076000040000B900008052C0035FD60120A81227
:100770008400010AF9FFFF17A0028012FBFFFF1798
:10078000FD7BBDA9FD030091F35301A9130080D2A5
:10079000F55B02A9F50300AA000080D269B4FF97B7
:1007A000F40300AAF67082D2E00314AA65B4FF979E
:1007B0001F0016EB49010054017182D2400000B0C5
:1007C000009413913BB9FF9700008052F35341A965
:1007D000F55B42A9FD7BC3A8C0035FD6D897FF97FE
:1007E000A00240B9BF3F03D5C000F83673060091A0
:1007F0007F0E00F1A1FDFF5420008052F4FFFF178F
:10080000130080D2E9FFFF17421C1053211C145320
:100810002100022A001C18532000002AC0035FD6C2
:10082000E20300AA20084039E001003620204039C8
:10083000600000342028403960010036202840B98B
:1008400060010034208440390000001240980239D1
:10085000200440391F200071E900005460418012DB
:10086000C0035FD600008052F9FFFF1720008052BE
:10087000F7FFFF17230000D0638008916078E078CD
:1008800000FFFF37408C0239202440391F200071BF
:1008900068FEFF546078E07840FEFF3740900239F0
:1008A000208040391F200071A8FDFF546078E07857
:1008B00080FDFF374094023900008052E9FFFF17A6
:1008C000C0035FD6010040B9BF3F03D5210000320D
:1008D000BF3F03D5010000B9C0035FD6010040B996
:1008E000BF3F03D521781F12BF3F03D5010000B9D8
:1008F000C0035FD6010040B9BF3F03D521001932C4
:10090000BF3F03D5010000B9C0035FD6FD7BBFA97F
:10091000E503012AFD030091F1FFFF97031040B9A1
:10092000BF3F03D561000032BF00007163781F1222
:100930006300811A430C1F33BF3F03D5FD7BC1A861
:10094000031000B9E0FFFF17FD7BBFA9E303012AF5
:10095000FD030091E2FFFF97050040B9BF3F03D5BB
:100960006304005146781F536104020BE201805278
:10097000A56C09122108C61A210400513F3C0071E0
:100980002190821AA14C012ABF3F03D5FD7BC1A84B
:10099000010000B9CCFFFF17FD7BBFA9E30300AA4C
:1009A000E203012AFD030091CDFFFF97000040B94B
:1009B000BF3F03D500741D124200083600001F32ED
:1009C00042001E534200002ABF3F03D5FD7BC1A851
:1009D000620000B9E00303AABBFFFF17FD7BBFA9BC
:1009E000E503012AE40300AAFD030091BCFFFF9781
:1009F000030040B9BF3F03D5020100346200173243
:100A0000A20C1633BF3F03D5FD7BC1A8820000B9FD
:100A1000E00304AAACFFFF17200080526278161290
:100A20000020C51AE003202A050C0012F5FFFF176D
:100A3000FD7BBFA9E903012AE73F9952FD0300911D
:100A40004773A772E80300AAA5FFFF972001070BD1
:100A50004700070B0008C91AE208C21A4200000B3F
:100A60005F00036B480000546300024B4204000B1C
:100A70005F00056B48000054A500024B01040051C3
:100A8000C6040051A500010B6300010B8104005155
:100A9000C600000B2100000BA508C01A2108C01ACF
:100AA000C608C01AA51C18536308C01A211C10538D
:100AB000C61C00122100062AA360032A2100032A73
:100AC000BF3F03D5FD7BC1A8010D00B9E00308AA13
:100AD0007DFFFF17FD7BBFA9E20300AAFD03009184
:100AE000000440F97EFFFF97400440F9011440B92B
:100AF000BF3F03D5400C502921340A12633C1053E8
:100B00006010002A0000012ABF3F03D5410440F9CC
:100B1000201400B9BF3F03D5400440F91F2400B999
:100B2000401840B9007C0153BF3F03D5410440F950
:100B3000201800B9BF3F03D5400440F91F4400B955
:100B4000FD7BC1A8400440F95FFFFF17FD7BBEA9F4
:100B5000FD030091F35301A9F30300AABF3F03D59E
:100B6000019000B921000032BF3F03D5F4E1845267
:100B7000019000B9609240B9BF3F03D5C00108366B
:100B8000200080D294060051B7B3FF97EC96FF97F0
:100B90009F06003101FFFF54E00313AAF9FEFF97FF
:100BA00020010034BF3F03D5000080527F9200B97E
:100BB0000600001434FFFF35400000B000581491C7
:100BC0003CB8FF9780008012F35341A9FD7BC2A877
:100BD000C0035FD6FD7BBFA9E60300AAFD03009119
:100BE00010FFFF97E303002AC0010035C398423984
:100BF000E00306AA02008052C2FEFF97E303002A28
:100C000000010035C2944239C1904239C08C42394A
:100C1000FEFEFF97BF3F03D5C10440F9200400B991
:100C2000E003032AFD7BC1A8C0035FD6FD7BBCA9FE
:100C3000E40301AAE60300AAFD030091F35301A90E
:100C4000F55B02A9341840F92314403922104039C9
:100C5000362840B901984239130440F92000007247
:100C60004200831A5FF00171810000541F0000717F
:100C7000800180524210801A451C0853E00304AAE8
:100C8000E53F00B992FEFF971F7C00716806005493
:100C900060000034A11C002AE13F00B9C1060051E8
:100CA000E03F40B921080C532100002A8020403940
:100CB00021000932E13F00B980010034810840F988
:100CC000BF3F03D5C00440F9019400B9E13F40B9EA
:100CD0008020403900040051000410530000012A14
:100CE00000000D32E03F00B9E13F40B9E00313AA34
:100CF00097FFFF97F503002A6002003560A240B914
:100D0000BF3F03D5DF12007182008052E1F30091F2
:100D1000C292821AE03F00B9E00314AABEB2FF9764
:100D2000DF1200710901005460A640B9BF3F03D52E
:100D3000C2120051E1F30091E03F00B9801200912E
:100D4000B5B2FF97F35341A9E003152AF55B42A919
:100D5000FD7BC4A8C0035FD675418012FAFFFF1760
:100D60009DFFFF17FD7BBCA9E20300AAE00301AAD7
:100D7000FD030091F35301A9F55B02A943984239A1
:100D8000361840F9331040397F0040F2342840B91A
:100D900021144039550440F97302811A0120403969
:100DA000731E085341010034030840F9BF3F03D5C7
:100DB000410440F9239400B9012040392104005135
:100DC000210410533300132A73020D324198423923
:100DD0003FFEFF971F7C0071280400544000003440
:100DE000731E002AF40200349F1200718006005125
:100DF000E10316AA82008052000814538292821ADC
:100E00001300132AE0F3009183B2FF9773021132AB
:100E1000E03F40B9BF3F03D5A0AA00B99F120071BF
:100E20000901005482120051C1120091E0F30091B7
:100E300079B2FF97E03F40B9BF3F03D5A0AE00B9FC
:100E4000E103132AE00315AA41FFFF97F35341A9D9
:100E5000F55B42A9FD7BC4A8C0035FD6C00B80121E
:100E6000FBFFFF17FD7BBFA9E60300AAFD0300916E
:100E7000286040396BFEFF97E403002AA005003587
:100E8000C3984239E70301AAE00306AA020380528D
:100E90001CFEFF97E403002AC0040035C12040B9BE
:100EA000BF3F03D5C00440F9011C00B9C0984239C6
:100EB00060040036E5144039C1904239C294423989
:100EC000C08C423951FEFF97A500002AE10840F985
:100ED000BF3F03D5C00440F9016800B908010034E0
:100EE000C1984239E00307AAF9FDFF971F7C007102
:100EF000A802005440000034A560002ABF3F03D57B
:100F0000C00440F9050400B9C00440F9011440B917
:100F1000BF3F03D5E0204039216C1C120004005172
:100F20000000012ABF3F03D5C10440F9201400B9D5
:100F3000E003042AFD7BC1A8C0035FD6E510403959
:100F4000DEFFFF1764418012FAFFFF17FD7BBCA98B
:100F5000FD030091F35301A9F30300AA200080527E
:100F6000F55B02A9F76303A9380840F9351840F981
:100F7000362840B953FEFF9760864239C0050036D7
:100F8000611640F90043368BF703162A1F0001EB68
:100F900022050054740A40F99402188B770000B4BB
:100FA0009F0A40F2E10100545684FF978003003508
:100FB000000080D2FF0200EB61030054600640F99C
:100FC000F0FDFF97200D003580008012F35341A9FA
:100FD000F55B42A9F76343A9FD7BC4A8C0035FD6B4
:100FE00080164038F70600D1A0160038ECFFFF1736
:100FF000816A60F8A16A20F800200091E10200CB2C
:101000003F1C00F168FFFF54E0F27D92F70A409226
:101010009402008BB502008BE6FFFF17000080D220
:10102000F7FFFF17816A6038A16A20380004009139
:10103000E1FFFF17BF3F03D5600640F9166C00B90A
:10104000BF3F03D5600640F921008052016000B91E
:1010500016020035750640F9000080D239B2FF97BC
:10106000F40300AAA06240B9BF3F03D52009283786
:10107000E00314AA33B2FF971F2800F12808005498
:10108000200080D278B2FF97AD95FF97F6FFFF174B
:1010900017E28452600640F9142C40B9BF3F03D5D3
:1010A000943E007201020054200080D26EB2FF977D
:1010B000A395FF97F7060071E1FEFF5440000090F2
:1010C00000F41491A10D8012FAB6FF97BF3F03D52B
:1010D000600640F941008052016000B9A00D801205
:1010E000BBFFFF17601E40B9620A40F9807E001BFB
:1010F0001F00166B0090961AA10640F26100005482
:101100001F0440F240020054E303002A010080D291
:101110003F0003EB41010054B542208BD602004B47
:10112000600640F9142C40B9BF3F03D5943E00122D
:101130008395FF9794FDFF35C6FFFF1744004039A4
:10114000A46A213821040091F2FFFF17037C0253A7
:101150003F0003EB20FEFF54440040B9A47A21B8BD
:1011600021040091FBFFFF170000805298FFFF173A
:1011700040000090A10D801200701591D3FFFF1761
:1011800040000090A10D8012001C1691CFFFFF17A8
:10119000BF3F03D5600640F901048052016000B9E9
:1011A000000080D2750640F9E6B1FF97F40300AA6B
:1011B000A06240B9BF3F03D520F02F36E00314AA48
:1011C000E0B1FF971F2800F148FDFF54200080D2B6
:1011D00025B2FF975A95FF97F6FFFF17FD7BBFA932
:1011E000E60300AAFD0300918EFDFF97E303002AAA
:1011F000A0060035C3984239E70301AAE00306AA16
:10120000020280523FFDFF97E303002AC00500352C
:10121000C12040B9BF3F03D5C00440F9011C00B94B
:10122000C098423960050036E2144039C190423915
:10123000C0944239214C14532040002A0000022A55
:10124000BF3F03D5C10440F9200800B9C294423918
:10125000C1904239C08C42396CFDFF97BF3F03D526
:10126000C10440F9200400B9E10840F9BF3F03D5AB
:10127000C00440F9017800B9C09842390001003635
:10128000C00440F9003840B9BF3F03D50000123216
:10129000BF3F03D5C10440F9203800B9C00440F96C
:1012A000011440B9BF3F03D5E0204039216C1C1226
:1012B000000400510000012ABF3F03D5C10440F9DA
:1012C000201400B9E003032AFD7BC1A8C0035FD648
:1012D000E2104039D6FFFF17FD7BBAA9FD0300914C
:1012E000F35301A9F30300AA20008052F55B02A981
:1012F000F76303A9F96B04A9FB2B00F9360840F941
:10130000341840F9372840B96EFDFF97609A42398A
:10131000F503172A4006003760864239000600367A
:10132000611640F9C07E4092B642368BDF0201EB77
:1013300062050054760A40F9D602008B750000B4AD
:10134000DF0A40F2210200546E83FF97C00300358C
:10135000000080D2BF0200EBA1030054600640F9F8
:1013600008FDFF97600E003580008012F35341A9FD
:10137000F55B42A9F76343A9F96B44A9FB2B40F93C
:10138000FD7BC6A8C0035FD680164038B50600D1E5
:10139000C0160038EAFFFF17816A60F8C16A20F8BA
:1013A00000200091A10200CB3F1C00F168FFFF5418
:1013B000A0F27D92B50A40929402008BD602008B77
:1013C000E4FFFF17000080D2F7FFFF17816A603843
:1013D000C16A203800040091DFFFFF17798240B90D
:1013E0009F0640F2C0040054E00315AA5092FF97F4
:1013F000F60300AA200A00B4E10314AAF40316AA13
:10140000E20315AA04B1FF97BF3F03D5600640F978
:10141000177C00B9BF3F03D5600640F92100805218
:10142000FAFF9F52017000B9017D80D2607240B90D
:10143000009C0F910008C19A8BB1FF9757020035AD
:10144000750640F9000080D23EB1FF97F40300AA70
:10145000A07240B9BF3F03D5600A2837E00314AA41
:1014600038B1FF971F2800F168090054200080D28E
:101470007DB1FF97B294FF97F6FFFF17160080D259
:10148000E2FFFF173F03176B000080D23593971AD6
:10149000620A40F9A17E02531F0001EB6102005471
:1014A000A2060072A10200547B0640F9000080D21F
:1014B00024B1FF97F80300AA602F40B9BF3F03D5BE
:1014C0001F001A6BE9020054E00318AA1DB1FF9730
:1014D0001F2800F168030054200080D262B1FF97FA
:1014E0009794FF97F5FFFF17837A60B80004009187
:1014F000430000B9E9FFFF17630A40F9A1767E9225
:101500008102018B000080D22468603800040091C1
:10151000640000395F00006B81FFFF54E3FFFF1799
:101520009442358BF702154B8594FF97C4FFFF1744
:10153000000080528EFFFF17600180128CFFFF17A2
:101540004000009000F41491A10D8012D9B5FF97CE
:10155000BF3F03D5600640F941008052017000B9D9
:10156000760000B4E00316AA6891FF97A00D8012E0
:101570007FFFFF1740000090A10D801200B0169170
:10158000F3FFFF17D6EEFFB4E00316AA5F91FF97B3
:1015900073FFFF1740000090A10D801200601791AB
:1015A000EBFFFF17BF3F03D5600640F901048052EF
:1015B000017000B9000080D2750640F9E1B0FF97D4
:1015C000F40300AAA07240B9BF3F03D5C0FD2F3677
:1015D000E00314AADBB0FF971F2800F1C8FCFF54FA
:1015E000200080D220B1FF975594FF97F6FFFF1798
:1015F000211C0012421C00123F1000718002005496
:10160000E80000543F040071400300543F0800719B
:101610000001005460418012C0035FD63F2000717A
:10162000A1FFFF54220200371F0071F20A000014CC
:10163000A20000371F04147260418012E013801A68
:10164000F6FFFF171F041772FCFFFF17A2000037F9
:101650001F0073F260418012E013801AEFFFFF1742
:101660001F0076F2FCFFFF171F0072F2FAFFFF1750
:1016700000008052E9FFFF17FD7BBFA9E30301AA29
:1016800022008052FD03009121044039040C40B92E
:10169000E003042AD7FFFF9740030035602040395C
:1016A000C000003461244039E003042A2200805243
:1016B000D0FFFF976002003560604039C000003401
:1016C00061644039E003042A22008052C9FFFF9779
:1016D00080010035602440B98001003461804039C8
:1016E0001F080071E2179F1AE003042AC1FFFF9749
:1016F0001F000071E0179F1AFD7BC1A8C0035FD6D1
:1017000000008052FDFFFF1720008052FBFFFF17F3
:10171000220040F923E09FD24200038A5F0420F1B7
:10172000E002005422204039A2000034220440F993
:101730004200038A5F0420F12002005422604039F5
:10174000C2000034220C40F923E09FD24200038AF9
:101750005F0420F140010054222440B95F0400716D
:10176000C9000054228040395F200071610000549C
:10177000222840B942000037C0FFFF170000805206
:10178000C0035FD62308403963010037232840395E
:101790002301003723684039E300003723844039B0
:1017A000A3000037220040395F040071410000545B
:1017B000B2FFFF1700008052C0035FD6040040F95B
:1017C000E20300AAE30301AA841840F9840040F967
:1017D000843440F9841040F9A40000B4840440F932
:1017E000640000B4F00304AA00021FD6E10303AAB8
:1017F000E00302AAE4FFFF17FD7BBBA9FD030091F4
:10180000F35301A9F40301AAF55B02A9F50300AAA9
:10181000F76303A9F92300F9020040F9421840F9DF
:10182000420040F9563440F9E5FFFF97000B0036BF
:10183000E00315AA56F8FF97F303002AA001F83732
:10184000C01240F9600200B4020840F9220200B45C
:10185000E10314AAE00315AA40003FD6F303002ACF
:101860001F30083160010054E00315AA4AF8FF97C1
:10187000BF030091E003132AF35341A9F55B42A98A
:10188000F76343A9F92340F9FD7BC5A8C0035FD6E0
:10189000802A40B920070034802640B9961A40F9C2
:1018A0001F040071C0060054F70316AA160080D268
:1018B0008022403993024039826240397302000B22
:1018C0007302020B613E009121187C92FF6321CBD1
:1018D000810A4079F9030091E103003940050034A1
:1018E00001040051E3070091850A40F921701D535E
:1018F000A424C19A21200051641400383F200031F3
:1019000081FFFF5400040011A2000034421C4092E9
:101910002003008BE11F8052A5AFFF97D80217AAC2
:10192000640080521F0300F161721D5384049F1AEA
:10193000E20319AA84044092E00315AA030080D2AE
:1019400017F8FF97F303002A40F9FF35F8F8FFB4C2
:10195000812A40B9E30316AAE20317AAE00315AAF5
:10196000440080D221701D530DF8FF97E0F7FF343B
:10197000F303002ABFFFFF17160080D2170080D2A2
:10198000CCFFFF17200080D2E0FFFF1773418012C9
:10199000B8FFFF17030040F9E40300AAE20301AA1D
:1019A000631840F9630040F9633440F9631040F96B
:1019B000E30000B4650040F9650000B4F00305AA37
:1019C00000021FD6600840F9C00200B5402040392F
:1019D00043004039811840B96300000B4060403932
:1019E0006300000BA10000343F00036B6200005451
:1019F000A0028012C0035FD6409444291F040071E6
:101A000041010054801440B9800000341F00056B70
:101A10000090851A402800B9402840B9A0FEFF3444
:101A200000008052F4FFFF1781FFFF342100034BB9
:101A30003F00056B2190851A412800B9F7FFFF1779
:101A4000202C40F9020080121F0800B9202C40F918
:101A5000020000B9202C40F9000040B91F0C40F2F0
:101A600001010054000000900040369102048052B1
:101A7000202800F900008052229400B9C0035FD6EC
:101A8000000000900202805200103791F9FFFF170A
:101A9000E2038052229000B9EAFFFF17000480524F
:101AA000209400B90000009000703591202800F9C2
:101AB00000008052C0035FD6010C47A9049840B9CA
:101AC000064040F9847C0313029040B9630001CBC7
:101AD000012C40F9847C4093252040B9014440F911
:101AE000210006CB210003CB630CC49A210CC49ABD
:101AF0004100014B4200054B5F00036B4230831AEB
:101B0000030080123F00026B2190821A21040051D1
:101B10003F04003141000054C0035FD6043C40F94B
:101B2000029C80B99F0002EBC0000054039840B9AA
:101B3000023840F97F2000714101005443004039D0
:101B4000022C40F9436000B9029840B9043840F9CA
:101B5000427C031382C0228B023800F9ECFFFF178E
:101B600043004079F7FFFF17030848A9012C40F90B
:101B7000420003CB039840B9212440B9637C03138E
:101B8000637C4093420CC39A3F00026B2130821A5F
:101B9000210400513F04003141000054C0035FD6CE
:101BA000022C40F9044440F9436040B9029C80B9DA
:101BB0009F0002EBC0000054049840B9024040F975
:101BC0009F2000710101005443000039029840B980
:101BD000034040F9427C031362C0228B024000F9AB
:101BE000ECFFFF1743000079F9FFFF17202840B9E9
:101BF0002200A0521F4040710090821A202800B994
:101C000000008052C0035FD6FD7BBEA9FD0300919A
:101C1000F30B00F9F303012A0FBFFF97136C00B910
:101C200000008052F30B40F9FD7BC2A8C0035FD6D1
:101C3000FD7BBDA9FD030091F35301A9F303012A24
:101C4000F51300F9F50300AAFABEFF97F40300AA02
:101C5000E00315AA00BFFF97012C40F9820240B9AA
:101C60003F0800B95F00136B4390931A4290931A98
:101C7000013040F92108C29A022C40F921040011D8
:101C800021381F12411400B922008052012C40F962
:101C9000220800B9036800B900008052F35341A93B
:101CA000F51340F9FD7BC3A8C0035FD6FD7BBEA939
:101CB000FD030091F35301A9F30300AADDBEFF97D2
:101CC000F40300AAE00313AA85BFFF97800600F97A
:101CD000A00000B5A0028012F35341A9FD7BC2A869
:101CE000C0035FD6604A40F902249452E200A07219
:101CF0004100009021780A919AC3FF97800200B9B1
:101D00004100009021F81791604A40F933C4FF97D1
:101D100020FE073700008052F0FFFF17FD7BBEA9B1
:101D2000FD030091F30B00F9CBBEFF97013040B9E2
:101D3000F30300AA001440F9C2040094A000003587
:101D4000E00313AAF30B40F9FD7BC2A8E7B9FF1724
:101D5000F30B40F9FD7BC2A8C0035FD60284423971
:101D6000019840B921040051420476D32110001299
:101D70002100022A02884239006C40B942047AD319
:101D8000000478D34000002A2000002AC0035FD658
:101D9000019840B90284423921040051420478D3A9
:101DA000211070D32100022A02884239006C40B908
:101DB00042047CD300047AD34000002A2000002A89
:101DC000C0035FD602844239019840B92104005112
:101DD000420478D3210C00122100022A02884239E1
:101DE000006C40B942047CD300047AD34000002A3E
:101DF0002000002AC0035FD6FD7BBDA9FD03009132
:101E0000F35301A9F30300AAF51300F9F50301AA9E
:101E100091BEFF97E20300AAF40300AA01008052DA
:101E2000E00313AA43B9FF97F303002A0002003529
:101E3000E00314AAA0B9FF971F000071A10480124B
:101E40000410417A600000541F300831A101005491
:101E5000E00314AA51B9FF97A00200F9800000B571
:101E6000B3028012E00314AAA0B9FF97F51340F95A
:101E7000E003132AF35341A9FD7BC3A8C0035FD637
:101E8000F303002AFAFFFF17FD7BBBA9FD030091B6
:101E9000F35301A9F55B02A9F50300AAF76303A9AF
:101EA0009CBEFF97F60300AAE00315AA61BEFF9748
:101EB000F30300AAE00315AA67BEFF97F40300AA84
:101EC00000018052E04F00B9600640F9802E00F911
:101ED00081820191600240B9806A00B9E00315AACD
:101EE000C6FFFF97F303002AA0010035E00315AAFF
:101EF00059BEFF9718A00091F70300AAE10318AAA2
:101F0000E00315AA9A040094F303002A4001003468
:101F10001F3008310418423A80030054F55B42A98F
:101F2000E003132AF35341A9F76343A9FD7BC5A836
:101F3000C0035FD6E00318AA30040094F303002A1C
:101F400040020034E01640F9010B40B93D04009412
:101F50004000009000201891D50000B4A10A40A9CB
:101F6000E303132A210040F952B3FF97ECFFFF1758
:101F7000220000F0210000F0E303132A426C3B91A1
:101F800021983B91F9FFFF17960600B4E10314AACC
:101F9000E00315AAC0023FD6F303002A00FCFF3578
:101FA000802E40F941000090E233019121F4189114
:101FB000005C40B9A04A40F9E7C2FF9780010035B4
:101FC000E14F40B93F0C007189000054809640B940
:101FD0003F00006BC900005440000090002C199194
:101FE00034B3FF9700018052E04F00B9E04F40B991
:101FF000809A00B9802E40F99F8602391F0800B9E7
:10200000802E40F91F2C00B920008052812E40F90B
:10201000200800B9819240B921F8FF35812E40F99E
:10202000201800B9812E40F9221840B95F00006BDA
:10203000E1000054000400111F00047101FFFF546F
:10204000809200B93F1800B9B5FFFF171F04007157
:1020500000109F1AFBFFFF17B3028012B0FFFF179B
:10206000C0035FD6FD7BBBA9FD030091F35301A91B
:10207000F40301AAF55B02A9F60300AAF76303A91A
:10208000F92300F9000040F9382440B9191840F943
:10209000E00319AAF0BDFF97812240391F070071A4
:1020A00095024039F30300AAB502010B8162403961
:1020B000B502010BB51E4092A13E009121107C9209
:1020C000FF6321CB6100805221049F1A01840239F1
:1020D000012840F9F703009120003FD6612E40F916
:1020E0003F0800B9612E40F9200000B91F070071B8
:1020F000A1000054612E40F9802A40B9000400512B
:10210000200400B9612E40F920008052200800B957
:10211000810A4079E10200398122403961010034AD
:1021200020040051E2060091840A40F900701D531A
:102130008324C09A00200051431400381F2000312E
:1021400081FFFF542004001182624039C200003434
:10215000007C4093421C4092E002008BE11F8052C1
:1021600093ADFF97C00240F901008052BDFFFF9779
:10217000773A00F9F702158B773E00F97F7E08A9C0
:10218000610247A93F0000EBE1020054951A40F9B3
:102190001F070071A1060054754200F9802A40B95A
:1021A000A002008B604600F9C00240F9FEF5FF97DF
:1021B0001823C01A602E40F9181000B9610248A90E
:1021C0003F0000EB6101005414008052602E40F982
:1021D000210080521F1000B9C00240F9A1FFFF97F3
:1021E00013000014E00313AA34FEFF97E5FFFF1766
:1021F000E00313AA5DFEFF97604240F91F0015EB54
:1022000001030054612E40F9213440B9A10218366F
:10221000200000F000B81991B90100B4210B40A9C9
:10222000210040F994008012A2B2FF97BF030091F1
:10223000E003142AF35341A9F55B42A9F76343A9CC
:10224000F92340F9FD7BC5A8C0035FD6220000D06A
:10225000210000D0426C3B9121983B91F2FFFF1787
:10226000F50300AAD6FFFF17753A00F9802A40B996
:10227000B502008B753E00F9E00313AA0FFEFF972D
:10228000C00240F9C8F5FF97210080522120C01AF2
:10229000602E40F9011000B9610247A93F0000EB30
:1022A000C1020054C6ADFF9714D043919402099126
:1022B000B5008052602E40F9002840B9BF3F03D5D9
:1022C0000000150A1F10007100F8FF54BCADFF9705
:1022D0009F0200EB05FFFF54602E40F9002840B933
:1022E000BF3F03D50000150A1F100071E0F6FF5430
:1022F000B40D8012B6FFFF17E00313AAEFFDFF979E
:10230000E6FFFF17FD7BBCA9FD030091F35301A974
:10231000F403012AF55B02A9F50300AAF60303AA58
:10232000F76303A9F70302AAF80304AA001840F907
:1023300049BDFF979F0A40F260020054200000F060
:1023400000281A91750100B4A10A40A9210040F9A2
:102350001300801257B2FF97F55B42A9E003132ADE
:10236000F35341A9F76343A9FD7BC4A8C0035FD61B
:10237000220000D0210000D0426C3B9121983B917B
:10238000F4FFFF17F30300AA98000036E00315AA34
:102390000100805233FFFF97DF0200F1E41A40FA98
:1023A000E1070054DF0200F1E0079F1A00781F5395
:1023B000612A40F960860239E00313AA947E035330
:1023C00020003FD6773A00F9612E40F9F702148BCE
:1023D000773E00F9764200F9D602148B764600F972
:1023E000749E00B93F0800B9612E40F9220040B93F
:1023F0001F00026B40000054200000B9E00315AA42
:1024000069F5FF97622E40F9210080522020C01A02
:10241000401000B9602E40F9010800B9E00313AA8A
:10242000A6FDFF97D1FDFF97600648A93F0000EB8E
:1024300068FFFF5462ADFF9714D043919402099155
:10244000B6008052602E40F9002840B9BF3F03D546
:102450000000160A1F1000716001005458ADFF976C
:102460009F0200EB05FFFF54602E40F9002840B9A1
:10247000BF3F03D50000160AB30D80121F10007174
:10248000410000541300805298F60F36E00315AA5D
:1024900021008052F3FEFF97B0FFFF17000080522B
:1024A000C4FFFF17050040F9A53440F9A50040F925
:1024B000650000B4F00305AA00021FD6A004801234
:1024C000C0035FD6E00301AAE103022AE20303AAE4
:1024D000E30304AA6793FF17FD7BBEA9FD030091E8
:1024E000F30B00F9F30301AADBBCFF97010040F9ED
:1024F000610200F9000440F9600600F90000805212
:10250000F30B40F9FD7BC2A8C0035FD6FD7BBEA9DB
:10251000FD030091F35301A9F40300AAC5BCFF9782
:1025200001008052F30300AAE00314AA29BDFF971B
:102530001F0400B1A1000054A0028012F35341A96E
:10254000FD7BC2A8C0035FD6600600F9210080525F
:10255000E00314AA1FBDFF971F0400B1E0FEFF5463
:10256000600A00F941008052E00314AA19BDFF97E8
:102570001F0400B120FEFF54600200F900008052E9
:10258000EFFFFF17FD7BBDA9FD030091F35301A9E8
:10259000F30300AAF51300F9AFBCFF9715400091B3
:1025A000F40300AAE10315AAE00313AAF0020094C1
:1025B00040020034E303002A200000F000342091A0
:1025C000330100B4610A40A9210040F9B9B1FF9775
:1025D00040028012F35341A9F51340F9FD7BC3A8D3
:1025E000C0035FD6220000D0210000D0426C3B9196
:1025F00021983B91F6FFFF17E00315AA7F02009494
:10260000E00313AA6E01009460FEFF34200000F086
:1026100000A42091D88CFF97800A40F9A10A40B904
:1026200088020094EBFFFF17000840F9E103012A3C
:10263000006861B8BF3F03D5C0035FD6E30300AABB
:10264000E003012ABF3F03D5610040F9E203022AFB
:10265000206822B8C0035FD6FD7BBEA9FD030091B0
:10266000F35301A9BF3F03D5010040F93F1402B95C
:10267000140040F9000080D2B2ACFF97F30300AA27
:10268000801A42B9BF3F03D51F0C40F2200100540D
:10269000E00313AAABACFF971FA00FF12801005471
:1026A000200080D2F0ACFF972590FF97F5FFFF1731
:1026B00000008052F35341A9FD7BC2A8C0035FD63E
:1026C000A00D8012FCFFFF17FD7BBDA9FD0300914B
:1026D000F35301A9F30300AAF51300F9010040F92F
:1026E000211442B9BF3F03D5010040F9211842B976
:1026F000BF3F03D53F0C40F280010054D7FFFF9746
:102700004001003413008012200000F000F42091FA
:1027100068B1FF97F51340F9E003132AF35341A979
:10272000FD7BC3A8C0035FD6BF3F03D5600240F95D
:10273000E1018052011402B9000080D2750240F913
:1027400080ACFF97F40300AAA01A42B9BF3F03D59B
:10275000000800121F1C0071C0010054E00314AAFD
:1027600078ACFF971FA00FF1A8000054200080D282
:10277000BDACFF97F28FFF97F4FFFF17200000F02A
:10278000B30D8012005C21914AB1FF97E2FFFF1761
:10279000E00313AAB1FFFF97F303002AC0FBFF3445
:1027A000200000F000F4209142B1FF97DAFFFF17FC
:1027B000FD7BBEA9FD030091F35301A94877FF9764
:1027C00013D00291000080D25EACFF97F40300AA00
:1027D000600240B9BF3F03D520010037E00314AACF
:1027E00058ACFF971FA00FF128010054200080D2A1
:1027F0009DACFF97D28FFF97F6FFFF170000805226
:10280000F35341A9FD7BC2A8C0035FD6A00D80127F
:10281000FCFFFF17FD7BBFA9FD0300911F1440F2D1
:10282000C0000054E10300AA200000F000E4219160
:1028300020B1FF972BABFF97E20301AA231440F2CC
:10284000C0000054200000F000B42291F9FFFF17EF
:1028500021740BD5630001916100008B7F0002EBB6
:1028600083FFFF54FD7BC1A8C0035FD6FD7BBBA9DE
:10287000FD030091F55B02A9F50300AA000080D2D8
:10288000F35301A9F76303A9F92300F92DACFF97CE
:10289000F70300AA2D7EFF97B4CE46A9097DFF97C6
:1028A00001008052021040911900A8D2E00314AA3E
:1028B000BFABFF97F60312AA94124091545200F94D
:1028C000731240D1FF7CFF97C05600F9160080526A
:1028D000FC7CFF979402008BFA7CFF97730200CB7D
:1028E000937DFF97F30000B5DF020071CC01005427
:1028F000A0D2368BD606001114CC47A9FAFFFF17D9
:102900007F0219EBE00314AA7892999AE10318AABE
:10291000730218CB9402188BBFFFFF97888FFF9725
:10292000F1FFFF17B07DFF97DD7DFF97E003172ACA
:1029300004ACFF97F35341A9E103002AF55B42A9D8
:10294000200000F0F76343A900842391F92340F9A4
:10295000FD7BC5A8D7B0FF17FD7BBBA9FD03009188
:10296000F35301A913C0019114400291F55B02A930
:10297000160080D2F76303A91800A8D2F92300F942
:1029800079827FA9150080D2610240F93F0015EBE2
:102990006801005473420091D602158B7F0214EB3C
:1029A00001FFFF54401240F91F0016EB00040054D1
:1029B000200000F000A025910A0000141F0018EB71
:1029C0000190989A1F1C00F108010054200000F0AB
:1029D00000302491E88BFF97200000F000FC249148
:1029E000E58BFF97BFAAFF97000180D2F70300AAEB
:1029F00000F87FD31F0001EBA9FFFF54E10317AAE2
:102A0000A002198B4C90FF97FF0200EB800000544E
:102A1000200000F000402591F2FFFF17600240F90E
:102A2000B502178B000015CBD8FFFF17F35341A950
:102A3000F55B42A9F76343A9F92340F9FD7BC5A8DB
:102A4000C0035FD6010840F921A840B9BF3F03D5B4
:102A5000020840F9424040B9BF3F03D5637898521D
:102A6000443C00127F20226BA0020054224850D325
:102A7000A3B494529F00036B42149F1A000040F9C4
:102A8000000840B9BF3F03D500040012430080D2C4
:102A900024344AD36320C09A203C4ED30000040B58
:102AA000242445D3211000128100010B0000010BEA
:102AB0000000020B6020C09AC0035FD60200805263
:102AC000EFFFFF17013840F9C10300B4023440F9A9
:102AD00042004491BF3F03D5044280D2439C60D35F
:102AE0004400BFF2E10304AA224400B8BF3F03D56B
:102AF000830400B9BF3F03D5227C00B9BF3F03D593
:102B0000238000B9028C46A94200038B420400D105
:102B1000BF3F03D5439C60D3220400B9BF3F03D518
:102B2000230800B9BF3F03D5228400B9BF3F03D5B6
:102B3000238800B9BF3F03D52220805222001FB84E
:102B4000014040F9A10300B4023C40F9BF3F03D566
:102B5000044480D2439C60D34400BFF2E10304AA42
:102B6000224400B8BF3F03D5830400B9BF3F03D55B
:102B7000227C00B9BF3F03D5238000B9028047A95A
:102B80004000008B000400D1BF3F03D5029C60D3FE
:102B9000200400B9BF3F03D5220800B9BF3F03D5C9
:102BA000208400B9BF3F03D5228800B9BF3F03D5B9
:102BB0004040805220001EB8C0035FD6FD7BB3A901
:102BC000FD030091F35301A9F40300AAF55B02A9E8
:102BD000F71B00F917BBFF97F30300AAE00314AA41
:102BE0001DBBFF97F60300AA021180D2010080529C
:102BF000E0230191EEAAFF97EEFEFF970003003558
:102C000074008052770240F9000080D24DABFF97EC
:102C1000F50300AAE00E40B9BF3F03D5600C0037B2
:102C2000E00315AA47ABFF971FA00FF1A8000054BF
:102C3000200080D28CABFF97C18EFF97F6FFFF1765
:102C4000E00313AAA1FEFF9794060071C1FDFF5493
:102C5000200000F000382B91478BFF971500801261
:102C6000F35341A9E003152AF55B42A9F71B40F98C
:102C7000FD7BCDA8C0035FD6411240F93F0014EBA5
:102C800040010054411240F9200000F000702891EA
:102C900021FC54D307B0FF97200000F081FE54D3ED
:102CA0000044299103B0FF97411240F93F0014EB13
:102CB00009010054200000F000D82991FDAFFF97D2
:102CC000200000F000A42A91FAAFFF9705AAFF9711
:102CD000411240F9200000F000FC2A9121FC54D35D
:102CE000F4AFFF9781058052E00313AA4FFEFF97D0
:102CF000610240F940043836200041B92220805258
:102D00002200A0720000022A200001B9E2DF9F52D7
:102D1000610240F9C2FFBF72200041B90000020AFF
:102D2000200001B922208052610240F9200441B9FB
:102D30000000022A200401B9610240F9201041B9C3
:102D400000001F32201001B92378FF976000003582
:102D5000E0230191C6FEFF97E0230191FFFEFF975C
:102D6000E023019158FFFF97E05B40F9C00200F9B2
:102D7000401240F9C00600F9BAFFFF17200041B920
:102D8000C2DF9F52C2FFBF720000020A200001B9D9
:102D900022208012610240F9200441B90000020A99
:102DA000200401B9EDFFFF1701228052E00313AAAE
:102DB0001EFEFF97001C45D3E04700B9C875FF977A
:102DC000012042B9BF3F03D5E04740B921000E12B0
:102DD0000201805200781D120140412AE00313AA2B
:102DE000E14700B916FEFF9701158052E00313AAD0
:102DF0000EFEFF97E103002A021C8052E00313AA93
:102E00000FFEFF97E00313AA0FFFFF971F0000F1CB
:102E1000F40300AA0000A8D29412809A400A40F954
:102E2000E523019144820091030080D20200805288
:102E3000010080D2CBA8FF97F503002AE0F1FF3410
:102E4000200000F0B500801200E42791CA8AFF97A5
:102E500084FFFF17FD7BBCA9FD030091F35301A97B
:102E6000F40301AAE2E30091F55B02A9F50300AACD
:102E7000010040F9C00C805277BEFF97F303002A8F
:102E800080010035E01F40F9010040F9363440F977
:102E9000800200F9C20240F9620100B4E10315AA00
:102EA000E00314AA40003FD680010034F303002A57
:102EB000F55B42A9E003132AF35341A9FD7BC4A8A3
:102EC000C0035FD6A00A40B91F040071010100547D
:102ED000A00E40B9800600F9C10640F9A1FEFFB47A
:102EE000E00314AA20003FD6F1FFFF17B3028012BF
:102EF000F0FFFF17FD7BB9A9E403012A030080520C
:102F0000FD030091F30B00F9F30302AAE58300919E
:102F1000210000F0220000F0210C2C9142D82B91CE
:102F200075BFFF977F0200F980000035E10313AA07
:102F3000E0830091C8FFFF97F30B40F9FD7BC7A822
:102F4000C0035FD6010040F9210040F9213440F967
:102F5000210840F9610000B4F00301AA00021FD665
:102F600000008052C0035FD6010040F9210040F903
:102F7000213440F9210C40F9610000B4F00301AAAA
:102F800000021FD600008052C0035FD6FD7BBEA9A1
:102F9000FD030091F35301A9F40300AA130080D2AA
:102FA000800A40B91F00136B680000540000805273
:102FB00006000014800240F90014138B7306009180
:102FC000EAFFFF97E0FEFF36F35341A9FD7BC2A85D
:102FD000C0035FD6010040F9210040F9213440F9D7
:102FE000211040F9610000B4F00301AA00021FD6CD
:102FF00000008052C0035FD6FD7BBEA9FD03009197
:10300000F35301A9F40300AA130080D2800A40B947
:103010001F00136B6800005400008052060000146B
:10302000800240F90014138B73060091EAFFFF97AA
:10303000E0FEFF36F35341A9FD7BC2A8C0035FD673
:10304000FD7BBDA9FD030091F35301A9F403012AFF
:10305000F30300AAF51300F915008052BF02146BA8
:103060006B000054000080520C000014600240F914
:10307000800000B5B506001173820091F8FFFF17BC
:10308000E00313AAB9FFFF9780000035E00313AAFD
:10309000ADFFFF9700FFFF34F35341A9F51340F94B
:1030A000FD7BC3A8C0035FD6FD7BBCA90300805293
:1030B000220000D0FD030091F35301A942D82B91C7
:1030C000F40301AAF55B02A9F71B00F9F70300AAB4
:1030D0003F0800B9210000D0210C2C9120BFFF97A0
:1030E000F303002A1F0000712D020054007C7B9323
:1030F0000100905201A9FF97800200F9400300B43B
:10310000150080D2820240F9E103152AE00317AAD4
:103110004214158B78FFFF976001F836F303002AFD
:10312000810A40B9800240F9C6FFFF97F55B42A9CA
:10313000E003132AF35341A9F71B40F9FD7BC4A810
:10314000C0035FD6800A40B9B506009100040011A3
:10315000800A00B97F02156B6CFDFF54130080528A
:10316000F3FFFF1773018012F1FFFF17004840F9CA
:10317000CEFFFF17FD7BBEA9000280D2FD030091A8
:10318000F35301A9F40301AA01009052DBA8FF97B1
:10319000600100B4F30300AAE10300AAE00314AA4B
:1031A000C2FFFF9740000034137C4093E00313AA52
:1031B000F35341A9FD7BC2A8C0035FD6730180927F
:1031C000FBFFFF17FD7BBFA9FD030091EAFFFF97FF
:1031D0001F0440B149000054000080D2FD7BC1A80B
:1031E000C0035FD6014840F9F7FFFF17FD7BBEA97A
:1031F000FD030091F30B00F9F30300AA000040F96E
:1032000095B9FF97630640F901048052020040F926
:10321000200080D2610CC11A0020C31A21741E53F1
:10322000217C4093446861B80000042A406821B8BA
:1032300000008052F30B40F9FD7BC2A8C0035FD6AB
:10324000FD7BBFA9FD03009183B9FF970000805269
:10325000FD7BC1A8C0035FD6FD7BBDA9FD03009126
:10326000F35301A9F30300AAF51300F9000040F994
:1032700079B9FF97620640F901048052040040F9D1
:1032800043100012410CC11A220080D24220C39A7E
:10329000F503022A21741E53217C4093856861B88E
:1032A000A200220A826821B8130040F9000080D2EF
:1032B0007302018BA3A9FF97F40300AA600240B92F
:1032C000BF3F03D5BF02006A20010054E00314AAE7
:1032D0009CA9FF971FD007F148010054200080D21D
:1032E000E1A9FF97168DFF97F5FFFF1700008052A9
:1032F000F35341A9F51340F9FD7BC3A8C0035FD682
:10330000A00D8012FBFFFF17FD7BBDA9FD030091FF
:10331000F35301A9F30300AAF51300F94EB9FF977F
:10332000F40300AAE00313AAEDB9FF97F50300AA7E
:10333000604A40F902028052210000D021282C91DD
:1033400008BEFF97A042208B800200F90000805247
:10335000F35341A9F51340F9FD7BC3A8C0035FD621
:10336000FD7BBEA9220000B0210000B0FD0300914A
:10337000034840F9E4630091429C0991217C099142
:1033800048BAFF9700008052FD7BC2A8C0035FD6F9
:10339000FD7BBFA9FD0300912FB9FF97000040F905
:1033A000010040B9BF3F03D581000036BF3F03D5C0
:1033B000C10E8052010C00B900008052FD7BC1A8F3
:1033C000C0035FD6FD7BBDA9FD030091F35301A9A6
:1033D000F40300AA20B9FF97F30300AAE00314AA9C
:1033E000ECFFFF97BF3F03D5600240F9210000D0FA
:1033F000E2B30091210C2C911F0000B9804A40F9E2
:10340000E9BDFF97600100B473420091E00313AA85
:10341000DFFEFF97E02F00B960000035E00313AA3C
:10342000F6FEFF97F35341A9FD7BC3A8C0035FD607
:1034300000008052FCFFFF17FD7BBBA9FD0300913C
:10344000F35301A9F40300AA03B9FF97F30300AAF9
:10345000E00314AAA5B9FF97600200F9A00000B527
:10346000A0028012F35341A9FD7BC5A8C0035FD61B
:10347000E2A30091E00314AA01008052ADB3FF97CC
:10348000E02700B900FFFF35E0A300910AB4FF97E1
:10349000E02700B980FEFF35E0A30091BFB3FF979E
:1034A000017D80D20008C19A600A00B9A0FDFF34F6
:1034B000804A40F9210000D0E2930091210C2C9128
:1034C000B9BDFF97800000B5E00314AABEFFFF97C7
:1034D000E5FFFF1773420091E00314AAE10313AA6A
:1034E00023FFFF97E02700B9E0FBFF35E00313AAB5
:1034F000C2FEFF97E02700B980FEFF34DAFFFF1716
:10350000FD7BBDA9FD030091F35301A9F40300AABB
:10351000F51300F9F50301AACFB8FF97F30300AA4A
:10352000E00314AAA8FFFF9701048052620A40B981
:10353000600240F9427C151B420400714310C05ADE
:10354000E20180522100034B21109F1A214000719B
:1035500021509F1A3F3C007121D0821A2110010B8B
:10356000BF3F03D5010400B9600240F9BF3F03D556
:1035700021008052010000B9E00314AAF35341A9CD
:10358000F51340F9FD7BC3A882FFFF17FD7BBCA9A3
:1035900042018052210000D0FD030091F35301A9A4
:1035A000F30300AA21182D91F55B02A9F71B00F97E
:1035B000004840F96BBDFF97F603002A604A40F9C6
:1035C00002F48152210000D021482D9165BDFF9762
:1035D00081008052150CC11A210000D0604A40F9C8
:1035E000217C2D91B57E4093FCBDFF97C002003732
:1035F000604A40F9210000D03700805221C82D9147
:10360000F6BDFF97E00313AA96B8FF97F40300AA4C
:1036100017840039000080D2930200F9960A00B99D
:10362000950A00F9C7A8FF97800E00F900008052A4
:10363000F35341A9F55B42A9F71B40F9FD7BC4A8F0
:10364000C0035FD617008052EFFFFF17FD7BBBA9B9
:10365000FD030091F35301A9F55B02A9F76303A9E8
:10366000030040F9633440F9630040F9030600B4F5
:10367000F40300AAF60301AA60003FD6F503002A6E
:10368000A0040035E00314AA76B8FF97F30300AA5C
:10369000020280D2E00301910100805244A8FF970A
:1036A00078A200916082403960000036E00318AAD9
:1036B000F38BFF97620A40F9177D80D2830640F9A9
:1036C000E00318AA427C179B010000902140209142
:1036D000FD8BFF97630A40F9010280D2E00301915C
:1036E000220000D0420C2E9121ADFF972000805285
:1036F00060820039C40AD79A220000B0810640F9DE
:10370000200000D0E303019142503191003C2E9102
:1037100068ADFF97F35341A9E003152AF55B42A971
:10372000F76343A9FD7BC5A8C0035FD6B50480122B
:10373000F9FFFF17FD7BBCA940118052FD030091EA
:10374000E1E30091F35301A9F51300F9B2BAFF9731
:1037500080010035E01F40F9340000D094122F9111
:10376000157D8052130840F9736201D1E11F40F9C1
:1037700062620191214000915F0001EBC1000054A1
:10378000F35341A900008052F51340F9FD7BC4A812
:10379000C0035FD6E00313AAECB7FF970001003522
:1037A000E00313AA2FB8FF9701844039E1000037E6
:1037B000610640F9E00314AA3EADFF97732E40F96D
:1037C000736201D1EAFFFF17010840B9020080D2FD
:1037D000E00313AA217C151B9DFFFF9700FFFF3418
:1037E000610640F9200000D000702F91F3FFFF1711
:1037F000010040F9213440F9210840F9610000B48A
:10380000F00301AA00021FD6A0048012C0035FD6F5
:1038100001A000D100805DF8028840B98200003626
:103820002180403941000036F2FFFF17C0035FD608
:10383000040000F084F00F91030080D20268633826
:10384000620000343F0003EB41000054C0035FD628
:10385000457C4093856865386500003642800011DC
:10386000421C00120268233863040091F4FFFF1722
:10387000E403002AE006A0D0001C41F9E00000B5F6
:1038800000008012C0035FD600008012F35341A9EC
:10389000FD7BC2A8C0035FD6FD7BBEA9E30302AADD
:1038A000FD030091F35301A9F403012AF303012A54
:1038B000E106A0D0E20314AA21EC40F92140248BB8
:1038C000B5B0FF979F0200EB01FEFF54E003132AFF
:1038D000EFFFFF17FD7BBDA9FD030091F35301A985
:1038E000F51300F93F04007129010054F40300AA04
:1038F000000840B91F800071600300541F40007130
:10390000800800543FBC3F7129010054200000D0C2
:1039100000003091E7ACFF9700008052F35341A9BB
:10392000F51340F9FD7BC3A8C0035FD61F300071BB
:1039300041FFFF548032407915741E533508D51A63
:10394000007C151B3308004B10000014800240F966
:10395000005873B8F2FFFF17800240F900587378DF
:10396000EFFFFF17E05F1C323F00006B02FDFF54CA
:1039700080324079C2008052007C021B007C02131E
:103980003508C01AB386001B802240B91F00156B92
:10399000C0010054C1008052820E40B9A07E011BBC
:1039A0000300010B4400004B7F00026B832240792F
:1039B000820240F98180811A6000000BADFFFF9701
:1039C000C0FAFF37952200B9800A40B91F40007144
:1039D00040FCFF541F800071A0FBFF541F3000719A
:1039E000C1F9FF546106130B820240F9217C015397
:1039F0002004001141686138406860382020000BC5
:103A000053000036007C0453002C0012C4FFFF1743
:103A1000E0FD9F523F00006BA8F7FF5480324079D1
:103A20001504000B3508D51A007C151B0004000B8B
:103A30003300004BD5FFFF17FD7BBBA9FD030091B1
:103A4000F35301A9F40303AAF55B02A9F50300AA45
:103A5000F60302AAF76303A9F92300F981030034EE
:103A600017344079001C40B9F702011BA432407999
:103A7000DF1640F26005005484FC0091F3030091CE
:103A800084E47A928438019184347C92FF6324CB5D
:103A9000F8FF009118E77A92A03240791F0014EBEA
:103AA000A90100547F020091B40500B500008052C6
:103AB000BF030091F35341A9F55B42A9F76343A902
:103AC000F92340F9FD7BC5A8C0035FD6171440B9A0
:103AD000E7FFFF17F9060011E20318AAE003172A0F
:103AE0002100805263FFFF971F0400718000005483
:103AF0007F02009100008012EEFFFF17A232407992
:103B0000E00316AAE10318AAF703192A42A7FF97B0
:103B1000A0324079D602008B940200CBDFFFFF1762
:103B20009F0014EB28FCFF54930AC49AE20316AAE0
:103B3000E003172AE103132A4EFFFF971F00136BC0
:103B4000A1FDFF54A1324079F702000B207C001B3D
:103B5000D602008B940200CBD4FFFF17A03240792D
:103B6000F30300912100805200FC009100E47A925E
:103B70000038019100347C92FF6320CBE003172AC8
:103B8000F5FF0091B5E67A92E20315AA39FFFF9797
:103B90001F040071E1FAFF54E20314AAE10315AA1D
:103BA000E00316AA1CA7FF977F020091C0FFFF1732
:103BB000FD7BBCA9FD030091F35301A9F30300AA07
:103BC000E006A0D0F55B02A9001C41F9F71B00F943
:103BD000000100B514008012F55B42A9E003142A2D
:103BE000F35341A9F71B40F9FD7BC4A8C0035FD67E
:103BF000F60301AAF70302AA011040F9000880D2D7
:103C000021FC009121E47A920E8AFF97F50300AA25
:103C100020FEFFB4E20300AA21008052000080527F
:103C200014FFFF97A000F83614008012E00315AAD5
:103C3000B687FF97E9FFFF17E10315AAE00313AA70
:103C4000020880D2F4A6FF97651E4079602E4039A5
:103C500074324039642E40791420142A65FEFF34F2
:103C60006242403922FEFF3460564039011E8052C4
:103C70001FDC03710490417A81FDFF5480020851DA
:103C8000003C00121F00387108FDFF54E303142AA2
:103C9000600400D11F0003EA81FCFF546036403904
:103CA0006636403920FCFFB4010400D13F0000EA31
:103CB000C1FBFF5464000035602640B960FBFF344F
:103CC00061464039947E0553604A4039940600515C
:103CD0002020002A9402006A81FAFF544401003532
:103CE000612640B901010034A10201910004805213
:103CF000E00200B9420380D2E00316AAC6A6FF97ED
:103D0000CBFFFF17003C7BD34214041B6192009150
:103D10000008C39A635240394200000B604E40399C
:103D20000320032A43000035632240B96300024B9D
:103D300080018052020280526308C61A7FD43F710C
:103D40000030821AEBFFFF17FD7BB7A922200091FC
:103D5000FD030091F35301A9F40300AAF30301AAA0
:103D6000E0430191E1C30091F51300F991FFFF9742
:103D700000050035660A40B9F503002AE006A0D028
:103D800000600791DF80007121010054E17740B9A4
:103D9000610E00B9E17340B9612E00B941010035EF
:103DA000010440F9612E00B907000014E1CF407909
:103DB000610E00B9E13340F9219C58D3612E00B95E
:103DC000A1FEFF34E1BF4079E3834139620E40B97F
:103DD000633200B961220079E47741396304021B40
:103DE000631600B9E52F40F964360079A29C58D3D8
:103DF00062320079E10302AA020840F93F0002EBB7
:103E000040010054200000D000683091A9ABFF971A
:103E1000B5008012F35341A9E003152AF51340F9C8
:103E2000FD7BC9A8C0035FD6A4000035200000D0E8
:103E3000001431919FABFF97F6FFFF17807C011BA9
:103E40001F404071E9000054E103002A2200A05203
:103E5000200000D0007C319196ABFF97EDFFFF175B
:103E600084781F53DF80007121030054E07F40B944
:103E70006300044B631E00B9602A00B90000801281
:103E8000602200B9C00080527F4A0039217C001BAB
:103E9000000880D221FC001121347A926989FF97B1
:103EA000600200F960FBFFB4930200F9602A40B998
:103EB00080020129602A40B9807E0229200080D238
:103EC000800E00F99F1200F9D3FFFF17E23340F98B
:103ED00000008052425C48D342E87BD34208C19A3A
:103EE000622600B94200044B4200030B621E00B977
:103EF000E2FFFF17FD7BBDA9FD030091F35301A96C
:103F0000F51300F9F506A0D0021040F942FC00912B
:103F100042E47A9242000191FF6322CBA01E01F994
:103F2000F3FF0091020C80D273E67A92E006A0D0F3
:103F30000060079138A6FF97E20313AA2100805280
:103F4000000080524BFEFF971F04007120010054B7
:103F5000BF1E01F914008012BF030091E003142A70
:103F6000F35341A9F51340F9FD7BC3A8C0035FD605
:103F700060FA0791420080D2210000D021243291C2
:103F800058A6FF97F403002A40FEFF352100009059
:103F900060DA009121103B91620080D251A6FF9718
:103FA000C0FDFF3421000090604A019121203B9127
:103FB000A20080D24BA6FF9700FDFF34E5FFFF175C
:103FC000FD7BB8A9E206A0D0FD0300915F1C01F9BA
:103FD000E2830091F35301A9F30300AAF403012A39
:103FE00038ACFF974002003454010034620640B9F7
:103FF000E103142A200000D0003032912DABFF974E
:1040000000008012F35341A9FD7BC8A8C0035FD60E
:10401000600E40F9FF0302A9601240F9E01B00F9AD
:10402000FFE30039FF630139FF7B00B9E1830091B1
:10403000E00313AAB0FFFF97F3FFFF17FD7BBDA9B5
:10404000FD030091F35301A9F30300AAF55B02A954
:10405000001440B9E0000034150080D2F35341A9A8
:10406000E00315AAF55B42A9FD7BC3A8C0035FD698
:10407000630240F9F60301AA621240B9601A40B91E
:1040800074344079827E021BA0040034600840B979
:104090001F80007140040054601440B9632440B98B
:1040A0004000000B6200024B9F02026B9492821A46
:1040B00075020691E103142AE20315AAEDFDFF97AC
:1040C000C0FCFF37600240F900304079007C141BCF
:1040D000C00200B9601A40B9611240B9610E00B95E
:1040E00040020034620240F9400840B91F8000716C
:1040F000C001005421040011611200B9403440791C
:10410000007C011B412440B91F00016B83FAFF545E
:1041100020008052601600B9D1FFFF17601C40B923
:104120004000000BE3FFFF17600240F9EAFDFF9734
:10413000601200B91F040071C9FEFF54610240F90A
:10414000210840B93F800071C00000543F40007119
:1041500002FE815201FE9F522100821AEBFFFF17DF
:10416000E15F1C32E9FFFF17FD7BBDA9FD03009154
:10417000F30B00F9F30300AA011C40B9410200351A
:10418000E1B30091AEFFFF97800000B57F1200F908
:10419000000080D209000014E12F40B9217C0553B2
:1041A00021040051611E00B9601200F9601240F94B
:1041B00001004039E1FEFF34F30B40F9FD7BC3A859
:1041C000C0035FD6001040F921040051611E00B900
:1041D00000800091F5FFFF17FD7BBAA9FD03009158
:1041E000F35301A9F30300AAF55B02A9F76303A93E
:1041F000F92300F91FA400F9E00313AADBFFFF97DE
:10420000F40300AA200100B5000080527F1A00F9D3
:10421000F35341A9F55B42A9F76343A9F92340F998
:10422000FD7BC6A8C0035FD6601E40B9610E40B9D1
:1042300060060529601240F9601A00F982024039CF
:104240005F940371A0FDFF54812E4039810418361C
:10425000210C00123F3C007101FDFF54E2FC373697
:1042600015004039F40300AA19344039F64301918E
:10427000B57A191277E20091020080D2B50600519A
:10428000BF060031A1080054800240391F94037119
:104290000418457A20FBFF5462C2228B010080D2B1
:1042A000000080525FE00039020019534004402AA8
:1042B000826A6138210400914000200B001C00122A
:1042C0003F2C00F121FFFF543F03006B61F9FF54C5
:1042D00054F9FFB460E2009160A600F976E204911F
:1042E000E10314AAF50316AAE00316AA020180D27C
:1042F00049A5FF977F020539A1024039E01B805292
:104300003F00006A810A005480324039800018362C
:10431000A102164BE00316AA46FDFF978122403901
:10432000E01B80523F00006A60020054F70315AAA8
:10433000C005805281220091620080D2E0160038D0
:10434000E00317AA34A5FF97803240398000203659
:10435000E00317AA610080D236FDFF97BF12003933
:10436000F50317AAA1024039E01B80523F00006A02
:1043700061070054BF02003960E244391F940371A1
:10438000210700547FE2043960A640F9600700B4B9
:10439000200080529FFFFF1783060091000080D20B
:1043A00001F87FD36168613801683638E102003472
:1043B000000400911F1400F141FFFF54813A009165
:1043C000856A009124004039E303002AC46A20383A
:1043D000C40100342108009104040091BF0001EBE6
:1043E000610300540004001181724039C1CA2038B1
:1043F000C100003460080011817A4039C1CA2038F8
:1044000041000034600C00115800000B1FFF0371C5
:104410004CEFFF54147C4093E10317AAE0C2208BB9
:1044200018A5FF97E20314AAE10316AAE00317AA4E
:10443000F9A4FF97E00313AA4CFFFF97F40300AA27
:10444000C0EDFFB4027F40938DFFFF17E00304AA85
:10445000DDFFFF17B5060091A8FFFF17B506009115
:10446000C1FFFF171F14007101F9FF5440038012B0
:1044700060E20439C5FFFF1776A600F9C5FFFF17F4
:10448000FD7BBBA9FD030091F35301A9F30300AA2F
:10449000F55B02A9F50301AAF76303A9F703022A52
:1044A000F96B04A91AE00491990B8052F40315AA40
:1044B00080024039800000341FBC00710410597A1A
:1044C00080010054E00314AA86A4FF97000500B5FC
:1044D0005701083720008012F35341A9F55B42A928
:1044E000F76343A9F96B44A9FD7BC5A8C0035FD658
:1044F00094060091EFFFFF1700008052F7FFFF17AF
:10450000B5060091A0024039800000341FBC007144
:104510000410597A61FFFF54601A40B90005003455
:10452000A20214CB5F0400F161020054210000B02C
:1045300021C03291E00314AA53A4FF970004003570
:10454000600240F9012840B961860129002840B97C
:10455000600A00B97F1600B97F1E00B97F1200F90A
:10456000A002403940FAFF35DAFFFF17F50314AA1D
:10457000E5FFFF175F0800F121020054210000B0A1
:1045800021BC3291ECFFFF17010080522C00001477
:10459000402840B960820129402840B9600A00B92A
:1045A000200080522B000014A002403940F9FF3552
:1045B00057FA073760028012C8FFFF17B80214CB02
:1045C000E00313AA05FFFF9760F8FF3460A640F9E7
:1045D00044A4FF971F0300EB61A640F90023809AD3
:1045E000167C4092E00314AAE20316AAF7A3FF97F1
:1045F0002001003460A640F91F001AEB20FEFF5492
:10460000E20316AAE1031AAAE00314AAEFA3FF9794
:1046100080FDFF35611240F9202C403960FC2736BF
:10462000620240F920344079430840B97F8000712C
:10463000C1FAFF5421284079213C10530000010B9E
:10464000600A00B960FAFF346082012900008052DC
:104650007F8202297F1E00B97F1200F994FFFF17A5
:10466000FD7BB5A9FD030091F76303A9F80301AA37
:10467000013080D2F70302AA2100A0F2F35301A96E
:10468000F30300AA000880D2F55B02A9F96B04A924
:10469000FA0303AAF90304AAFB7305A96987FF9724
:1046A000A01800B4FC0300AAE1E30191A7FDFF9765
:1046B000F603002AE0050035E10313AAE0031CAA73
:1046C000220080526FFFFF97F603002AE0040035B6
:1046D000811340F9E28340B9F527417920284079D8
:1046E0005F800071341C40B933344079003C105372
:1046F0003F0300F9E123417900009F1AFF0214EB08
:104700004A0300545F0300F18D000054FA021A8B33
:104710009F021AEB94D29A9AB57E011B7302000B8A
:104720001BFE9F52B57E4093FA0315AAFF021AEBB7
:104730004A0300545A0315CB94021ACBF7021AEB22
:10474000800A0054BF0214EB000880D2BAD2949AB7
:1047500041FF009121E47A923A87FF97FB0300AA78
:10476000800400B516008012E03F40F9E784FF970F
:10477000E0031CAAE584FF97F35341A9E003162A3E
:10478000F55B42A9F76343A9F96B44A9FB7345A9FB
:10479000FD7BCBA8C0035FD6E103132AE0E30191C0
:1047A0004DFCFF97F303002A1F04007102FE8152A3
:1047B000A8000054200000B000C832913DA9FF9726
:1047C000E9FFFF17E08340B91F800071E00000544B
:1047D0001F4000716003821A7F02006BC2FEFF540B
:1047E0005A03158BD2FFFF17E05F1C32FBFFFF1748
:1047F000E20300AAE3031AAAE103132AE0E301910A
:104800008EFCFF97E0000034200000B000143391CC
:1048100028A9FF97E0031BAABC84FF97D2FFFF17CC
:1048200094021ACB5A0317CBE2031AAA6103178B1F
:10483000E00318AAF8A3FF97E0031BAAB384FF972D
:10484000200340F900001A8B200300F9F4F8FFB4AC
:10485000E103132AE0E3019118031A8B1EFCFF9772
:10486000F303002A1F04007169FAFF54E08340B982
:104870001F800071C00200541F40007101FE815270
:1048800000FE9F520000811A7F02006B42F9FF5424
:10489000FB0315AAF703132A1AFE81527F0314EBB8
:1048A000AB010054837E4093E20318AAE103132A6C
:1048B000E0E3019161FCFF97A0020035200340F97D
:1048C0000000148B200300F9A8FFFF17E05F1C32E3
:1048D000EEFFFF17E103172AE0E30191FEFBFF97CC
:1048E00001040051FF02016B80010054637F40937B
:1048F000E20318AAE103132AE0E30191E33700F988
:104900004EFCFF97E33740F960020034200000B00E
:1049100000143391AAFFFF171F040071C9F4FF545C
:10492000E18340B93F800071200100543F40007195
:1049300001FE9F5221009A1A1F00016BC2F3FF541F
:104940007B03158BF703002AD5FFFF17E15F1C32AD
:10495000FAFFFF17200340F9E103172A94021BCB4B
:1049600018031B8B0000038B200300F9E0E3019187
:10497000D9FBFF97F303002A1F040071C9F1FF540C
:10498000E08340B91F800071200100541F40007176
:1049900000FE9F5200009A1A7F02006BC2F0FF5483
:1049A000FB0315AAE003132AE7FFFF17E05F1C32A1
:1049B000FAFFFF177601801270FFFF17000000005A
:1049C0009499E2FF000000000000000000000000D9
:1049D000A599E2FF000000000000000000000000B8
:1049E000BA99E2FF00000000000000000000000093
:1049F000CC99E2FF00000000000000000000000071
:104A0000E299E2FF0000000000000000000000004A
:104A10000000000000000000000000000000000096
:104A20000CC1E1FF00000000ECC0E1FF000000004D
:104A300034F2E0FF0000000020F3E0FF000000007F
:104A4000B4F2E0FF000000000000000000000000E1
:104A50000000000000000000C994E2FF0000000018
:104A60009C59E2FF00000000D794E2FF0000000024
:104A70000000000000000000CC93E2FF00000000F6
:104A80000000000000000000000000000000000026
:104A90000000000000000000000000000000000016
:104AA00094FEE1FF00000000F401E2FF00000000BE
:104AB00000000000000000000000000000000000F6
:104AC00000000000000000000000000000000000E6
:104AD00000000000000000000000000000000000D6
:104AE00000000000000000000000000000000000C6
:104AF000984AE2FF00000000F0FFE1FF0000000024
:104B000040FEE1FF00000000000000000000000087
:104B10000000000000000000000000000000000095
:104B20003081E2FF000000000000000000000000F3
:104B30000000000000000000000000000000000075
:104B40000000000000000000000000000000000065
:104B50000000000000000000CC08E1FF00000000A1
:104B60000000000000000000000000000000000045
:104B70000000000000000000000000000000000035
:104B8000FC80E2FF000000000000000000000000C8
:104B90000000000000000000000000000000000015
:104BA0000000000000000000000000000000000005
:104BB00000000000000000003008E1FF00000000DD
:104BC00000000000000000000000000000000000E5
:104BD0002008E1FF000000002008E1FF00000000C5
:104BE00000000000000000000000000000000000C5
:104BF00000000000000000002808E1FF00000000A5
:104C000000000000000000000000000000000000A4
:104C10000000000000000000000000000000000094
:104C20008890E2FF00000000704CE2FF00000000EE
:104C3000A190E2FF00000000B84CE2FF000000007D
:104C4000C490E2FF00000000004DE2FF0000000001
:104C50000000000000000000000000000000000054
:104C600048CEE1FF0000000070CEE1FF0000000030
:104C70000000000001000000020000000000000031
:104C8000884CE2FF00000000A04CE2FF00000000A2
:104C9000010000000000000064DCE1FF00000000F3
:104CA0000002000000000000A459E2FF0000000024
:104CB00002000000000000000000000003000000EF
:104CC0000800000000000000D04CE2FF00000000DF
:104CD000E84CE2FF000000000100000000000000BE
:104CE00064DCE1FF000000000004000000000000A0
:104CF000AC59E2FF000000000300000000000000CB
:104D00000105000003000000080000000000000092
:104D1000184DE2FF00000000304DE2FF00000000EF
:104D2000010000000000000064DCE1FF0000000062
:104D30000004000000000000B859E2FF000000007D
:104D400002000000000000003A9BE2FF00000000AB
:104D50000000000000000000000000000000000053
:104D600000000000000000000035E2FF000000002D
:104D7000C433E2FF000000009033E2FF00000000B7
:104D800000000000000000005020D1FF00000000E3
:104D900001000000140000000800000000000000F6
:104DA0005420D1FF000000000200000014000000A9
:104DB00008000000000000005820D1FF00000000A3
:104DC00003000000140000000800000000000000C4
:104DD0005C20D1FF00000000040000000000000083
:104DE00010000000000000002C20D1FF0000000097
:104DF000050000001000000010000000000000008E
:104E00003820D1FF00000000060000001000000064
:104E100010000000000000003C20D1FF0000000056
:104E2000070000001000000010000000000000005B
:104E30007420D1FF00000000080000000000000006
:104E400010000000000000007820D1FF00000000EA
:104E50000900000000000000100000000000000039
:104E60000000000000000000000000000000000042
:104E7000A456E1FF000000002458E1FF00000000FC
:104E80000000000000000000000000000000000022
:104E90000000000000000000000000000000000012
:104EA0000000000000000000000000000000000002
:104EB0000000000000000000B896E2FF00000000C3
:104EC000401AE2FF00000000C896E2FF0000000068
:104ED000401AE2FF00000000DE96E2FF0000000042
:104EE000401AE2FF00000000F496E2FF000000001C
:104EF000401AE2FF000000000A97E2FF00000000F5
:104F0000401AE2FF000000002097E2FF00000000CE
:104F1000401AE2FF000000003597E2FF00000000A9
:104F20009C1AE2FF000000004897E2FF000000002A
:104F3000401AE2FF000000005997E2FF0000000065
:104F4000401AE2FF000000007297E2FF000000003C
:104F5000901AE2FF000000008297E2FF00000000CC
:104F60009C1AE2FF000000009297E2FF00000000A0
:104F7000401AE2FF00000000A697E2FF00000000D8
:104F8000401AE2FF00000000B797E2FF00000000B7
:104F9000401AE2FF00000000C797E2FF0000000097
:104FA000401AE2FF00000000D897E2FF0000000076
:104FB000401AE2FF00000000E897E2FF0000000056
:104FC000401AE2FF000000000000000000000000A6
:104FD0000000000000000000EC1BE2FF00000000E9
:104FE00000000000000000006420E2FF000000005C
:104FF00000000000000000000000000000000000B1
:1050000000000000000000000000000000000000A0
:105010000000000000000000000000000000000090
:1050200000000000000000000423E2FF0000000078
:10503000D84FE2FF00000000301CE2FF000000003B
:10504000081CE2FF0000000000000000000000005B
:105050000000000000000000000000000000000050
:10506000B17FE2FF000000007D77E2FF000000005A
:105070006F77E2FF000000006377E2FF00000000AE
:1050800000000000000000008F7CE2FF0000000034
:10509000A07CE2FF00000000AF7CE2FF0000000007
:1050A000BF7CE2FF00000000D17CE2FF00000000B6
:1050B000E17CE2FF00000000F47CE2FF0000000061
:1050C000057DE2FF00000000177DE2FF0000000008
:1050D000287DE2FF000000003B7DE2FF00000000B1
:1050E000507DE2FF00000000627DE2FF0000000052
:1050F000737DE2FF00000000857DE2FF00000000FC
:10510000967DE2FF00000000A97DE2FF00000000A4
:10511000BC7DE2FF000000008081E2FF0000000093
:1051200000000000000000008B81E2FF0000000092
:10513000000000000000000000000000000000006F
:1051400000000000000000008CC1E1FF0000000032
:1051500068C1E1FF000000000680E2FF00000000DF
:10516000000000000000000000000000000000003F
:10517000000000000000000000000000000000002F
:1051800094C2E1FF000000000000000000000000E9
:1051900054C5E1FF000000008C38E1FF0000000072
:1051A00000000000000000000000000000000000FF
:1051B000FC4DE1FF000000000000000000000000C6
:1051C000C424E2FF000000004780E2FF000000006E
:1051D00000000000000000000000000000000000CF
:1051E0000000000000000000FF91E2FF000000004E
:1051F00000000000000000000792E2FF0000000035
:1052000000000000000000001092E2FF000000001B
:1052100001000000000000002492E2FF00000000F6
:1052200000000000000000003892E2FF00000000D3
:1052300000000000000000004992E2FF00000000B2
:10524000000000000000000000000000000000005E
:105250000000000000000000F8F5E1FF0000000081
:1052600030F4E1FF00000000D4F4E1FF0000000092
:1052700000000000000000006CF4E1FF00000000EE
:10528000000000000000000000000000000000001E
:1052900034F5E1FF00000000C0F2E1FF0000000073
:1052A00000000000000000000000000000000000FE
:1052B00020A1070000000000000000000000000026
:1052C00000C2EB0B00000000204E0000801A060018
:1052D00050C30000A8610000A0860100204E00001D
:1052E000204E0000A0860100204E0000204E00004D
:1052F00050C300000000000070110100204E0000AB
:10530000409C000040420F001027000040420F0068
:10531000A0860100409C00003075000000000000E5
:10532000400D0300400D03000000000050C30000CA
:10533000409C000000000000004429353A000000B5
:10534000400D0300A086010030750000C0D40100AC
:1053500050C30000A0860100000000000000000013
:10536000000000000000000020A107000000000075
:10537000000000000000000000C2EB0B0000000075
:1053800010270000801A0600A86100001027000006
:10539000C8AF0000204E00001027000050C30000DE
:1053A0001027000010270000A8610000983A0000B4
:1053B000B888000010270000204E000040420F0077
:1053C0000000000040420F0050C300003075000094
:1053D000983A0000983A0000A0860100A0860100DB
:1053E00000000000A8610000204E00000000000046
:1053F0000065CD1D00000000A0860100C8AF0000C0
:10540000983A000080380100A8610000A0860100E1
:10541000000000000000000000000000000000008C
:1054200020A10700000000000000000000000000B4
:1054300000C2EB0B0000000010270000801A0600DD
:10544000983A00001027000030750000204E000040
:105450001027000050C30000102700001027000094
:10546000983A0000983A0000A861000088130000F4
:10547000983A000040420F000000000040420F0038
:10548000B8880000A8610000983A0000983A00002F
:10549000A0860100A0860100000000006842000014
:1054A000204E0000000000000065CD1D000000003F
:1054B000A0860100B8880000983A000080380100FA
:1054C00068420000A086010000000000000000000B
:1054D000000000000000000020A107000000000004
:1054E000000000000000000000C2EB0B0000000004
:1054F00088130000801A0600102700001027000003
:10550000A8610000204E00008813000050C3000076
:10551000881300001027000010270000983A0000B0
:10552000A8610000881300001027000040420F000F
:105530000000000040420F0030750000204E0000C7
:1055400010270000983A0000A0860100A086010004
:1055500000000000983A0000204E0000000000000B
:105560000065CD1D00000000A08601003075000020
:105570001027000080380100983A0000A086010042
:10558000000000000000000000000000000000001B
:1055900020A1070000000000000000000000000043
:1055A00000C2EB0B0000000088130000801A060008
:1055B0001027000010270000A8610000204E000006
:1055C00088130000307500008813000010270000C9
:1055D00010270000983A0000204E000088130000B9
:1055E0001027000040420F000000000040420F0062
:1055F000A8610000204E000010270000983A00002B
:10560000A0860100A086010088130000E02E0000A3
:10561000204E0000000000000065CD1D00000000CD
:10562000A0860100A861000010270000803801005A
:10563000E02E0000A0860100000000000000000035
:10564000000000000000000020A107000000000092
:10565000000000000000000000C2EB0B0000000092
:1056600088130000801A0600102700001027000091
:10567000A8610000204E0000881300003075000073
:10568000881300001027000010270000983A00003F
:10569000983A000088130000581B000040420F0099
:1056A0000000000040420F00204E0000803E00003D
:1056B000581B0000983A0000A0860100A086010057
:1056C0008813000010270000204E0000000000009A
:1056D0000065CD1D00000000A0860100204E0000E6
:1056E000581B00008038010010270000A086010030
:1056F000DCC5E1FF00000000A0C5E1FF00000000E4
:105700002967E2FF00000000000000000000000028
:105710000000000000000000000000000000000089
:105720002282E2FF000000000000000000000000F4
:105730000000000000000000000000000000000069
:105740001E84E2FF000000000000000000000000D6
:105750000000000000000000000000000000000049
:105760000F67E2FF000000000000000000000000E2
:105770000000000000000000000000000000000029
:105780000000000000000000000000000000000019
:105790000000000000000000EC31E2FF000000000B
:1057A0005832E2FF0000000000000000000000008E
:1057B0000D82E2FF00000000000000000000000079
:1057C00000000000000000000000000000000000D9
:1057D0002B91E2FF0000000000000000000000002C
:1057E00000000000000000000000000000000000B9
:1057F000CCE7E1FF0000000084E7E1FF00000000CB
:10580000B4E8E1FF00000000A0E8E1FF00000000B4
:1058100058C7E1FF0000000038C7E1FF00000000AA
:1058200000000000000000004670E2FF00000000E1
:105830008C74E2FF0000000019000000000000006E
:105840009774E2FF00000000AC74E2FF000000006B
:105850000500000000000000C174E2FF000000002D
:10586000C774E2FF0000000002000000000000001A
:10587000CD74E2FF00000000D474E2FF00000000DD
:105880001600000000000000DB74E2FF00000000D2
:10589000DF74E2FF000000001700000000000000BD
:1058A000E874E2FF00000000EE74E2FF0000000078
:1058B0001200000000000000F574E2FF000000008C
:1058C000FB74E2FF000000001A000000000000006E
:1058D000D972E2FF000000000175E2FF0000000045
:1058E00011000000000000008D6EE2FF00000000CB
:1058F0001F75E2FF000000000E0000000000000025
:105900002675E2FF000000002E75E2FF0000000097
:1059100010000000000000003675E2FF00000000EB
:105920003A75E2FF000000001B00000000000000CC
:105930003E75E2FF000000004675E2FF0000000037
:105940001C000000000000005575E2FF0000000090
:105950005975E2FF000000001D000000000000007B
:105960006675E2FF000000006A75E2FF00000000BB
:10597000FFFFFFFF00000000548CE2FF000000006A
:10598000548CE2FF00000000EFBEADDEEFBEADDEE6
:10599000EFBEADDEEFBEADDEEFBEADDE000000005F
:1059A00001000000080000000F00000008000000D7
:1059B00010000000180000000800000010000000A7
:1059C00088000000000000008C0000009000000033
:1059D000940000000000000098000000000000009B
:1059E000880000008C00000090000000940000007F
:1059F000980000009C000000A0000000A40000002F
:105A0000000000400100000006000000000000202F
:105A10000100000005000000000000400000000040
:105A20000200000000000020000000000100000053
:105A3000000000100000000000000000102700001F
:105A4000A086010040420F008096980000000000F0
:105A500000000000000000000000000040787D0110
:105A600080BA8C0180F0FA020075190300751903E1
:105A700040787D0180F0FA0200E1F50580F0FA023D
:105A800000D4650C00C2EB0B00C2EB0B00C2EB0BA9
:105A9000270000008000000080000000B30000002C
:105AA0000100000001000000E6000000010000000D
:105AB00001000000030000004A0000007F00000019
:105AC000070000004A0000007F0000000400000002
:105AD00000000060030000000000007001000000F2
:105AE0000000007000000000000000700000044092
:105AF000000104400002044000030440000404408C
:105B00000104044000050440000005400001054078
:105B10000200000000000030000000000000003023
:105B200000007F000F00780022007F007F007F00D0
:105B30007F007F003700370037007F007F007C0048
:105B40007F007F002A007F007800780020BB1500CE
:105B50000000030000000100200000010000000020
:105B60004100000020BA1600000003000000010000
:105B700040000001000000004000000020BB1600B3
:105B800000000300000001004000000100000000D0
:105B90004000000020BA17000000030000000100D0
:105BA00080000001000000004100000020BB170041
:105BB0000000030000000100800000010000000060
:105BC0004100000020BB180000000300000001009D
:105BD00000010001000000004100000020BA180090
:105BE00000000300000001000001000100000000AF
:105BF0004100000020BA1910440006000000010016
:105C00000002000100000000E108000020BA1900B5
:105C1000000003000000010000020001000000007D
:105C2000E100000020BB1910440006000000010044
:105C30000002000100000000C108000020BB1900A4
:105C4000000003000000010000020001000000004D
:105C5000C100000020BB180000000300000001008C
:105C60000001000100000000C100000020BB201066
:105C700044000600000001000004000100000000D4
:105C8000E108000020BB200000000300000001002C
:105C90000004000100000000C100000020BA201034
:105CA00044000600000001000004000100000000A4
:105CB000C108000020BA200000000300000001001D
:105CC0000004000100000000C100000020BA210013
:105CD00000000300000001000008000100000000B7
:105CE000C110000020BB21000000030000000100E3
:105CF0000008000100000000C110000021BA2000CF
:105D00000000030000000100000800010000000086
:105D1000C110000020BB211044000600000001005B
:105D20000008000100000000C118000020BB220094
:105D3000000003000000010000100001000000004E
:105D4000C110000020BA2200000003000000010082
:105D50000010000100000000C11800002C5B1B10A7
:105D600041000600000002000004000100000000E5
:105D7000801801002C5B1C000000030000000200E2
:105D80000008000100000000801801000102154D0C
:105D900000000500000001004000000100000000BC
:105DA000600000000102164D000005000000010027
:105DB0008000000100000000600000000102194D99
:105DC00000800600000004008000000100000000C8
:105DD000604000000102194D018006000000010032
:105DE0000002000100000000604000000102204DA0
:105DF0000080060000000400000100010000000017
:105E0000604000000102174D018106000000010002
:105E10008000000100000000604000000120184DDB
:105E200001810600000001000001000100000000E7
:105E3000604000000102194D0181060000000100D0
:105E40000002000100000000604000000102204D3F
:105E500000810600000004000001000100000000B5
:105E6000604000000102204D000005000000040019
:105E70000001000100000000604000000102204D10
:105E80000100050000000100000400010000000006
:105E9000604000000102204F0000050000000400E7
:105EA0000001000100000000604000000102214DDF
:105EB00000000500000004000002000100000000D6
:105EC000600000000120180300000500000004002D
:105ED0004000000100000000000000000120180345
:105EE00001000500000001000001000100000000A9
:105EF000000000000120184D018006000000010094
:105F00000001000100000000604000000120184D69
:105F10000000050000000400400000010000000037
:105F2000604000000120184D010005000000010044
:105F300000010001000000006040000001021300A9
:105F4000000003000000010010000001000000003C
:105F50000000000001021400000003000000010026
:105F600020000001000000000000000001021500F8
:105F700000000300000001004000000100000000DC
:105F800000000000010216000000030000000100F4
:105F9000800000010000000000000000014015002A
:105FA00000000300000001002000000100000000CC
:105FB0006100000001401700000003000000010024
:105FC00080000001000000000100000001401400FA
:105FD00000000300000001001000000100000000AC
:105FE0002100000001601700000003000000010014
:105FF000800000010000000061080000016018003E
:10600000000003000000010000010001000000008A
:106010006108000001601900000003000000010099
:10602000000200010000000061080000342A1A0F7D
:1060300003900600000004000001000100000000C1
:1060400060480000342A1B0F039006000000040083
:10605000000200010000000060480000342A1C0F0C
:106060000090060000000400000400010000000091
:1060700060180000342B1A0F039006000000040083
:10608000000100010000000060480000342B1B0FDD
:106090000390060000000400000200010000000060
:1060A00060480000342B1C0F009006000000040024
:1060B000000400010000000060180000342B190FDC
:1060C000089006000000020000010001000000002E
:1060D00040080000202011000000030000800000A4
:1060E0000400000100000000000000002020120059
:1060F0000000030000000100040000010000000097
:106100000000000020201300000003000000010038
:106110000800000100000000000000002020140022
:10612000000003000000010010000001000000005A
:106130000000000020201500000003000000010006
:1061400020000001000000000000000020201600D8
:1061500000000300000001004000000100000000FA
:1061600000000000202017000000030000000100D4
:106170008000000100000000000000002020180046
:1061800000000300000004004000000100000000C7
:106190000000000020801500000003000000010046
:1061A0002000000100000000010000002071150027
:1061B00000000300000001002000000100000000BA
:1061C00061000000207117000000030000000100C2
:1061D000800000010000000000000000000000003E
:1061E00000000000000000000000000000000000AF
:1061F0000000000000002C01D0FFD0FFD0FFD0FF36
:106200003101D0FFD0FFD0FFD0FF00014901540081
:10621000D0FFD0FF3A00D0FF3201D0FFD0FF2901DC
:10622000000000000100F4FD0200F4FDF4FDF4FDA7
:106230000300000102030405060708090A0B0C0D00
:106240000E0F030201000504070608090A0B0C0DD6
:106250000E0F030B1B6664745F66697875705F6D63
:10626000656D6F72795F62616E6B730073706C5FE6
:106270006E6F64655F746F5F626F6F745F64657685
:106280006963650073706C5F7265676973746572CA
:106290005F6661745F646576696365006669745FF3
:1062A00066696E645F636F6E6669675F6E6F646573
:1062B00000736F63667067615F7365637265675FC4
:1062C00070726F626500736F63667067615F64749C
:1062D0007265675F70726F6265006E616E645F7495
:1062E00072616E736665725F6F6F620064656E6186
:1062F0006C695F64745F70726F626500626F617277
:10630000645F626F6F745F6F72646572006C6F615F
:10631000645F73696D706C655F6669740073706C3F
:106320005F6C6F61645F696D6167655F6661740072
:106330006164645F6D74645F646576696365006E53
:10634000616E645F7363616E5F7461696C006E613E
:106350006E645F66696C6C5F6F6F62006E616E6425
:106360005F6465746563740073706C5F6C6F616407
:106370005F73696D706C655F666974006664745FF5
:106380007265636F72645F6C6F616461626C6500FB
:106390006E616E645F6D6178696D697A655F656372
:1063A00063006664745F66696E645F6F725F6164E8
:1063B000645F7375626E6F6465006E616E645F6DBD
:1063C000617463685F6563635F726571006E616EBF
:1063D000645F636865636B5F6563635F636170736C
:1063E000006E616E645F77616974006E616E645FF8
:1063F00073656C6563745F636869700008080808FA
:10640000080808080828282828280808080808086C
:10641000080808080808080808080808A01010104C
:10642000101010101010101010101010040404049C
:106430000404040404041010101010101041414111
:10644000414141010101010101010101010101017C
:10645000010101010101011010101010104242420F
:10646000424242020202020202020202020202024C
:1064700002020202020202101010100800000000C6
:10648000000000000000000000000000000000000C
:10649000000000000000000000000000A01010102C
:1064A00010101010101010101010101010101010EC
:1064B0001010101010101010101010100101010118
:1064C00001010101010101010101010101010101BC
:1064D0000101011001010101010101020202020298
:1064E000020202020202020202020202020202028C
:1064F00002020210020202020202020230313233B0
:1065000034353637383941424344454630313233E9
:1065100034353637383961626364656600000A0CC9
:106520000D0F14191E23282D32373C4650005556A6
:1065300003590C0F5A5A0F0C590356550065303346
:10654000663C696A3F3F6A693C6633306566333052
:10655000653F6A693C3C696A3F653033660356555E
:10656000005A0F0C59590C0F5A00555603693C3FFD
:106570006A30656633336665306A3F3C690C595A48
:106580000F55000356560300550F5A590C0F5A5910
:106590000C56030055550003560C595A0F6A3F3CE0
:1065A000693366653030656633693C3F6A6A3F3CF3
:1065B000693366653030656633693C3F6A0F5A5906
:1065C0000C56030055550003560C595A0F0C595AD6
:1065D0000F55000356560300550F5A590C693C3F9E
:1065E0006A30656633336665306A3F3C69035655E9
:1065F000005A0F0C59590C0F5A0055560366333088
:10660000653F6A693C3C696A3F6530336665303393
:10661000663C696A3F3F6A693C663330650055569F
:1066200003590C0F5A5A0F0C59035655003021309C
:106630000906052B0E03021A050004148000000051
:10664000000000000000000000000000000000004A
:10665000000000000000000000000000000000003A
:10666000000000000000000000000000000000002A
:106670000000000000000000000000003031300D7C
:1066800006096086480165030402010500042046EE
:1066900061696C20746F2072656164204A544147BF
:1066A0002055736572636F64652E2044656661755D
:1066B0006C7420426F61726420494420746F2030F2
:1066C0000A00426F617264204944206973206E6F32
:1066D0007420696E2072616E6765203020746F20AF
:1066E0003235350A00626F6172645F25750051535F
:1066F00050493A205265666572656E636520636C29
:106700006F636B206174202564206B487A0A0061F6
:106710006C74722C7273742D6D677200616C74727C
:106720002C7379732D6D677200696E74656C2C61C2
:1067300067696C65782D636C6B6D6772004D5055A1
:106740002020202020202025313064206B487A0A28
:10675000004C34204D61696E0920202020253864CA
:10676000206B487A0A004C34207379732066726576
:106770006520253864206B487A0A004C34204D503F
:1067800020202020202020253864206B487A0A0011
:106790004C342053502020202020202025386420F5
:1067A0006B487A0A0053444D4D432020202020207E
:1067B00020253864206B487A0A005761726D2000EA
:1067C0005B66726F6D2053444D5D2000436F6C64B7
:1067D000005761746368646F67004D5055005265DF
:1067E0007365742073746174653A20257325730092
:1067F0002854726967676572656420627920257321
:10680000202564290A004669726577616C6C202630
:10681000207365637572652073657474696E677340
:1068200020696E6974206661696C65643A2025642C
:106830000A002F63686F73656E0025733A202F631B
:10684000686F73656E206E6F7420666F756E642C52
:10685000207573696E672064656661756C740A00E3
:1068600025733A206C696D697420256420746F204B
:1068700073706C5F626F6F745F6C6973742065789E
:106880006365656465640A006465766963655F7461
:106890007970650025733A20756E6B6E6F776E2088
:1068A0006465766963655F747970652025730A0095
:1068B000752D626F6F742C73706C2D626F6F742DF9
:1068C0006F726465720025733A2073706C2D626F6D
:1068D0006F742D6F7264657220696E76616C696485
:1068E0002C207573696E672064656661756C740A27
:1068F0000025733A206E6F2076616C696420656CA8
:10690000656D656E742073706C2D626F6F742D6F82
:1069100072646572206C6973740A00496E737566DF
:1069200066696369656E742052414D20666F7220FE
:1069300070616765207461626C653A203078256CFF
:1069400078203E203078256C782E20506C6561735D
:106950006520696E63726561736520746865207374
:10696000697A6520696E206765745F706167655F2D
:106970007461626C655F73697A65282900505445BB
:106980002025702028256C6C7829206973206E6F73
:1069900074206120626C6F636B2E20536F6D6520D5
:1069A00064726976657220636F64652077616E74C6
:1069B0007320746F206D6F6469667920646361630E
:1069C00068652073657474696E677320666F7220E2
:1069D000616E2072616E6765206E6F7420636F76E2
:1069E0006572656420696E206D656D5F6D61702EE6
:1069F0000050616765207461626C6520706F696E1C
:106A0000746572206E6F742073657475702E0066E5
:106A100064745F726F6F743A2025730A0053504C90
:106A20003A206664745F736872696E6B5F746F5F3F
:106A30006D696E696D756D20657272202D202564FB
:106A40000A0053504C3A20617263685F666978753A
:106A5000705F66647420657272202D2025640A00C0
:106A6000547279696E6720746F20626F6F7420664C
:106A7000726F6D2025730A0053504C3A20556E7387
:106A80007570706F7274656420426F6F7420446516
:106A900076696365210A004572726F723A20256437
:106AA0000A0053504C3A206661696C656420746F2B
:106AB00020626F6F742066726F6D20616C6C206253
:106AC0006F6F7420646576696365730A000A552DDB
:106AD000426F6F742053504C20323032352E303795
:106AE00020285365702032352032303235202D2059
:106AF00030313A31303A3331202B30303030290ABE
:106B00000063616E6E6F742066696E6420696D61EA
:106B10006765206E6F646520272573273A202564FA
:106B20000A0043616E2774206C6F61642025733AFC
:106B3000204E6F206C6F61642061646472657373B2
:106B400020616E64206E6F206275666665720A0051
:106B500025733A20536B6970206C6F616420272580
:106B600073273A20696D6167652073697A652069CA
:106B7000732030210A0043616E6E6F742067657464
:106B800020696D61676520646174612F73697A653E
:106B90000A00232320436865636B696E6720686180
:106BA00073682865732920666F7220496D61676577
:106BB000202573202E2E2E20004F4B0A0066647471
:106BC00000436F756C64206E6F7420676574204697
:106BD000495420627566666572206F6620256C7563
:106BE0002062797465730A0009636865636B2043EA
:106BF0004F4E4649475F53504C5F5359535F4D4189
:106C00004C4C4F435F53495A450A002323204368A5
:106C100065636B696E6720686173682865732920F6
:106C2000666F7220636F6E666967202573202E2E53
:106C30002E20002F696D61676573006C6F61646160
:106C4000626C65730025733A2063616E2774206C53
:106C50006F616420696D616765206C6F616461625A
:106C60006C657320696E64657820256420287265E0
:106C700074203D202564290A006F730061726368E7
:106C8000004E414E440073706C3A20756E737570FF
:106C9000706F72746564206D6D6320626F6F742015
:106CA0006465766963652E0A0073706C3A20636FC1
:106CB000756C64206E6F7420696E697469616C69AB
:106CC0007A65206D6D632E206572726F723A202591
:106CD000640A0073706C3A20636F756C64206E6F89
:106CE000742066696E64206D6D63206465766963E7
:106CF000652025642E206572726F723A2025640A21
:106D00000073706C3A206D6D6320696E6974206643
:106D100061696C65642077697468206572726F724E
:106D20003A2025640A0073706C3A206D6D63207000
:106D30006172746974696F6E207377697463682017
:106D40006661696C65640A006D6D635F6C6F616498
:106D50005F696D6167655F7261775F736563746FAB
:106D6000723A206D6D6320626C6F636B2072656197
:106D700064206572726F720A0073706C3A206D6DD8
:106D8000633A2077726F6E6720626F6F74206D6F49
:106D900064650A00752D626F6F742E697462004D10
:106DA0004D43325F32004D4D4332004D4D43310073
:106DB0002F6669742D696D616765730025733A20CC
:106DC000666174207265676973746572206572729A
:106DD000202D2025640A0025733A206572726F7297
:106DE0002072656164696E6720696D616765202541
:106DF000732C20657272202D2025640A005350499F
:106E00002070726F6265206661696C65642E0A008D
:106E1000752D626F6F742C73706C2D7061796C6F4F
:106E200061642D6F6666736574005350490052416A
:106E30004D0061726368697465637475726500639F
:106E40006F6D7072657373696F6E006F70657261DC
:106E500074696E672073797374656D00696D61671D
:106E600065207479706500627A69703200677A69AA
:106E700070006C7A6D61006C7A6F006C7A34007A05
:106E8000737464006E6F6E6500616E7900752D62BB
:106E90006F6F7400552D426F6F7420706861736559
:106EA0000053504C20506861736500756E636F6DC0
:106EB0007072657373656400627A69703220636F03
:106EC0006D7072657373656400677A697020636FB3
:106ED0006D70726573736564006C7A6D6120636FA9
:106EE0006D70726573736564006C7A6F20636F6D8B
:106EF00070726573736564006C7A3420636F6D70B3
:106F0000726573736564007A73746420636F6D7067
:106F100072657373656400616973696D61676500AB
:106F2000446176696E63692041495320696D6167E8
:106F3000650066696C6573797374656D0046696C8C
:106F40006573797374656D20496D61676500666C62
:106F500061745F647400466C617420446576696393
:106F6000652054726565006770696D6167650054DE
:106F700049204B657973746F6E652053504C2049DE
:106F80006D616765006B65726E656C004B65726E56
:106F9000656C20496D616765006B65726E656C5F3D
:106FA0006E6F6C6F6164004B65726E656C20496D2D
:106FB00061676520286E6F206C6F6164696E672061
:106FC000646F6E6529006B7762696D616765004B60
:106FD00069726B776F6F6420426F6F7420496D61C7
:106FE000676500696D78696D616765004672656502
:106FF0007363616C6520692E4D5820426F6F742059
:10700000496D61676500696D7838696D6167650014
:107010004E585020692E4D583820426F6F742049C9
:107020006D61676500696D78386D696D61676500D0
:107030004E585020692E4D58384D20426F6F7420A5
:10704000496D61676500696E76616C696400496EBF
:1070500076616C696420496D616765006D756C745B
:1070600069004D756C74692D46696C6520496D61C8
:107070006765006F6D6170696D61676500544920D7
:107080004F4D41502053504C205769746820475051
:107090002043480070626C696D61676500467265E7
:1070A000657363616C652050424C20426F6F7420A1
:1070B000496D6167650072616D6469736B0052416F
:1070C0004D4469736B20496D616765007363726934
:1070D00070740053637269707400736F63667067D5
:1070E00061696D61676500416C7465726120536F01
:1070F00043465047412043562F4156207072656CDD
:107100006F6164657200736F6366706761696D615A
:1071100067655F763100416C7465726120536F431F
:107120004650474120413130207072656C6F616478
:107130006572007374616E64616C6F6E6500537488
:10714000616E64616C6F6E652050726F6772616D05
:107150000075626C696D61676500446176696E6394
:10716000692055424C20696D616765006D787369CF
:107170006D61676500467265657363616C65204D7E
:10718000585320426F6F7420496D616765006174C8
:107190006D656C696D6167650041544D454C2052C9
:1071A0004F4D2D426F6F7420496D616765007838CF
:1071B000365F736574757000783836207365747542
:1071C000702E62696E006C706333327878696D611D
:1071D0006765004C50433332585820426F6F74201B
:1071E000496D61676500726B696D61676500526F1B
:1071F000636B6368697020426F6F7420496D6167CB
:107200006500726B736400526F636B636869702012
:10721000534420426F6F7420496D61676500726B43
:1072200073706900526F636B6368697020535049D3
:1072300020426F6F7420496D6167650076796272D4
:107240006964696D6167650056796272696420429C
:107250006F6F7420496D616765007A796E71696D31
:107260006167650058696C696E78205A796E712083
:10727000426F6F7420496D616765007A796E716D38
:1072800070696D6167650058696C696E78205A791C
:107290006E714D5020426F6F7420496D61676500BB
:1072A0007A796E716D706269660058696C696E7882
:1072B000205A796E714D5020426F6F7420496D6174
:1072C000676520286269662900667067610046501C
:1072D000474120496D6167650074656500547275AA
:1072E0007374656420457865637574696F6E2045B5
:1072F0006E7669726F6E6D656E7420496D6167653B
:10730000006669726D776172655F697674004669BF
:10731000726D7761726520776974682048414276A2
:10732000342049565400706D6D6300544920506FED
:10733000776572204D616E6167656D656E74204D75
:107340006963726F2D436F6E74726F6C6C6572201F
:107350004669726D776172650073746D3332696D61
:107360006167650053544D6963726F656C65637442
:10737000726F6E6963732053544D333220496D61CF
:107380006765006D746B5F696D616765004D65646D
:10739000696154656B20426F6F74524F4D206C6F62
:1073A000616461626C6520496D61676500636F703F
:1073B000726F00436F70726F636573736F722049F1
:1073C0006D6167650073756E78695F65676F6E00E4
:1073D000416C6C77696E6E65722065474F4E204236
:1073E0006F6F7420496D6167650073756E78695FB2
:1073F000746F633000416C6C77696E6E65722054F7
:107400004F433020426F6F7420496D61676500669D
:1074100064745F6C6567616379006C65676163794B
:1074200020496D616765207769746820466C6174D6
:107430002044657669636520547265652000737029
:107440006B67696D6167650052656E657361732076
:1074500053504B4720496D61676500736673706CCC
:107460000053746172466976652053504C20496D13
:10747000616765007466612D626C3331005446416A
:1074800020424C333120496D61676500496E766159
:107490006C6964204F530061726D2D747275737442
:1074A00065642D6669726D776172650041524D2089
:1074B00054727573746564204669726D7761726584
:1074C000006C696E7578004C696E7578006E657435
:1074D000627364004E6574425344006F73650045E7
:1074E0006E6561204F534500706C616E3900506CC1
:1074F000616E2039007274656D73005254454D53AE
:107500000054727573746564204578656375746999
:107510006F6E20456E7669726F6E6D656E74005584
:107520002D426F6F74007678776F726B73005678A8
:10753000576F726B7300716E7800514E58006F7008
:10754000656E73626900524953432D56204F706532
:107550006E53424900656669004546492046697296
:107560006D7761726500656C6600454C4620496D1B
:1075700061676500496E76616C69642041524348D9
:1075800000616C70686100416C7068610061726DCF
:107590000041524D00496E74656C207838360069A0
:1075A0006136340049413634006D36386B004D3653
:1075B000384B006D6963726F626C617A65004D696A
:1075C00063726F426C617A65006D697073004D493A
:1075D0005053006D6970733634004D495053203656
:1075E0003420426974006E696F7332004E494F5304
:1075F00020494900706F776572706300506F77653E
:107600007250430070706300733339300049424D4B
:1076100020533339300053757065724800737061C0
:107620007263005350415243007370617263363489
:107630000053504152432036342042697400626C3A
:1076400061636B66696E00426C61636B66696E00B4
:107650006176723332004156523332006E647333B6
:1076600032004E44533332006F72316B004F7065FD
:107670006E5249534320313030300073616E646282
:107680006F780053616E64626F780061726D36349A
:10769000004141726368363400414D4420783836E9
:1076A0005F3634007874656E7361005874656E736C
:1076B0006100726973637600524953432D56002569
:1076C000733A2025733A2025730A0025733A206EF9
:1076D000756D2062616E6B7320256420657863652B
:1076E0006564732068617264636F646564206C69AB
:1076F0006D69742025642E205265636F6D70696C0E
:1077000065207769746820686967686572204D45EF
:107710004D4F52595F42414E4B535F4D41583F0AC6
:10772000005741524E494E473A20636F756C6420B2
:107730006E6F74207365742025732025732E0A00E4
:10774000656E74727900556E737570706F727465C2
:107750006420257320616464726573732073697A91
:10776000650A00646174612D6F66667365740064F8
:107770006174612D706F736974696F6E00646174F8
:10778000612D73697A6500556E61626C6520746F56
:1077900020766572696679207265717569726564B3
:1077A000207369676E61747572650043616E27743A
:1077B00020676574206861736820616C676F207052
:1077C000726F70657274790075626F6F742D69677E
:1077D0006E6F7265002D736B697070656420004375
:1077E000616E277420676574206861736820766114
:1077F0006C75652070726F706572747900556E7368
:107800007570706F72746564206861736820616C54
:10781000676F726974686D004261642068617368A3
:107820002076616C7565206C656E0042616420682D
:107830006173682076616C7565002B20002D200037
:10784000436F72727570746564206F722074727504
:107850006E63617465642074726565002065727280
:107860006F72210A257320666F72202725732720E7
:1078700068617368206E6F646520696E20272573C8
:107880002720696D616765206E6F64650A00736803
:1078900061310073686132353600706B63732D316E
:1078A0002E3500546F74616C2073697A6520746F93
:1078B0006F206C617267650070616464696E670057
:1078C0006B65792D6E616D652D68696E7400257329
:1078D0003A257300556E6B6E6F776E207369676E15
:1078E000617475726520616C676F726974686D0090
:1078F0006861736865642D6E6F6465730043616EC3
:10790000277420676574206861736865642D6E6FE5
:107910006465732070726F7065727479006861734A
:107920006865642D6E6F6465732070726F70657228
:107930007479206D757374206265206E756C6C2D82
:107940007465726D696E61746564004E756D626513
:1079500072206F6620686173686564206E6F64656D
:10796000732065786365656473206D6178696D75F2
:107970006D002F636F6E66696775726174696F6EF3
:10798000730053656C656374656420636F6E66692C
:1079900067206E6F7420696E20686173686564206B
:1079A0006E6F646573004661696C656420746F2056
:1079B0006861736820636F6E666967757261746968
:1079C0006F6E004E6F206461746120746F20686177
:1079D000736800546F6F206D616E79206861736801
:1079E00020726567696F6E73006861736865642DE6
:1079F000737472696E677300566572696669636154
:107A000074696F6E206661696C6564004E6F6465B1
:107A1000206E616D6520636F6E7461696E732040C6
:107A2000007265717569726564004661696C6564B0
:107A300020746F2076657269667920726571756948
:107A4000726564207369676E61747572652027259D
:107A500073270A00436F6E66696775726174696F98
:107A60006E206E6F6465202725732720636F6E7408
:107A700061696E73202740270A007265717569720B
:107A800065642D6D6F646500636F6E66004E6F20D8
:107A9000277369676E617475726527207375626EEE
:107AA0006F646520666F756E6400206572726F7218
:107AB000210A257320666F722027257327206861AD
:107AC0007368206E6F646520696E202725732720F8
:107AD000636F6E666967206E6F64650A0046616950
:107AE0006C656420746F2076657269667920276101
:107AF0006E7927206F6620746865207265717569DC
:107B0000726564207369676E617475726528732984
:107B10000A0064656661756C7400646573637269FC
:107B20007074696F6E0025733A204D697373696EC6
:107B30006720464454206465736372697074696F8A
:107B40006E20696E204454420A00616C6C6F6320A1
:107B5000737061636520657868617573746564200E
:107B600070747220256C78206C696D69742025789A
:107B70000A006379636C69632066756E6374696F6C
:107B80006E20257320746F6F6B20746F6F206C6F85
:107B90006E673A20256C6C647573207673202564BB
:107BA0007573206D61780A006372633332007273FB
:107BB000612C6E756D2D62697473007273612C6E29
:107BC000302D696E7665727365007273612C65780D
:107BD000706F6E656E74007273612C6D6F64756C7E
:107BE0007573007273612C722D73717561726564A7
:107BF000005253413A2043616E27742066696E64D7
:107C0000204D6F64756C61722045787020696D70CD
:107C10006C656D656E746174696F6E0A006B657971
:107C20002D257300727361343039360072736133FD
:107C30003037320072736132303438006C696E75DF
:107C4000782C7068616E646C65002F616C6961737B
:107C5000657300636F6D70617469626C65003C767A
:107C6000616C6964206F66667365742F6C656E67FE
:107C700074683E003C6E6F206572726F723E003C0D
:107C8000756E6B6E6F776E206572726F723E004616
:107C900044545F4552525F4E4F54464F554E440038
:107CA0004644545F4552525F455849535453004629
:107CB00044545F4552525F4E4F5350414345004636
:107CC00044545F4552525F4241444F4646534554E7
:107CD000004644545F4552525F424144504154482B
:107CE000004644545F4552525F4241445048414E21
:107CF000444C45004644545F4552525F4241445310
:107D000054415445004644545F4552525F545255C5
:107D10004E4341544544004644545F4552525F42ED
:107D200041444D41474943004644545F4552525FE8
:107D300042414456455253494F4E004644545F45D4
:107D400052525F4241445354525543545552450098
:107D50004644545F4552525F4241444C41594F554D
:107D600054004644545F4552525F494E5445524E6A
:107D7000414C004644545F4552525F4241444E4399
:107D8000454C4C53004644545F4552525F42414477
:107D900056414C5545004644545F4552525F42415E
:107DA000444F5645524C4159004644545F45525247
:107DB0005F4E4F5048414E444C4553004644545F3B
:107DC0004552525F424144464C414753002361644F
:107DD00064726573732D63656C6C73002373697AC9
:107DE000652D63656C6C73004D697373696E6720F4
:107DF0004454420A00737461747573006F6B617947
:107E0000002F6D656D6F7279002F726573657276E4
:107E100065642D6D656D6F72790072616E67657353
:107E20000025734025782C2578002573402578009F
:107E30006E6F2D6D6170006D617463682D6D61737F
:107E40006B006D617463682D76616C75650061759A
:107E5000746F2D73697A6500232323204552524F96
:107E6000522023232320506C6561736520524553B3
:107E700045542074686520626F6172642023232357
:107E80000A00253032580025303278003C4E554CDF
:107E90004C3E0057686F6C65204469736B006864E2
:107EA0000075736264006D6D6373640078780025FB
:107EB000732563256400626C6B5F70617274697412
:107EC000696F6E00464154004641543332002A2AFD
:107ED000204E657374656420444F53207061727442
:107EE0006974696F6E732064657465637465642C6E
:107EF0002073746F7070696E67202A2A0A002A2A1C
:107F00002043616E27742072656164207061727411
:107F10006974696F6E207461626C65206F6E2025D4
:107F2000643A256C75202A2A0A00626164204D4259
:107F30005220736563746F72207369676E61747524
:107F4000726520307825303278253032780A004446
:107F50004F530025733A25640025732E2573007353
:107F600063736900757362007361746100686F7395
:107F700074006E766D65006E766D7869700065666A
:107F8000696C6F616465720076697274696F007004
:107F900076626C6F636B00626C6B6D617000726B0C
:107FA0006D746400756269007072656665746368FB
:107FB0002D646174610070726566657463682D6913
:107FC0006E7374720061726D2C7368617265642DDA
:107FD0006F766572726964650061726D2C74616799
:107FE0002D6C6174656E63790061726D2C646174CF
:107FF000612D6C6174656E637900706C3331305F34
:1080000063616368650061726D2C706C3331302D73
:108010006361636865004343553A20446972656350
:10802000746F727920696E697469616C697A6174C0
:10803000696F6E206661696C6564210A006E636F0A
:1080400072655F63637500617274657269732C6E2B
:10805000636F72652D6363750023636C6F636B2DB3
:1080600063656C6C7300636C6F636B2D6E616D6523
:10807000730043616E6E6F7420656E61626C652083
:10808000706172656E742025730A0061737369678D
:108090006E65642D636C6F636B2D706172656E74B9
:1080A000730061737369676E65642D636C6F636BD6
:1080B000730061737369676E65642D636C6F636BC6
:1080C0002D726174657300636C6B00636C6F636B1E
:1080D0002D6672657175656E637900666978656491
:1080E0005F726174655F7261775F636C6F636B0071
:1080F00066697865645F636C6F636B006669786559
:10810000642D636C6F636B00636C6F636B2D6469CC
:108110007600636C6F636B2D6D756C7400666978A7
:1081200065645F666163746F725F636C6F636B003D
:1081300066697865642D666163746F722D636C6F18
:10814000636B00636C6B2D6167696C6578002F63EE
:108150006C6F636B73002F6669726D776172650077
:10816000726F6F7400726F6F745F6472697665729C
:10817000006E6F700073696D706C655F627573007F
:1081800073696D706C652D6275730073696D706CC9
:10819000652D6D6664007265672D6E616D65730097
:1081A0002F636F6E666967006D69736300696E7433
:1081B000656C2C6F66667365742D73657474696E77
:1081C00067730025733A204F766572666C6F77206F
:1081D0006173206F6666736574203078256C6C78E7
:1081E000206F72207265670020777269746520695C
:1081F00073206D6F7265207468616E20626C6F63AE
:108200006B2073697A6520307825780A00696E746E
:10821000656C2C736F63667067612D73656372653F
:108220006700696E74656C2C736F63667067612D8F
:108230006474726567004D61696C626F783A2049B9
:10824000737375696E67206D61696C626F78206306
:108250006D64205245424F4F545F4850530A00739B
:108260006F63667067615F737973726573657400BD
:108270004D4D433A20626C6F636B206E756D626585
:1082800072203078256C782065786365656473208A
:108290006D6178283078256C78290A006D6D63202F
:1082A0006661696C20746F2073656E642073746FEF
:1082B0007020636D640A0043617264206469642005
:1082C0006E6F7420726573706F6E6420746F2076A9
:1082D0006F6C746167652073656C65637421203A07
:1082E0002025640A004D4D433A206E6F2063617271
:1082F000642070726573656E740A00756E61626CDD
:108300006520746F2073656C6563742061206D6FE8
:1083100064650A004E6F206578745F63736420663D
:108320006F756E64210A0053656C65637420485351
:10833000343030206661696C65642025640A00531E
:10834000656C656374204853343030455320666152
:10835000696C65642025640A00756E61626C652035
:10836000746F2073656C6563742061206D6F646544
:108370003A2025640A004D616E202530367820535E
:108380006E722025303478253034780025632563DB
:1083900025632563256325630025642E2564004D30
:1083A0004D4320446576696365202564206E6F74B3
:1083B00020666F756E640A006D6D635F626C6B00A2
:1083C00044574D4D433A2043616E277420676574CE
:1083D000204649464F2064657074680A00647276CE
:1083E00073656C00736D706C73656C006669666FA5
:1083F0002D6D6F64650044574D4D433A204D4D43FC
:1084000020636C6F636B206973207A65726F210043
:10841000736F63667067615F64776D6D6300616C35
:1084200074722C736F63667067612D64772D6D7342
:1084300068630052656D6F76696E67204D54442005
:1084400064657669636520232564202825732920C7
:10845000776974682075736520636F756E74202565
:10846000640A002F647269766572732F6D74642FCD
:108470006D7464636F72652E6300425547206174AA
:108480002025733A25642F25732829210A00425597
:1084900047210025733A20756E6C6F636B2066610F
:1084A000696C65642C20777269746573206D6179DD
:1084B000206E6F7420776F726B0A004572726F7254
:1084C000207768656E2064656C6574696E672070DE
:1084D0006172746974696F6E2022257322202825C9
:1084E00064290A004D5444006E616E642564005492
:1084F0006F73686962610053616D73756E670046E2
:10850000756A69747375004E6174696F6E616C0091
:1085100052656E65736173005354204D6963726FC9
:108520000048796E6978004D6963726F6E00414D45
:10853000442F5370616E73696F6E004D6163726F8B
:108540006E697800456F6E0053616E4469736B000D
:10855000496E74656C0041544F00556E6B6E6F77B9
:108560006E00544335384E5647305333452031471B
:1085700020332E335620382D626974005443353829
:108580004E56473253304620344720332E33562040
:10859000382D62697400544335384E564732533093
:1085A0004820344720332E335620382D626974001A
:1085B000544335384E5647335330462038472033DE
:1085C0002E335620382D62697400544335384E5688
:1085D000473544322033324720332E335620382D4E
:1085E00062697400544335384E564736443220365B
:1085F000344720332E335620382D6269740053449B
:10860000544E5147414D412036344720332E335686
:1086100020382D626974005344544E5247414D41F5
:108620002036344720332E335620382D62697400AB
:108630004832375542473854324254522D42432033
:1086400033324720332E335620382D626974004868
:1086500032375543473854324154522D4243203625
:10866000344720332E335620382D62697400483247
:10867000375143473854324535522D424346203610
:10868000344720332E335620382D626974004E4112
:108690004E4420344D694220355620382D6269748D
:1086A000004E414E4420344D694220332C33562035
:1086B000382D626974004E414E4420384D69422085
:1086C000332C335620382D626974004E414E4420BD
:1086D00031364D694220312C385620382D6269746C
:1086E000004E414E442031364D694220332C3356E2
:1086F00020382D626974004E414E442031364D6958
:108700004220312C38562031362D626974004E419A
:108710004E442031364D694220332C3356203136B9
:108720002D626974004E414E442033324D6942201F
:10873000312C385620382D626974004E414E442049
:1087400033324D694220332C335620382D62697400
:10875000004E414E442033324D694220312C385670
:108760002031362D626974004E414E442033324D23
:10877000694220332C33562031362D626974004E05
:10878000414E442036344D694220312C3856203831
:108790002D626974004E414E442036344D694220AA
:1087A000332C335620382D626974004E414E4420DC
:1087B00036344D694220312C38562031362D6269CD
:1087C00074004E414E442036344D694220332C33E0
:1087D000562031362D626974004E414E44203132AC
:1087E000384D694220312C385620382D626974008A
:1087F0004E414E44203132384D694220332C33569D
:1088000020382D626974004E414E44203132384D7B
:10881000694220312C38562031362D626974004E61
:10882000414E44203132384D694220332C3356209A
:1088300031362D626974004E414E44203235364D3A
:10884000694220332C335620382D626974004E4122
:108850004E44203235364D694220312C385620386E
:108860002D626974004E414E44203235364D6942C6
:1088700020312C38562031362D626974004E414E1D
:1088800044203235364D694220332C335620313660
:108890002D626974004E414E44203531324D69429B
:1088A00020312C385620382D626974004E414E44D8
:1088B000203531324D694220332C335620382D6219
:1088C0006974004E414E44203531324D69422031A9
:1088D0002C38562031362D626974004E414E4420AA
:1088E0003531324D694220332C33562031362D62DA
:1088F0006974004E414E44203147694220312C3882
:108900005620382D626974004E414E44203147692B
:108910004220332C335620382D626974004E414E6C
:1089200044203147694220312C38562031362D629F
:108930006974004E414E44203147694220332C3344
:10894000562031362D626974004E414E4420324724
:10895000694220312C385620382D626974004E410E
:108960004E44203247694220332C335620382D6242
:108970006974004E414E44203247694220312C3800
:10898000562031362D626974004E414E44203247E4
:10899000694220332C33562031362D626974004EE3
:1089A000414E44203447694220312C385620382D1E
:1089B000626974004E414E44203447694220332C92
:1089C000335620382D626974004E414E442034479E
:1089D000694220312C38562031362D626974004EA0
:1089E000414E44203447694220332C3356203136DF
:1089F0002D626974004E414E44203847694220314F
:108A00002C385620382D626974004E414E4420386F
:108A100047694220332C335620382D626974004E4A
:108A2000414E44203847694220312C385620313697
:108A30002D626974004E414E44203847694220330C
:108A40002C33562031362D626974004E414E44203D
:108A5000313647694220312C385620382D626974EE
:108A6000004E414E4420313647694220332C335664
:108A700020382D626974004E414E442031364769DA
:108A80004220312C38562031362D626974004E4117
:108A90004E4420313647694220332C33562031363C
:108AA0002D626974004E414E4420333247694220A2
:108AB000312C385620382D626974004E414E4420C6
:108AC000333247694220332C335620382D62697483
:108AD000004E414E4420333247694220312C3856F3
:108AE0002031362D626974004E414E4420333247A6
:108AF000694220332C33562031362D626974004E82
:108B0000414E4420363447694220312C38562038B3
:108B10002D626974004E414E44203634476942202C
:108B2000332C335620382D626974004E414E442058
:108B3000363447694220312C38562031362D62694F
:108B400074004E414E4420363447694220332C3362
:108B5000562031362D62697400417474656D7074ED
:108B600020746F2072656164206E6F6E2070616783
:108B7000652D616C69676E656420646174610A00CB
:108B8000417474656D707420746F20726561642027
:108B90006F7574736964652074686520666C6173B1
:108BA0006820617265610A0053697A65206F6620EA
:108BB00072656164206578636565647320706172B5
:108BC000746974696F6E206F72206465766963657D
:108BD000206C696D69740A004E414E4420726561D3
:108BE000642066726F6D206F666673657420256CF5
:108BF0006C78206661696C65642025640A00536B9B
:108C0000697070696E672062616420626C6F636B6B
:108C10002030782530386C6C780A002F64726976C1
:108C20006572732F6D74642F6E616E642F7261773D
:108C30002F6E616E645F626173652E6300574152EF
:108C40004E494E472061742025733A25642F2573C1
:108C50002829210A004661696C656420746F2063CD
:108C60006F6E666967757265206461746120696EF4
:108C70007465726661636520746F2053445220747A
:108C8000696D696E67206D6F646520300A004F4E14
:108C900046490045505053004A4544454300436F00
:108CA000756C64206E6F742066696E642076616CEA
:108CB0006964204A4544454320706172616D657462
:108CC000657220706167653B2061626F7274696EC6
:108CD000670A00436F756C64206E6F742066696E5E
:108CE000642076616C6964204F4E46492070617241
:108CF000616D6574657220706167653B2061626FAC
:108D00007274696E670A006E616E642D6275732DF0
:108D10007769647468006E616E642D69732D626F8B
:108D20006F742D6D656469756D006E616E642D6F75
:108D30006E2D666C6173682D626274006E616E6484
:108D40002D6563632D6D6F646500736F66740068D5
:108D5000770068775F73796E64726F6D650068770E
:108D60005F6F6F625F666972737400736F66745FC2
:108D7000626368006E616E642D6563632D616C676C
:108D80006F0068616D6D696E67006E616E642D6560
:108D900063632D737472656E677468006E616E64D0
:108DA0002D6563632D737465702D73697A65006D2D
:108DB0007573742073657420626F746820737472A5
:108DC000656E67746820616E6420737465702073CB
:108DD000697A6520696E2044540A006E616E642DC4
:108DE0006563632D6D6178696D697A6500454343FC
:108DF0002028737465702C20737472656E677468B4
:108E000029203D202825642C2025642920646F65B5
:108E100073206E6F742066697420696E204F4F4214
:108E2000004543432028737465702C207374726569
:108E30006E67746829203D202825642C202564292C
:108E4000206E6F7420737570706F72746564206F1C
:108E50006E207468697320636F6E74726F6C6C65DA
:108E60007200496E76616C696420454343207061ED
:108E70006765206163636573736F727320736574D4
:108E800075700A004D5833304C46314731384143F4
:108E9000004D5833304C46324731384143004D582D
:108EA00033304C463447313841430077726974653A
:108EB00000726561640025732025733A206661693C
:108EC0006C656420746F20706572666F726D204FE0
:108ED000545020494F3A2025690A00756465766927
:108EE0006365202A2900284E554C4C002573202507
:108EF000733A206661696C656420746F206C6561EB
:108F00007665204F5450206D6F64652061667465EE
:108F1000722025730A00496E76616C6964204F4F98
:108F2000422073697A652076616C756500436F75C0
:108F30006C64206E6F74206765742045434320691C
:108F40006E666F0025732025733A2074696D656F16
:108F50007574207768696C652077616974696E67DC
:108F600020666F722069727120307825780A00259A
:108F7000732025733A204661696C656420746F2004
:108F80007365747570204543432073657474696E0E
:108F900067732E0A0025732025733A20756E73754A
:108FA00070706F72746564206E756D626572206F8B
:108FB0006620646576696365732025640A002573FD
:108FC0002025733A204661696C656420746F2072B5
:108FD00065676973746572204D54443A2025640AAC
:108FE0000064656E616C695F726567002F64726909
:108FF000766572732F6D74642F6E616E642F72616B
:10900000772F64656E616C695F64742E63006E61B6
:109010006E645F64617461006E616E645F780065A8
:1090200063630025732025733A207265736574208D
:109030006E6F7420636F6D706C657465642E0A00CA
:109040004661696C656420746F20696E697469613A
:109050006C697A652044656E616C69204E414E44AE
:1090600020636F6E74726F6C6C65722E202865724F
:10907000726F72202564290A0064656E616C692D27
:109080006E616E642D647400616C74722C736F6316
:10909000667067612D64656E616C692D6E616E64CA
:1090A00000736F63696F6E6578742C756E69706894
:1090B0006965722D64656E616C692D6E616E642DDB
:1090C00076356100736F63696F6E6578742C756EA9
:1090D0006970686965722D64656E616C692D6E6179
:1090E0006E642D763562007370695F666C617368BB
:1090F0004025643A2564006A656465635F7370693E
:109100005F6E6F72007370695F666C6173680053A5
:10911000463A204661696C656420746F20736574FB
:1091200020757020736C6176650A006A65646563FA
:109130002C7370692D6E6F72007370692D666C618F
:1091400073680025732025733A20666C617368206C
:109150006F7065726174696F6E2074696D656420EB
:109160006F75740A00656E61626C696E6720726566
:10917000736574206861636B3B206D6179206E6F4D
:1091800074207265636F7665722066726F6D2075EC
:109190006E6578706563746564207265626F6F7464
:1091A000730A007374646F75742D70617468006362
:1091B0006F6E736F6C65004E6F2073657269616CC2
:1091C0002064726976657220666F756E64007265E0
:1091D000672D6F6666736574007265672D736869C5
:1091E0006674007265672D696F2D77696474680015
:1091F0006E7331363535305F73657269616C006E40
:10920000733136353530006E7331363535306100A7
:10921000696E67656E69632C6A7A343738302D75EC
:10922000617274006E76696469612C74656772613D
:1092300032302D7561727400736E70732C64772DEB
:109240006170622D7561727400696E74656C2C7842
:109250007363616C652D75617274002573202573CD
:109260003A2043616E6E6F7420736574207370656D
:10927000656420286572723D2564290A00257320E3
:1092800025733A2043616E6E6F7420736574206D90
:109290006F646520286572723D2564290A00737029
:1092A000692D6D61782D6672657175656E637900E3
:1092B00025732025733A20496E76616C69642063BA
:1092C0007320256420286572723D2564290A0049AF
:1092D0006E76616C69642062757320256420286550
:1092E00072723D2564290A0025732025733A2049AE
:1092F0006E76616C696420636869702073656C6563
:1093000063742025643A256420286572723D2564C3
:10931000290A007370692D63706F6C007370692D7A
:1093200063706861007370692D63732D6869676885
:10933000007370692D3377697265007370692D68E9
:10934000616C662D6475706C6578007370692D743E
:10935000782D6275732D7769647468007370692D58
:1093600072782D6275732D77696474680073706903
:109370005F67656E657269635F64727600737069BA
:109380005F67656E657269630053463A2043616C9E
:109390006962726174696F6E206661696C656420D0
:1093A0002872656164290A0053463A2043616C695A
:1093B00062726174696F6E206661696C65642028F1
:1093C0006C6F772072616E6765290A00616D642C8D
:1093D00076657273616C322D6F7370690063646EB1
:1093E000732C69732D6465636F6465642D6373000A
:1093F00063646E732C6669666F2D646570746800B3
:1094000063646E732C6669666F2D77696474680097
:1094100063646E732C747269676765722D6164642E
:10942000726573730063646E732C69732D646D6170
:10943000004572726F723A207375626E6F646520B8
:10944000776974682053504920666C6173682063A3
:109450006F6E666967206D697373696E67210A00B4
:10946000706167652D73697A6500626C6F636B2D3F
:1094700073697A650063646E732C747368736C2D02
:109480006E730063646E732C74736432642D6E7338
:109490000063646E732C74636873682D6E7300636D
:1094A000646E732C74736C63682D6E730063646EEA
:1094B000732C726561642D64656C6179006361640D
:1094C000656E63655F7370690063646E732C71739E
:1094D00070692D6E6F720074692C616D3635342D94
:1094E0006F73706900515350493A205153504920CD
:1094F0006973207374696C6C20627573792061667E
:1095000074657220706F6C6C20666F7220256C75AC
:10951000206D732E0A00515350493A20666C6173D6
:109520006820636F6D6D616E642065786563757426
:10953000696F6E2074696D656F75740A00496E6499
:1095400069726563742077726974652074696D65EA
:1095500064206F757420282569290A00496E6469A2
:1095600072656374207265616420636C656172204A
:10957000636F6D706C6574696F6E206572726F7267
:1095800020282569290A00496E6469726563742080
:109590007265616420636F6D706C6574696F6E20B5
:1095A0006572726F7220282569290A00496E646904
:1095B0007265637420777269746520636C6561728B
:1095C00020636F6D706C6574696F6E206572726F69
:1095D0007220282569290A00496E646972656374DE
:1095E00020777269746520636F6D706C6574696F44
:1095F0006E206572726F7220282569290A007370C7
:10960000692D736C6176650025732025733A2046B9
:1096100061696C656420746F2064652D6173736586
:10962000727420726573657420666F72205350499E
:1096300020286572726F72202564290A006269749D
:10964000732D7065722D776F72640069676E6F722B
:10965000696E6720696E76616C69642062697473F3
:109660002D7065722D776F72642025640A00257352
:109670002025733A204649464F206F766572666C06
:109680006F77206F6E2052780A0025732025733A79
:10969000204E6F6E206279746520616C69676E651B
:1096A0006420535049207472616E736665722E0A8D
:1096B0000064775F73706900736E70732C64772D2C
:1096C0006170622D73736900736E70732C64772DF3
:1096D0006170622D7373692D332E32306100736EA9
:1096E00070732C64772D6170622D7373692D332E26
:1096F00032326100736E70732C64772D6170622D4D
:109700007373692D332E32336100736E70732C6462
:10971000772D6170622D7373692D342E30306100A6
:10972000736E70732C64772D6170622D7373692D65
:10973000342E303100736E70732C6477632D737325
:10974000692D312E30316100616C74722C736F633E
:10975000667067612D73706900616C74722C736F31
:1097600063667067612D617272696131302D73704B
:10977000690063616E61616E2C6B3231302D7370E4
:10978000690063616E61616E2C6B3231302D7373D1
:109790006900696E74656C2C7374726174697831D8
:1097A000302D73706900696E74656C2C6167696C2B
:1097B00065782D737069006D7363632C6F63656CDE
:1097C0006F742D737069006D7363632C6A616775C4
:1097D0006172322D73706900736E70732C617873CF
:1097E0003130782D73706900736E70732C687364F8
:1097F0006B2D737069007273615F6D6F645F657864
:1098000070006D6F645F6578705F737700257320FB
:1098100025733A2043616E27742067657420726552
:109820007365743A2025640A00534452414D2069FF
:109830006E6974206661696C65642E0A0044445246
:109840003A20656D69665F636C65617228292066E0
:1098500061696C65640A004444523A206661696C2F
:10986000656420746F206765742061636B20667285
:109870006F6D20454D49460A004444523A206164C8
:109880006472657373203078256C6C78206973205E
:109890006E6F742063616368656C696E65207369BF
:1098A0007A6520616C69676E65642E0A00444452D3
:1098B0003A2073697A65203078256C6C782069735A
:1098C000206E6F74206D756C7469706C65206F66A6
:1098D0002063616368656C696E652073697A650AE7
:1098E00000534452414D2D4543433A20496E69741B
:1098F00069616C697A65642073756363657373204D
:1099000077697468202564206D730A00496E76615A
:109910006C69642073697A653A204D656D6F727960
:109920002073697A65207265717569726564207447
:109930006F206265206D756C7469706C650A006FCC
:10994000662036342D42697420776F7264210A00D4
:109950004D656D6F72792074657374696E672066EA
:1099600061696C6564210A004444523A20534452B0
:10997000414D2073697A6520636865636B20666179
:10998000696C6564210A00616C74725F7364725F54
:1099900063746C00616C74722C7364722D63746CEC
:1099A0002D73313000696E74656C2C7364722D6395
:1099B000746C2D6167696C657800696E74656C2CD8
:1099C0007364722D63746C2D6E357800696E7465E6
:1099D0006C2C7364722D63746C2D6167696C65788F
:1099E0003500696E74656C2C7364722D63746C2D14
:1099F0006167696C6578376D004444523A2046616E
:109A0000696C656420746F206465636F6465206DA4
:109A1000656D6F7279206E6F64650A004444523A36
:109A2000205761726E696E673A204452414D20732F
:109A3000697A652066726F6D20646576696365205A
:109A4000747265652028256C6C64204D6942290A72
:109A500000206D69736D6174636820776974682094
:109A600068617264776172652028256C6C64204D92
:109A70006942292E0A004444523A204572726F729C
:109A80003A204452414D2073697A652066726F6DA9
:109A9000206465766963652074726565206973204A
:109AA000677265617465720A00207468616E20686F
:109AB000617264776172652073697A652E0A004469
:109AC00044523A20256C6C64204D69420A0044449B
:109AD000523A204572726F72206173205344524192
:109AE0004D2063616C6962726174696F6E2066619A
:109AF000696C65640A002372657365742D63656C17
:109B00006C730072657365747300616C74722C6D94
:109B10006F647273742D6F666673657400736F6320
:109B2000667067612D72657365740064657369673B
:109B30006E776172655F77647400736E70732C6406
:109B4000772D7764740074696D656F75742D736516
:109B5000630068775F6D617267696E5F6D73007532
:109B60002D626F6F742C6E6F6175746F7374617298
:109B70007400752D626F6F742C6175746F737461EE
:109B8000727400657665727920256C646D73005778
:109B900044543A2020205374617274656420257304
:109BA0002077697468257320736572766963696EBE
:109BB0006720257320282564732074696D656F758F
:109BC00074290A005744543A2020204E6F742073A1
:109BD00074617274696E672025730A005744543AA1
:109BE0002020204661696C656420746F2073746165
:109BF00072742025730A007761746368646F67006C
:109C0000496E76616C69642046415420656E7472B9
:109C1000793A2025233038780A004641542073656C
:109C200063746F722073697A65206D69736D6174F6
:109C30006368202866733D25752C206465763D2574
:109C40006C75290A0046415420636C757374657203
:109C50002073697A65206E6F74207365740A0046FC
:109C6000415420636C75737465722073697A652042
:109C7000746F6F20626967202863733D25752C20FF
:109C80006D61783D2575290A0055AA0050617274EE
:109C90006974696F6E20256420696E76616C6964F1
:109CA000206F6E206465766963652025640A002E46
:109CB0002E00496E76616C69642046415420656EC1
:109CC0007472790A004572726F72207265616469FC
:109CD0006E6720636C75737465720A0003130B0C56
:109CE0003B3CBBBC6B6CEBEC0000000000000000D8
:109CF0000000000000000000000000000000000064
:109D0000089DE2FF000000000000000000000000CD
:109D100000000000000000000000008000000000C3
:109D200010030000000000000000008000000000A0
:109D30000000008000000000000000600000000043
:109D40000000000000006000000000F700000000BC
:109D5000000000F7000000000000E0080000000024
:109D600000000000000060000000E0FF00000000B4
:109D70000000E0FF000000000000100000000000F4
:109D800010030000000000000000FCFF00000000C5
:109D90000000FCFF00000000008000000000000048
:109DA0000000000000006000000000000100000052
:109DB0000000000001000000000000001F00000083
:109DC0001003000000000000000000002000000060
:109DD0000000000020000000000000000100000062
:109DE0000000000000006000000000000000000013
:109DF0000000000000000000000000000000000063
:109E00000000000000000000000000000000000052
:109E10000000000000000000000000000000000042
:109E20000000000000000000000000000000000032
:109E30000000000000000000000000000000000022
:109E40000000000000000000000000000000000012
:109E50000000000000000000000000000000000002
:109E600000000000000000000000000000000000F2
:109E700000000000000000000000000000000000E2
:109E800000000000000000000000000000000000D2
:109E90008E78E2FF00000000140000000F000000B8
:109EA0002D66E2FF000000002C75E0FF00000000BE
:109EB0009378E2FF00000000200000001300000083
:109EC0007C66E2FF000000002C75E0FF000000004F
:109ED000FFFFFFFFFFFFFFFF000002000000000088
:109EE0000000000000000000000000000000000072
:109EF000E09EE2FF00000000E09EE2FF00000000A4
:109F0000F09EE2FF00000000F09EE2FF0000000073
:109F1000009FE2FF00000000009FE2FF0000000041
:109F2000109FE2FF00000000109FE2FF0000000011
:109F3000209FE2FF00000000209FE2FF00000000E1
:109F4000309FE2FF00000000309FE2FF00000000B1
:109F5000409FE2FF00000000409FE2FF0000000081
:109F6000509FE2FF00000000509FE2FF0000000051
:109F7000609FE2FF00000000609FE2FF0000000021
:109F8000709FE2FF00000000709FE2FF00000000F1
:109F9000809FE2FF00000000809FE2FF00000000C1
:109FA000909FE2FF00000000909FE2FF0000000091
:109FB000A09FE2FF00000000A09FE2FF0000000061
:109FC000B09FE2FF00000000B09FE2FF0000000031
:109FD000C09FE2FF00000000C09FE2FF0000000001
:109FE000D09FE2FF00000000D09FE2FF00000000D1
:109FF000E09FE2FF00000000E09FE2FF00000000A1
:10A00000F09FE2FF00000000F09FE2FF0000000070
:10A0100000A0E2FF0000000000A0E2FF000000003E
:10A0200010A0E2FF0000000010A0E2FF000000000E
:10A0300020A0E2FF0000000020A0E2FF00000000DE
:10A0400030A0E2FF0000000030A0E2FF00000000AE
:10A0500040A0E2FF0000000040A0E2FF000000007E
:10A0600050A0E2FF0000000050A0E2FF000000004E
:10A0700060A0E2FF0000000060A0E2FF000000001E
:10A0800070A0E2FF0000000070A0E2FF00000000EE
:10A0900080A0E2FF0000000080A0E2FF00000000BE
:10A0A00090A0E2FF0000000090A0E2FF000000008E
:10A0B000A0A0E2FF00000000A0A0E2FF000000005E
:10A0C000B0A0E2FF00000000B0A0E2FF000000002E
:10A0D000C0A0E2FF00000000C0A0E2FF00000000FE
:10A0E000D0A0E2FF00000000D0A0E2FF00000000CE
:10A0F000E0A0E2FF00000000E0A0E2FF000000009E
:10A10000F0A0E2FF00000000F0A0E2FF000000006D
:10A1100000A1E2FF0000000000A1E2FF000000003B
:10A1200010A1E2FF0000000010A1E2FF000000000B
:10A1300020A1E2FF0000000020A1E2FF00000000DB
:10A1400030A1E2FF0000000030A1E2FF00000000AB
:10A1500040A1E2FF0000000040A1E2FF000000007B
:10A1600050A1E2FF0000000050A1E2FF000000004B
:10A1700060A1E2FF0000000060A1E2FF000000001B
:10A1800070A1E2FF0000000070A1E2FF00000000EB
:10A1900080A1E2FF0000000080A1E2FF00000000BB
:10A1A00090A1E2FF0000000090A1E2FF000000008B
:10A1B000A0A1E2FF00000000A0A1E2FF000000005B
:10A1C000B0A1E2FF00000000B0A1E2FF000000002B
:10A1D000C0A1E2FF00000000C0A1E2FF00000000FB
:10A1E000D0A1E2FF00000000D0A1E2FF00000000CB
:10A1F000E0A1E2FF00000000E0A1E2FF000000009B
:10A20000F0A1E2FF00000000F0A1E2FF000000006A
:10A2100000A2E2FF0000000000A2E2FF0000000038
:10A2200010A2E2FF0000000010A2E2FF0000000008
:10A2300020A2E2FF0000000020A2E2FF00000000D8
:10A2400030A2E2FF0000000030A2E2FF00000000A8
:10A2500040A2E2FF0000000040A2E2FF0000000078
:10A2600050A2E2FF0000000050A2E2FF0000000048
:10A2700060A2E2FF0000000060A2E2FF0000000018
:10A2800070A2E2FF0000000070A2E2FF00000000E8
:10A2900080A2E2FF0000000080A2E2FF00000000B8
:10A2A00090A2E2FF0000000090A2E2FF0000000088
:10A2B000A0A2E2FF00000000A0A2E2FF0000000058
:10A2C000B0A2E2FF00000000B0A2E2FF0000000028
:10A2D000C0A2E2FF00000000C0A2E2FF00000000F8
:10A2E000D0A2E2FF00000000D0A2E2FF00000000C8
:10A2F000E0A2E2FF00000000E0A2E2FF0000000098
:10A30000F0A2E2FF00000000F0A2E2FF0000000067
:10A3100000A3E2FF0000000000A3E2FF0000000035
:10A3200010A3E2FF0000000010A3E2FF0000000005
:10A3300020A3E2FF0000000020A3E2FF00000000D5
:10A3400030A3E2FF0000000030A3E2FF00000000A5
:10A3500040A3E2FF0000000040A3E2FF0000000075
:10A3600050A3E2FF0000000050A3E2FF0000000045
:10A3700060A3E2FF0000000060A3E2FF0000000015
:10A3800070A3E2FF0000000070A3E2FF00000000E5
:10A3900080A3E2FF0000000080A3E2FF00000000B5
:10A3A00090A3E2FF0000000090A3E2FF0000000085
:10A3B000A0A3E2FF00000000A0A3E2FF0000000055
:10A3C000B0A3E2FF00000000B0A3E2FF0000000025
:10A3D000C0A3E2FF00000000C0A3E2FF00000000F5
:10A3E000D0A3E2FF00000000D0A3E2FF00000000C5
:10A3F000E0A3E2FF00000000E0A3E2FF0000000095
:10A40000F0A3E2FF00000000F0A3E2FF0000000064
:10A4100000A4E2FF0000000000A4E2FF0000000032
:10A4200010A4E2FF0000000010A4E2FF0000000002
:10A4300020A4E2FF0000000020A4E2FF00000000D2
:10A4400030A4E2FF0000000030A4E2FF00000000A2
:10A4500040A4E2FF0000000040A4E2FF0000000072
:10A4600050A4E2FF0000000050A4E2FF0000000042
:10A4700060A4E2FF0000000060A4E2FF0000000012
:10A4800070A4E2FF0000000070A4E2FF00000000E2
:10A4900080A4E2FF0000000080A4E2FF00000000B2
:10A4A00090A4E2FF0000000090A4E2FF0000000082
:10A4B000A0A4E2FF00000000A0A4E2FF0000000052
:10A4C000B0A4E2FF00000000B0A4E2FF0000000022
:10A4D000C0A4E2FF00000000C0A4E2FF00000000F2
:10A4E000D0A4E2FF00000000D0A4E2FF00000000C2
:10A4F000E0A4E2FF00000000E0A4E2FF0000000092
:10A50000F0A4E2FF00000000F0A4E2FF0000000061
:10A5100000A5E2FF0000000000A5E2FF000000002F
:10A5200010A5E2FF0000000010A5E2FF00000000FF
:10A5300020A5E2FF0000000020A5E2FF00000000CF
:10A5400030A5E2FF0000000030A5E2FF000000009F
:10A5500040A5E2FF0000000040A5E2FF000000006F
:10A5600050A5E2FF0000000050A5E2FF000000003F
:10A5700060A5E2FF0000000060A5E2FF000000000F
:10A5800070A5E2FF0000000070A5E2FF00000000DF
:10A5900080A5E2FF0000000080A5E2FF00000000AF
:10A5A00090A5E2FF0000000090A5E2FF000000007F
:10A5B000A0A5E2FF00000000A0A5E2FF000000004F
:10A5C000B0A5E2FF00000000B0A5E2FF000000001F
:10A5D000C0A5E2FF00000000C0A5E2FF00000000EF
:10A5E000D0A5E2FF00000000D0A5E2FF00000000BF
:10A5F000E0A5E2FF00000000E0A5E2FF000000008F
:10A60000F0A5E2FF00000000F0A5E2FF000000005E
:10A6100000A6E2FF0000000000A6E2FF000000002C
:10A6200010A6E2FF0000000010A6E2FF00000000FC
:10A6300020A6E2FF0000000020A6E2FF00000000CC
:10A6400030A6E2FF0000000030A6E2FF000000009C
:10A6500040A6E2FF0000000040A6E2FF000000006C
:10A6600050A6E2FF0000000050A6E2FF000000003C
:10A6700060A6E2FF0000000060A6E2FF000000000C
:10A6800070A6E2FF0000000070A6E2FF00000000DC
:10A6900080A6E2FF0000000080A6E2FF00000000AC
:10A6A00090A6E2FF0000000090A6E2FF000000007C
:10A6B000A0A6E2FF00000000A0A6E2FF000000004C
:10A6C000B0A6E2FF00000000B0A6E2FF000000001C
:10A6D000C0A6E2FF00000000C0A6E2FF00000000EC
:10A6E000D0A6E2FF00000000D0A6E2FF00000000BC
:10A6F0008E78E2FF0000000014000000000000005F
:10A70000808EE0FF0000000000000100000000005B
:10A71000DC69E0FF00000000B869E0FF0000000015
:10A720007069E0FF000000009378E2FF0000000085
:10A730002000000000000000FC8EE0FF0000000090
:10A7400000000100000000003C69E0FF0000000084
:10A750001869E0FF00000000D068E0FF0000000082
:10A76000A87BE2FF000000000400000000000000E1
:10A770009CD4E0FF00000000000001000000000089
:10A78000A068E0FF000000006C68E0FF000000002F
:10A790003468E0FF000000008000000000000000BE
:10A7A00000000000000000000000000000000000A9
:10A7B0000000000000000000000000000000000099
:10A7C0000000000000000000000000000000000089
:10A7D0000000000000000000000000000000000079
:10A7E0000000000000000000000000000000000069
:10A7F0006C10E1FF000000000000000000000000FD
:10A800000000000000000000D009E1FF000000008F
:10A8100000000000000000006581E2FF0000000071
:10A8200000000000000000002033E1FF00000000F5
:10A830000000000000000000000000000000000018
:10A84000FFFFFFFF00000000980000000000000074
:10A85000EF84E2FF000000001058E2FF000000005B
:10A86000EC00000000000000F784E2FF00000000A0
:10A87000F056E2FF000000000400000000000000AD
:10A88000FF84E2FF00000000000000000000000064
:10A890008F000000000000000785E2FF00000000BC
:10A8A00000000000000000000700000000000000A1
:10A8B0001085E2FF00000000000000000000000022
:10A8C00020000000000000001885E2FF00000000EA
:10A8D0000000000000000000AD00000000000000CB
:10A8E0002185E2FF000000004851E2FF0000000067
:10A8F0002C000000000000002785E2FF000000009F
:10A900008851E2FF0000000001000000000000008C
:10A910002E85E2FF00000000204AE2FF0000000058
:10A92000C2000000000000003B85E2FF00000000C4
:10A930007851E2FF000000009200000000000000DB
:10A940004485E2FF0000000000000000000000005D
:10A9500045000000000000004885E2FF0000000004
:10A96000000000000000000089000000000000005E
:10A970005085E2FF00000000000000000000000021
:10A980009B000000000000005685E2FF0000000070
:10A9900000000000000000000000000000000000B7
:10A9A0005A85E2FF000000000000000000000000E7
:10A9B0006285E2FF0000000098D190157614010036
:10A9C00000080000800000000000020000000000FD
:10A9D000080040000100000202000000000000002A
:10A9E0007C85E2FF0000000098DC902676150108C7
:10A9F0000010000000020000000004000000000041
:10AA00000800E00004000002000000000000000058
:10AA10009685E2FF0000000098DC9026761608007C
:10AA20000010000000020000000004000000000010
:10AA30000800000108000002000000000000000003
:10AA4000B085E2FF0000000098D39026761502083A
:10AA500000100000000400000000040000000000DE
:10AA60000800E800040000020000000000000000F0
:10AA7000CA85E2FF0000000098D79432765609009C
:10AA80000020000000100000000010000000000086
:10AA90000800800228000004000000000000000000
:10AAA000E485E2FF0000000098DE948276560420E0
:10AAB0000020000000200000000020000000000036
:10AAC00008008002280000040000000000000000D0
:10AAD000FE85E2FF0000000045DE949376570000FB
:10AAE00000400000002000000000400000000000C6
:10AAF000060000052800000400000000000000001F
:10AB00001786E2FF0000000045DE949376500000B7
:10AB10000040000000200000000040000000000095
:10AB200006000005280000040000000000000000EE
:10AB30003086E2FF00000000ADD794DA74C3000055
:10AB40000020000000100000000020000020000095
:10AB50000600800228000004000000000000000041
:10AB60004F86E2FF00000000ADDE94DA74C40000FE
:10AB70000020000000200000000020000020000055
:10AB8000060080022800000404000000000000000D
:10AB90006E86E2FF00000000ADDE14A7424A00000E
:10ABA00000400000002000000000400000200000E5
:10ABB00006008006380000040100000000000000CC
:10ABC0008E86E2FF00000000006B00000000000025
:10ABD000000200000400000000200000000100004E
:10ABE0000000000000000000000000000000000065
:10ABF000A186E2FF0000000000E30000000000006A
:10AC0000000200000400000000200000000100001D
:10AC10000000000000000000000000000000000034
:10AC2000A186E2FF0000000000E500000000000037
:10AC300000020000040000000020000000010000ED
:10AC40000000000000000000000000000000000004
:10AC5000B686E2FF0000000000D600000000000001
:10AC600000020000080000000020000000010000B9
:10AC700000000000000000000000000000000000D4
:10AC8000B686E2FF0000000000E6000000000000C1
:10AC90000002000008000000002000000001000089
:10ACA00000000000000000000000000000000000A4
:10ACB000CB86E2FF0000000000330000000000002F
:10ACC0000002000010000000004000000001000031
:10ACD0000000000000000000000000000000000074
:10ACE000E186E2FF000000000073000000000000A9
:10ACF0000002000010000000004000000001000001
:10AD00000000000000000000000000000000000043
:10AD1000F786E2FF00000000004300000000000092
:10AD200000020000100000000040000002010000CE
:10AD30000000000000000000000000000000000013
:10AD40000E87E2FF0000000000530000000000003A
:10AD5000000200001000000000400000020100009E
:10AD600000000000000000000000000000000000E3
:10AD70002587E2FF00000000003500000000000011
:10AD80000002000020000000004000000001000060
:10AD900000000000000000000000000000000000B3
:10ADA0003B87E2FF0000000000750000000000008B
:10ADB0000002000020000000004000000001000030
:10ADC0000000000000000000000000000000000083
:10ADD0005187E2FF00000000004500000000000075
:10ADE00000020000200000000040000002010000FE
:10ADF0000000000000000000000000000000000053
:10AE00006887E2FF0000000000550000000000001D
:10AE100000020000200000000040000002010000CD
:10AE20000000000000000000000000000000000022
:10AE30007F87E2FF000000000036000000000000F5
:10AE4000000200004000000000400000000100007F
:10AE500000000000000000000000000000000000F2
:10AE60009587E2FF0000000000760000000000006F
:10AE7000000200004000000000400000000100004F
:10AE800000000000000000000000000000000000C2
:10AE9000AB87E2FF00000000004600000000000059
:10AEA000000200004000000000400000020100001D
:10AEB0000000000000000000000000000000000092
:10AEC000C287E2FF00000000005600000000000002
:10AED00000020000400000000040000002010000ED
:10AEE0000000000000000000000000000000000062
:10AEF000D987E2FF00000000007800000000000099
:10AF0000000200008000000000400000000100007E
:10AF10000000000000000000000000000000000031
:10AF2000D987E2FF000000000039000000000000A7
:10AF3000000200008000000000400000000100004E
:10AF40000000000000000000000000000000000001
:10AF5000F087E2FF00000000007900000000000020
:10AF6000000200008000000000400000000100001E
:10AF700000000000000000000000000000000000D1
:10AF80000788E2FF000000000072000000000000DF
:10AF900000020000800000000040000002010000EC
:10AFA00000000000000000000000000000000000A1
:10AFB0000788E2FF000000000049000000000000D8
:10AFC00000020000800000000040000002010000BC
:10AFD0000000000000000000000000000000000071
:10AFE0001F88E2FF00000000007400000000000065
:10AFF000000200008000000000400000020100008C
:10B000000000000000000000000000000000000040
:10B010001F88E2FF0000000000590000000000004F
:10B02000000200008000000000400000020100005B
:10B030000000000000000000000000000000000010
:10B040003788E2FF000000000071000000000000EF
:10B0500000020000000100000040000000010000AC
:10B0600000000000000000000000000000000000E0
:10B070007F87E2FF0000000000A200000000000047
:10B080000000000040000000000000000000000080
:10B0900000000000000000000000000000000000B0
:10B0A0007F87E2FF0000000000A000000000000019
:10B0B0000000000040000000000000000000000050
:10B0C0000000000000000000000000000000000080
:10B0D0009587E2FF0000000000F200000000000081
:10B0E0000000000040000000000000000000000020
:10B0F0000000000000000000000000000000000050
:10B100009587E2FF0000000000D000000000000072
:10B1100000000000400000000000000000000000EF
:10B12000000000000000000000000000000000001F
:10B130009587E2FF0000000000F000000000000022
:10B1400000000000400000000000000000000000BF
:10B1500000000000000000000000000000000000EF
:10B16000AB87E2FF0000000000B20000000000001A
:10B17000000000004000000000000000020000008D
:10B1800000000000000000000000000000000000BF
:10B19000AB87E2FF0000000000B0000000000000EC
:10B1A000000000004000000000000000020000005D
:10B1B000000000000000000000000000000000008F
:10B1C000C287E2FF0000000000C200000000000093
:10B1D000000000004000000000000000020000002D
:10B1E000000000000000000000000000000000005F
:10B1F000C287E2FF0000000000C000000000000065
:10B2000000000000400000000000000002000000FC
:10B21000000000000000000000000000000000002E
:10B22000D987E2FF0000000000A10000000000003C
:10B23000000000008000000000000000000000008E
:10B2400000000000000000000000000000000000FE
:10B25000F087E2FF0000000000F1000000000000A5
:10B26000000000008000000000000000000000005E
:10B2700000000000000000000000000000000000CE
:10B28000F087E2FF0000000000D100000000000095
:10B29000000000008000000000000000000000002E
:10B2A000000000000000000000000000000000009E
:10B2B0000788E2FF0000000000B10000000000006D
:10B2C00000000000800000000000000002000000FC
:10B2D000000000000000000000000000000000006E
:10B2E0001F88E2FF0000000000C100000000000015
:10B2F00000000000800000000000000002000000CC
:10B30000000000000000000000000000000000003D
:10B310000788E2FF0000000000AD00000000000010
:10B32000000000008000000000000000020000009B
:10B33000000000000000000000000000000000000D
:10B340004E88E2FF0000000000AA0000000000009C
:10B3500000000000000100000000000000000000EC
:10B3600000000000000000000000000000000000DD
:10B370003788E2FF0000000000DA00000000000053
:10B3800000000000000100000000000000000000BC
:10B3900000000000000000000000000000000000AD
:10B3A0006588E2FF0000000000BA00000000000015
:10B3B000000000000001000000000000020000008A
:10B3C000000000000000000000000000000000007D
:10B3D0007D88E2FF0000000000CA000000000000BD
:10B3E000000000000001000000000000020000005A
:10B3F000000000000000000000000000000000004D
:10B400009588E2FF0000000000AC00000000000092
:10B41000000000000002000000000000000000002A
:10B42000000000000000000000000000000000001C
:10B43000AC88E2FF0000000000DC0000000000001B
:10B4400000000000000200000000000000000000FA
:10B4500000000000000000000000000000000000EC
:10B46000C388E2FF0000000000BC000000000000F4
:10B4700000000000000200000000000002000000C8
:10B4800000000000000000000000000000000000BC
:10B49000DB88E2FF0000000000CC0000000000009C
:10B4A0000000000000020000000000000200000098
:10B4B000000000000000000000000000000000008C
:10B4C000F388E2FF0000000000A30000000000007D
:10B4D0000000000000040000000000000000000068
:10B4E000000000000000000000000000000000005C
:10B4F0000889E2FF0000000000D300000000000007
:10B500000000000000040000000000000000000037
:10B51000000000000000000000000000000000002B
:10B520001D89E2FF0000000000B3000000000000E1
:10B530000000000000040000000000000200000005
:10B5400000000000000000000000000000000000FB
:10B550003389E2FF0000000000C30000000000008B
:10B5600000000000000400000000000002000000D5
:10B5700000000000000000000000000000000000CB
:10B580004989E2FF0000000000A500000000000063
:10B5900000000000000800000000000000000000A3
:10B5A000000000000000000000000000000000009B
:10B5B0005E89E2FF0000000000D5000000000000EE
:10B5C0000000000000080000000000000000000073
:10B5D000000000000000000000000000000000006B
:10B5E0007389E2FF0000000000B5000000000000C9
:10B5F0000000000000080000000000000200000041
:10B60000000000000000000000000000000000003A
:10B610008989E2FF0000000000C500000000000072
:10B620000000000000080000000000000200000010
:10B63000000000000000000000000000000000000A
:10B640009F89E2FF0000000000A70000000000004A
:10B6500000000000001000000000000000000000DA
:10B6600000000000000000000000000000000000DA
:10B67000B489E2FF0000000000D7000000000000D5
:10B6800000000000001000000000000000000000AA
:10B6900000000000000000000000000000000000AA
:10B6A000C989E2FF0000000000B7000000000000B0
:10B6B0000000000000100000000000000200000078
:10B6C000000000000000000000000000000000007A
:10B6D000DF89E2FF0000000000C70000000000005A
:10B6E0000000000000100000000000000200000048
:10B6F000000000000000000000000000000000004A
:10B70000F589E2FF0000000000AE0000000000002C
:10B710000000000000200000000000000000000009
:10B720000000000000000000000000000000000019
:10B730000A8AE2FF0000000000DE000000000000B6
:10B7400000000000002000000000000000000000D9
:10B7500000000000000000000000000000000000E9
:10B760001F8AE2FF0000000000BE00000000000091
:10B7700000000000002000000000000002000000A7
:10B7800000000000000000000000000000000000B9
:10B79000358AE2FF0000000000CE0000000000003B
:10B7A0000000000000200000000000000200000077
:10B7B0000000000000000000000000000000000089
:10B7C0004B8AE2FF00000000001A000000000000A9
:10B7D0000000000000400000000000000000000029
:10B7E0000000000000000000000000000000000059
:10B7F000618AE2FF00000000003A00000000000043
:10B8000000000000004000000000000000000000F8
:10B810000000000000000000000000000000000028
:10B82000778AE2FF00000000002A0000000000000C
:10B8300000000000004000000000000002000000C6
:10B8400000000000000000000000000000000000F8
:10B850008E8AE2FF00000000004A000000000000A5
:10B860000000000000400000000000000200000096
:10B8700000000000000000000000000000000000C8
:10B88000A58AE2FF00000000001C0000000000008C
:10B890000000000000800000000000000000000028
:10B8A0000000000000000000000000000000000098
:10B8B000BB8AE2FF00000000003C00000000000026
:10B8C00000000000008000000000000000000000F8
:10B8D0000000000000000000000000000000000068
:10B8E000D18AE2FF00000000002C000000000000F0
:10B8F00000000000008000000000000002000000C6
:10B900000000000000000000000000000000000037
:10B91000E88AE2FF00000000004C00000000000088
:10B920000000000000800000000000000200000095
:10B930000000000000000000000000000000000007
:10B94000FF8AE2FF00000000001E0000000000006F
:10B9500000000000000001000000000000000000E6
:10B9600000000000000000000000000000000000D7
:10B97000158BE2FF00000000003E00000000000008
:10B9800000000000000001000000000000000000B6
:10B9900000000000000000000000000000000000A7
:10B9A0002B8BE2FF00000000002E000000000000D2
:10B9B0000000000000000100000000000200000084
:10B9C0000000000000000000000000000000000077
:10B9D000428BE2FF00000000004E0000000000006B
:10B9E0000000000000000100000000000200000054
:10B9F0000000000000000000000000000000000047
:10BA00000000000000000000000000000000000036
:10BA10000000000000000000000000000000000026
:10BA20000000000000000000000000000000000016
:10BA300030000000500000005100000052000000E3
:10BA400053000000540000005500000056000000A4
:10BA50005700000058000000590000005A00000084
:10BA60005B0000005C0000005D0000005E00000064
:10BA70005F00000060000000610000006200000044
:10BA80006300000064000000650000006600000024
:10BA90006700000068000000690000006A00000004
:10BAA0006B0000006C0000006D0000006E000000E4
:10BAB0006F000000700000007100000072000000C4
:10BAC00073000000740000007500000076000000A4
:10BAD0007700000078000000790000007A00000084
:10BAE0007B0000007C0000007D0000007E00000064
:10BAF0007F000000000000000000000000000000C7
:10BB00000000000000000000000000000000000035
:10BB10000000000000000000000000000000000025
:10BB20000000000000000000000000000000000015
:10BB30000000000000000000000000000000000005
:10BB400000000000000000000000000000000000F5
:10BB500000000000000000000000000000000000E5
:10BB600000000000000000000000000000000000D5
:10BB700000000000000000000000000000000000C5
:10BB800000000000000000000000000000000000B5
:10BB900000000000000000000000000000000000A5
:10BBA0000000000000000000000000000000000095
:10BBB0000000000000000000000000000000000085
:10BBC0000000000000000000000000000000000075
:10BBD0000000000000000000000000000000000065
:10BBE0000000000000000000000000000000000055
:10BBF0000000000000000000000000000000000045
:10BC00000000000000000000000000000000000034
:10BC10000000000000000000000000000000000024
:10BC20000000000000000000000000000000000014
:10BC30000000000000000000000000000000000004
:10BC400000000000000000000000000000000000F4
:10BC500000000000000000000000000000000000E4
:10BC600000000000000000000000000000000000D4
:10BC700000000000000000000000000000000000C4
:10BC800000000000000000000000000000000000B4
:10BC900000000000000000000000000000000000A4
:10BCA0000000000000000000000000000000000094
:10BCB0000000000000000000000000000000000084
:10BCC0000000000000000000000000000000000074
:10BCD0000000000000000000000000000000000064
:10BCE0000000000000000000000000000000000054
:10BCF0000000000000000000000000000000000044
:10BD00000000000000000000000000000000000033
:10BD10000000000000000000000000000000000023
:10BD20000000000000000000000000000000000013
:10BD30000000000000000000000000000000000003
:10BD400000000000000000000000000000000000F3
:10BD500000000000000000000000000000000000E3
:10BD600000000000000000000000000000000000D3
:10BD700000000000000000000000000000000000C3
:10BD800000000000000000000000000000000000B3
:10BD900000000000000000000000000000000000A3
:10BDA0000000000000000000000000000000000093
:10BDB0000000000000000000000000000000000083
:10BDC0000000000000000000000000000000000073
:10BDD0000000000000000000000000000000000063
:10BDE0000000000000000000000000000000000053
:10BDF0000000000000000000000000000000000043
:10BE00000000000000000000000000000000000032
:10BE10000000000000000000000000000000000022
:10BE20000000000000000000000000000000000012
:10BE30000000000000000000000000000000000002
:10BE400000000000000000000000000000000000F2
:10BE500000000000000000000000000000000000E2
:10BE600000000000000000000000000000000000D2
:10BE700000000000000000000000000000000000C2
:10BE800000000000000000000000000000000000B2
:10BE900000000000000000000000000000000000A2
:10BEA0000000000000000000000000000000000092
:10BEB0000000000000000000000000000000000082
:10BEC0000000000000000000000000000000000072
:10BED0000000000000000000000000000000000062
:10BEE0000000000000000000000000000000000052
:10BEF0000000000000000000000000000000000042
:10BF00000000000000000000000000000000000031
:10BF10000000000000000000000000000000000021
:10BF20000000000000000000000000000000000011
:10BF30000000000000000000000000000000000001
:10BF400000000000000000000000000000000000F1
:10BF500000000000000000000000000000000000E1
:10BF600000000000000000000000000000000000D1
:10BF700000000000000000000000000000000000C1
:10BF800000000000000000000000000000000000B1
:10BF900000000000000000000000000000000000A1
:10BFA0000000000000000000000000000000000091
:10BFB0000000000000000000000000000000000081
:10BFC0000000000000000000000000000000000071
:10BFD0000000000000000000000000000000000061
:10BFE0000000000000000000000000000000000051
:10BFF0000000000000000000000000000000000041
:10C000000000000000000000000000000000000030
:10C010000000000000000000000000000000000020
:10C020000000000000000000000000000000000010
:10C030000000000000000000000000000000000000
:10C0400000000000000000000000000000000000F0
:10C0500000000000000000000000000000000000E0
:10C0600000000000000000000000000000000000D0
:10C0700000000000000000000000000000000000C0
:10C0800000000000000000000000000000000000B0
:10C0900000000000000000000000000000000000A0
:10C0A0000000000000000000000000000000000090
:10C0B0000000000000000000000000000000000080
:10C0C0000000000000000000000000000000000070
:10C0D0000000000000000000000000000000000060
:10C0E0000000000000000000000000000000000050
:10C0F0000000000000000000000000000000000040
:10C10000000000000000000000000000000000002F
:10C11000000000000000000000000000000000001F
:10C12000000000000000000000000000000000000F
:10C1300000000000000000000000000000000000FF
:10C1400000000000000000000000000000000000EF
:10C1500000000000000000000000000000000000DF
:10C1600000000000000000000000000000000000CF
:10C1700000000000000000000000000000000000BF
:10C1800000000000000000000000000000000000AF
:10C19000000000000000000000000000000000009F
:10C1A000000000000000000000000000000000008F
:10C1B000000000000000000000000000000000007F
:10C1C000000000000000000000000000000000006F
:10C1D000000000000000000000000000000000005F
:10C1E000000000000000000000000000000000004F
:10C1F000000000000000000000000000000000003F
:10C20000000000000000000000000000000000002E
:10C21000000000000000000000000000000000001E
:10C22000000000000000000000000000000000000E
:10C2300000000000000000000000000000000000FE
:10C2400000000000000000000000000000000000EE
:10C2500000000000000000000000000000000000DE
:10C2600000000000000000000000000000000000CE
:10C2700000000000000000000000000000000000BE
:10C2800000000000000000000000000000000000AE
:10C29000000000000000000000000000000000009E
:10C2A000000000000000000000000000000000008E
:10C2B000000000000000000000000000000000007E
:10C2C000000000000000000000000000000000006E
:10C2D000000000000000000000000000000000005E
:10C2E000000000000000000000000000000000004E
:10C2F000000000000000000000000000000000003E
:10C30000000000000000000000000000000000002D
:10C31000000000000000000000000000000000001D
:10C32000000000000000000000000000000000000D
:10C3300000000000000000000000000000000000FD
:10C3400000000000000000000000000000000000ED
:10C3500000000000000000000000000000000000DD
:10C3600000000000000000000000000000000000CD
:10C3700000000000000000000000000000000000BD
:10C3800000000000000000000000000000000000AD
:10C39000000000000000000000000000000000009D
:10C3A000000000000000000000000000000000008D
:10C3B000000000000000000000000000000000007D
:10C3C000000000000000000000000000000000006D
:10C3D000000000000000000000000000000000005D
:10C3E000000000000000000000000000000000004D
:10C3F000000000000000000000000000000000003D
:10C40000000000000000000000000000000000002C
:10C41000000000000000000000000000000000001C
:10C42000000000000000000000000000000000000C
:10C4300000000000000000000000000000000000FC
:10C4400000000000000000000000000000000000EC
:10C4500000000000000000000000000000000000DC
:10C4600000000000000000000000000000000000CC
:10C4700000000000000000000000000000000000BC
:10C4800000000000000000000000000000000000AC
:10C49000000000000000000000000000000000009C
:10C4A000000000000000000000000000000000008C
:10C4B000000000000000000000000000000000007C
:10C4C000000000000000000000000000000000006C
:10C4D0000000000000000000020000004E0000000C
:10C4E000000000000000000000000000000000004C
:10C4F000000000000000000000000000000000003C
:10C50000000000000000000000000000000000002B
:10C51000000000000000000000000000000000001B
:10C52000000000000000000000000000000000000B
:10C5300000000000000000000000000000000000FB
:10C5400000000000000000000000000000000000EB
:10C5500000000000000000000000000000000000DB
:10C5600000000000000000000000000000000000CB
:10C5700000000000000000000000000000000000BB
:10C5800000000000000000000000000000000000AB
:10C59000000000000000000000000000000000009B
:10C5A000000000000000000000000000000000008B
:10C5B000000000000000000000000000000000007B
:10C5C000000000000000000000000000000000006B
:10C5D000000000000000000018000000280000001B
:10C5E000290000002A0000002B0000002C000000A1
:10C5F0002D0000002E0000002F0000003000000081
:10C600003100000032000000330000003400000060
:10C610003500000036000000370000003800000040
:10C62000390000003A0000003B0000003C00000020
:10C630003D0000003E0000003F0000000000000040
:10C6400000000000000000000000000000000000EA
:10C6500000000000000000000000000000000000DA
:10C6600000000000000000000000000000000000CA
:10C6700000000000000000000000000000000000BA
:10C6800000000000000000000000000000000000AA
:10C69000000000000000000000000000000000009A
:10C6A000000000000000000000000000000000008A
:10C6B000000000000000000000000000000000007A
:10C6C000000000000000000000000000000000006A
:10C6D000000000000000000000000000000000005A
:10C6E000000000000000000000000000000000004A
:10C6F000000000000000000000000000000000003A
:10C700000000000000000000000000000000000029
:10C710000000000000000000000000000000000019
:10C720000000000000000000000000000000000009
:10C7300000000000000000000000000000000000F9
:10C7400000000000000000000000000000000000E9
:10C7500000000000000000000000000000000000D9
:10C7600000000000000000000000000000000000C9
:10C7700000000000000000000000000000000000B9
:10C7800000000000000000000000000000000000A9
:10C790000000000000000000000000000000000099
:10C7A0000000000000000000000000000000000089
:10C7B0000000000000000000000000000000000079
:10C7C0000000000000000000000000000000000069
:10C7D0000000000000000000000000000000000059
:10C7E0000000000000000000000000000000000049
:10C7F0000000000000000000000000000000000039
:10C800000000000000000000000000000000000028
:10C810000000000000000000000000000000000018
:10C820000000000000000000000000000000000008
:10C8300000000000000000000000000000000000F8
:10C8400000000000000000000000000000000000E8
:10C8500000000000000000000000000000000000D8
:10C8600000000000000000000000000000000000C8
:10C8700000000000000000000000000000000000B8
:10C8800000000000000000000000000000000000A8
:10C890000000000000000000000000000000000098
:10C8A0000000000000000000000000000000000088
:10C8B0000000000000000000000000000000000078
:10C8C0000000000000000000000000000000000068
:10C8D0000000000000000000000000000000000058
:10C8E0000000000000000000000000000000000048
:10C8F0000000000000000000000000000000000038
:10C900000000000000000000000000000000000027
:10C910000000000000000000000000000000000017
:10C920000000000000000000000000000000000007
:10C9300000000000000000000000000000000000F7
:10C9400000000000000000000000000000000000E7
:10C9500000000000000000000000000000000000D7
:10C9600000000000000000000000000000000000C7
:10C9700000000000000000000000000000000000B7
:10C9800000000000000000000000000000000000A7
:10C990000000000000000000000000000000000097
:10C9A0000000000000000000000000000000000087
:10C9B0000000000000000000000000000000000077
:10C9C0000000000000000000000000000000000067
:10C9D0000000000000000000000000000000000057
:10C9E0000000000000000000000000000000000047
:10C9F0000000000000000000000000000000000037
:10CA00000000000000000000000000000000000026
:10CA10000000000000000000000000000000000016
:10CA20000000000000000000000000000000000006
:10CA300000000000000000000000000000000000F6
:10CA400000000000000000000000000000000000E6
:10CA500000000000000000000000000000000000D6
:10CA600000000000000000000000000000000000C6
:10CA700000000000000000000000000000000000B6
:10CA800000000000000000000000000000000000A6
:10CA90000000000000000000000000000000000096
:10CAA0000000000000000000000000000000000086
:10CAB0000000000000000000000000000000000076
:10CAC0000000000000000000000000000000000066
:10CAD0000000000000000000000000000000000056
:10CAE0000000000000000000000000000000000046
:10CAF0000000000000000000000000000000000036
:10CB00000000000000000000000000000000000025
:10CB10000000000000000000000000000000000015
:10CB20000000000000000000000000000000000005
:10CB300000000000000000000000000000000000F5
:10CB400000000000000000000000000000000000E5
:10CB500000000000000000000000000000000000D5
:10CB600000000000000000000000000000000000C5
:10CB700000000000000000000000000000000000B5
:10CB800000000000000000000000000000000000A5
:10CB90000000000000000000000000000000000095
:10CBA0000000000000000000000000000000000085
:10CBB0000000000000000000000000000000000075
:10CBC0000000000000000000000000000000000065
:10CBD0000000000000000000000000000000000055
:10CBE0000000000000000000000000000000000045
:10CBF0000000000000000000000000000000000035
:10CC00000000000000000000000000000000000024
:10CC10000000000000000000000000000000000014
:10CC20000000000000000000000000000000000004
:10CC300000000000000000000000000000000000F4
:10CC400000000000000000000000000000000000E4
:10CC500000000000000000000000000000000000D4
:10CC600000000000000000000000000000000000C4
:10CC700000000000000000000000000000000000B4
:10CC800000000000000000000000000000000000A4
:10CC90000000000000000000000000000000000094
:10CCA0000000000000000000000000000000000084
:10CCB0000000000000000000000000000000000074
:10CCC0000000000000000000000000000000000064
:10CCD0000000000000000000000000000000000054
:10CCE0000000000000000000000000000000000044
:10CCF0000000000000000000000000000000000034
:10CD00000000000000000000000000000000000023
:10CD10000000000000000000000000000000000013
:10CD20000000000000000000000000000000000003
:10CD300000000000000000000000000000000000F3
:10CD400000000000000000000000000000000000E3
:10CD500000000000000000000000000000000000D3
:10CD600000000000000000000000000000000000C3
:10CD700000000000000000000000000000000000B3
:10CD800000000000000000000000000000000000A3
:10CD90000000000000000000000000000000000093
:10CDA0000000000000000000000000000000000083
:10CDB0000000000000000000000000000000000073
:10CDC0000000000000000000000000000000000063
:10CDD0000000000000000000000000000000000053
:10CDE0000000000000000000000000000000000043
:10CDF0000000000000000000000000000000000033
:10CE00000000000000000000000000000000000022
:10CE10000000000000000000000000000000000012
:10CE20000000000000000000000000000000000002
:10CE300000000000000000000000000000000000F2
:10CE400000000000000000000000000000000000E2
:10CE500000000000000000000000000000000000D2
:10CE600000000000000000000000000000000000C2
:10CE700000000000000000000000000000000000B2
:10CE800000000000000000000000000000000000A2
:10CE90000000000000000000000000000000000092
:10CEA0000000000000000000000000000000000082
:10CEB0000000000000000000000000000000000072
:10CEC0000000000000000000000000000000000062
:10CED0000000000000000000000000000000000052
:10CEE0000000000000000000000000000000000042
:10CEF0000000000000000000000000000000000032
:10CF00000000000000000000000000000000000021
:10CF10000000000000000000000000000000000011
:10CF20000000000000000000000000000000000001
:10CF300000000000000000000000000000000000F1
:10CF400000000000000000000000000000000000E1
:10CF500000000000000000000000000000000000D1
:10CF600000000000000000000000000000000000C1
:10CF700000000000000000000000000000000000B1
:10CF800000000000000000000000000000000000A1
:10CF90000000000000000000000000000000000091
:10CFA0000000000000000000000000000000000081
:10CFB0000000000000000000000000000000000071
:10CFC0000000000000000000000000000000000061
:10CFD0000000000000000000000000000000000051
:10CFE0000000000000000000000000000000000041
:10CFF0000000000000000000000000000000000031
:10D000000000000000000000000000000000000020
:10D010000000000000000000000000000000000010
:10D020000000000000000000000000000000000000
:10D0300000000000000000000000000000000000F0
:10D0400000000000000000000000000000000000E0
:10D0500000000000000000000000000000000000D0
:10D0600000000000000000000000000000000000C0
:10D0700000000000000000000000000000000000B0
:10D080000200000026000000000000000000000078
:10D090000000000000000000000000000000000090
:10D0A0000000000000000000000000000000000080
:10D0B0000000000000000000000000000000000070
:10D0C0000000000000000000000000000000000060
:10D0D0000000000000000000000000000000000050
:10D0E0000000000000000000000000000000000040
:10D0F0000000000000000000000000000000000030
:10D10000000000000000000000000000000000001F
:10D11000000000000000000000000000000000000F
:10D1200000000000000000000000000000000000FF
:10D1300000000000000000000000000000000000EF
:10D1400000000000000000000000000000000000DF
:10D1500000000000000000000000000000000000CF
:10D1600000000000000000000000000000000000BF
:10D1700000000000000000000000000000000000AF
:10D180000600000000000000010000000200000096
:10D19000030000000600000007000000000000007F
:10D1A000000000000000000000000000000000007F
:10D1B000000000000000000000000000000000006F
:10D1C000000000000000000000000000000000005F
:10D1D000000000000000000000000000000000004F
:10D1E000000000000000000000000000000000003F
:10D1F000000000000000000000000000000000002F
:10D20000000000000000000000000000000000001E
:10D21000000000000000000000000000000000000E
:10D2200000000000000000000000000000000000FE
:10D2300000000000000000000000000000000000EE
:10D2400000000000000000000000000000000000DE
:10D2500000000000000000000000000000000000CE
:10D2600000000000000000000000000000000000BE
:10D2700000000000000000000000000000000000AE
:10D28000000000000000000000000000000000009E
:10D29000000000000000000000000000000000008E
:10D2A000000000000000000000000000000000007E
:10D2B000000000000000000000000000000000006E
:10D2C000000000000000000000000000000000005E
:10D2D000000000000000000000000000000000004E
:10D2E000000000000000000000000000000000003E
:10D2F000000000000000000000000000000000002E
:10D30000000000000000000000000000000000001D
:10D31000000000000000000000000000000000000D
:10D3200000000000000000000000000000000000FD
:10D3300000000000000000000000000000000000ED
:10D3400000000000000000000000000000000000DD
:10D3500000000000000000000000000000000000CD
:10D3600000000000000000000000000000000000BD
:10D3700000000000000000000000000000000000AD
:10D38000000000000000000000000000000000009D
:10D39000000000000000000000000000000000008D
:10D3A000000000000000000000000000000000007D
:10D3B000000000000000000000000000000000006D
:10D3C000000000000000000000000000000000005D
:10D3D000000000000000000000000000000000004D
:10D3E000000000000000000000000000000000003D
:10D3F000000000000000000000000000000000002D
:10D40000000000000000000000000000000000001C
:10D41000000000000000000000000000000000000C
:10D4200000000000000000000000000000000000FC
:10D4300000000000000000000000000000000000EC
:10D4400000000000000000000000000000000000DC
:10D4500000000000000000000000000000000000CC
:10D4600000000000000000000000000000000000BC
:10D4700000000000000000000000000000000000AC
:10D48000000000000000000000000000000000009C
:10D49000000000000000000000000000000000008C
:10D4A000000000000000000000000000000000007C
:10D4B000000000000000000000000000000000006C
:10D4C000000000000000000000000000000000005C
:10D4D000000000000000000000000000000000004C
:10D4E000000000000000000000000000000000003C
:10D4F000000000000000000000000000000000002C
:10D50000000000000000000000000000000000001B
:10D51000000000000000000000000000000000000B
:10D5200000000000000000000000000000000000FB
:10D5300000000000000000000000000000000000EB
:10D5400000000000000000000000000000000000DB
:10D5500000000000000000000000000000000000CB
:10D5600000000000000000000000000000000000BB
:10D5700000000000000000000000000000000000AB
:10D58000000000000000000000000000000000009B
:10D59000000000000000000000000000000000008B
:10D5A000000000000000000000000000000000007B
:10D5B000000000000000000000000000000000006B
:10D5C000000000000000000000000000000000005B
:10D5D000000000000000000000000000000000004B
:10D5E000000000000000000000000000000000003B
:10D5F000000000000000000000000000000000002B
:10D60000000000000000000000000000000000001A
:10D61000000000000000000000000000000000000A
:10D6200000000000000000000000000000000000FA
:10D6300000000000000000000000000000000000EA
:10D6400000000000000000000000000000000000DA
:10D6500000000000000000000000000000000000CA
:10D6600000000000000000000000000000000000BA
:10D6700000000000000000000000000000000000AA
:10D68000000000000000000000000000000000009A
:10D69000000000000000000000000000000000008A
:10D6A000000000000000000000000000000000007A
:10D6B000000000000000000000000000000000006A
:10D6C000000000000000000000000000000000005A
:10D6D000000000000000000000000000000000004A
:10D6E000000000000000000000000000000000003A
:10D6F000000000000000000000000000000000002A
:10D700000000000000000000000000000000000019
:10D710000000000000000000000000000000000009
:10D7200000000000000000000000000000000000F9
:10D7300000000000000000000000000000000000E9
:10D7400000000000000000000000000000000000D9
:10D7500000000000000000000000000000000000C9
:10D7600000000000000000000000000000000000B9
:10D7700000000000000000000000000000000000A9
:10D780000000000000000000000000000000000099
:10D790000000000000000000000000000000000089
:10D7A0000000000000000000000000000000000079
:10D7B0000000000000000000000000000000000069
:10D7C0000000000000000000000000000000000059
:10D7D0000000000000000000000000000000000049
:10D7E0000000000000000000000000000000000039
:10D7F0000000000000000000000000000000000029
:10D800000000000000000000000000000000000018
:10D810000000000000000000000000000000000008
:10D8200000000000000000000000000000000000F8
:10D8300000000000000000000000000000000000E8
:10D8400000000000000000000000000000000000D8
:10D8500000000000000000000000000000000000C8
:10D8600000000000000000000000000000000000B8
:10D8700000000000000000000000000000000000A8
:10D880000000000000000000000000000000000098
:10D890000000000000000000000000000000000088
:10D8A0000000000000000000000000000000000078
:10D8B0000000000000000000000000000000000068
:10D8C0000000000000000000000000000000000058
:10D8D0000000000000000000000000000000000048
:10D8E0000000000000000000000000000000000038
:10D8F0000000000000000000000000000000000028
:10D900000000000000000000000000000000000017
:10D910000000000000000000000000000000000007
:10D9200000000000000000000000000000000000F7
:10D9300000000000000000000000000000000000E7
:10D9400000000000000000000000000000000000D7
:10D9500000000000000000000000000000000000C7
:10D9600000000000000000000000000000000000B7
:10D9700000000000000000000000000000000000A7
:10D980000000000000000000000000000000000097
:10D990000000000000000000000000000000000087
:10D9A0000000000000000000000000000000000077
:10D9B0000000000000000000000000000000000067
:10D9C0000000000000000000000000000000000057
:10D9D0000000000000000000000000000000000047
:10D9E0000000000000000000000000000000000037
:10D9F0000000000000000000000000000000000027
:10DA00000000000000000000000000000000000016
:10DA10000000000000000000000000000000000006
:10DA200000000000000000000000000000000000F6
:10DA300000000000000000000000000000000000E6
:10DA400000000000000000000000000000000000D6
:10DA500000000000000000000000000000000000C6
:10DA600000000000000000000000000000000000B6
:10DA700000000000000000000000000000000000A6
:10DA80000000000000000000000000000000000096
:10DA90000000000000000000000000000000000086
:10DAA0000000000000000000000000000000000076
:10DAB0000000000000000000000000000000000066
:10DAC0000000000000000000000000000000000056
:10DAD0000000000000000000000000000000000046
:10DAE0000000000000000000000000000000000036
:10DAF0000000000000000000000000000000000026
:10DB00000000000000000000000000000000000015
:10DB10000000000000000000000000000000000005
:10DB200000000000000000000000000000000000F5
:10DB300000000000000000000000000000000000E5
:10DB400000000000000000000000000000000000D5
:10DB500000000000000000000000000000000000C5
:10DB600000000000000000000000000000000000B5
:10DB700000000000000000000000000000000000A5
:10DB80000000000000000000000000000000000095
:10DB90000000000000000000000000000000000085
:10DBA0000000000000000000000000000000000075
:10DBB0000000000000000000000000000000000065
:10DBC0000000000000000000000000000000000055
:10DBD0000000000000000000000000000000000045
:10DBE0000000000000000000000000000000000035
:10DBF0000000000000000000000000000000000025
:10DC00000000000000000000000000000000000014
:10DC10000000000000000000000000000000000004
:10DC200000000000000000000800000008000000E4
:10DC300000000000000000000000000000000000E4
:10DC400000000000000000000000000000000000D4
:10DC500000000000000000000000000000000000C4
:10DC600000000000000000000000000000000000B4
:10DC700000000000000000000000000000000000A4
:10DC80000000000000000000000000000000000094
:10DC90000000000000000000000000000000000084
:10DCA0000000000000000000000000000000000074
:10DCB0000000000000000000000000000000000064
:10DCC0000000000000000000000000000000000054
:10DCD0000000000000000000000000000000000044
:10DCE0000000000000000000000000000000000034
:10DCF0000000000000000000000000000000000024
:10DD00000000000000000000000000000000000013
:10DD10000000000000000000000000000000000003
:10DD200000000000000000000300000000000000F0
:10DD300001000000020000000000000000000000E0
:10DD400000000000000000000000000000000000D3
:10DD500000000000000000000000000000000000C3
:10DD600000000000000000000000000000000000B3
:10DD700000000000000000000000000000000000A3
:10DD80000000000000000000000000000000000093
:10DD90000000000000000000000000000000000083
:10DDA0000000000000000000000000000000000073
:10DDB0000000000000000000000000000000000063
:10DDC0000000000000000000000000000000000053
:10DDD0000000000000000000000000000000000043
:10DDE0000000000000000000000000000000000033
:10DDF0000000000000000000000000000000000023
:10DE00000000000000000000000000000000000012
:10DE10000000000000000000000000000000000002
:10DE200000000000000000000000000000000000F2
:10DE300000000000000000000000000000000000E2
:10DE400000000000000000000000000000000000D2
:10DE500000000000000000000000000000000000C2
:10DE600000000000000000000000000000000000B2
:10DE700000000000000000000000000000000000A2
:10DE80000000000000000000000000000000000092
:10DE90000000000000000000000000000000000082
:10DEA0000000000000000000000000000000000072
:10DEB0000000000000000000000000000000000062
:10DEC0000000000000000000000000000000000052
:10DED0000000000000000000000000000000000042
:10DEE0000000000000000000000000000000000032
:10DEF0000000000000000000000000000000000022
:10DF00000000000000000000000000000000000011
:10DF10000000000000000000000000000000000001
:10DF200000000000000000000000000000000000F1
:10DF300000000000000000000000000000000000E1
:10DF400000000000000000000000000000000000D1
:10DF500000000000000000000000000000000000C1
:10DF600000000000000000000000000000000000B1
:10DF700000000000000000000000000000000000A1
:10DF80000000000000000000000000000000000091
:10DF90000000000000000000000000000000000081
:10DFA0000000000000000000000000000000000071
:10DFB0000000000000000000000000000000000061
:10DFC0000000000000000000000000000000000051
:10DFD0000000000000000000000000000000000041
:10DFE0000000000000000000000000000000000031
:10DFF0000000000000000000000000000000000021
:10E000000000000000000000000000000000000010
:10E010000000000000000000000000000000000000
:10E0200000000000000000000000000000000000F0
:10E0300000000000000000000000000000000000E0
:10E0400000000000000000000000000000000000D0
:10E0500000000000000000000000000000000000C0
:10E0600000000000000000000000000000000000B0
:10E0700000000000000000000000000000000000A0
:10E080000000000000000000000000000000000090
:10E090000000000000000000000000000000000080
:10E0A0000000000000000000000000000000000070
:10E0B0000000000000000000000000000000000060
:10E0C0000000000000000000000000000000000050
:10E0D0000000000000000000000000000000000040
:10E0E0000000000000000000000000000000000030
:10E0F0000000000000000000000000000000000020
:10E10000000000000000000000000000000000000F
:10E1100000000000000000000000000000000000FF
:10E1200000000000000000000000000000000000EF
:10E1300000000000000000000000000000000000DF
:10E1400000000000000000000000000000000000CF
:10E1500000000000000000000000000000000000BF
:10E1600000000000000000000000000000000000AF
:10E17000000000000000000000000000000000009F
:10E18000000000000000000000000000000000008F
:10E19000000000000000000000000000000000007F
:10E1A000000000000000000000000000000000006F
:10E1B000000000000000000000000000000000005F
:10E1C000000000000000000000000000000000004F
:10E1D000000000000000000000000000000000003F
:10E1E000000000000000000000000000000000002F
:10E1F000000000000000000000000000000000001F
:10E20000000000000000000000000000000000000E
:10E2100000000000000000000000000000000000FE
:10E2200000000000000000000000000000000000EE
:10E2300000000000000000000000000000000000DE
:10E2400000000000000000000000000000000000CE
:10E2500000000000000000000000000000000000BE
:10E2600000000000000000000000000000000000AE
:10E27000000000000000000000000000000000009E
:10E28000000000000000000000000000000000008E
:10E29000000000000000000000000000000000007E
:10E2A000000000000000000000000000000000006E
:10E2B000000000000000000000000000000000005E
:10E2C000000000000000000000000000000000004E
:10E2D000000000000000000000000000000000003E
:10E2E000000000000000000000000000000000002E
:10E2F000000000000000000000000000000000001E
:10E30000000000000000000000000000000000000D
:10E3100000000000000000000000000000000000FD
:10E3200000000000000000000000000000000000ED
:10E3300000000000000000000000000000000000DD
:10E3400000000000000000000000000000000000CD
:10E3500000000000000000000000000000000000BD
:10E3600000000000000000000000000000000000AD
:10E37000000000000000000000000000000000009D
:10E38000000000000000000000000000000000008D
:10E39000000000000000000000000000000000007D
:10E3A000000000000000000000000000000000006D
:10E3B000000000000000000000000000000000005D
:10E3C000000000000000000000000000000000004D
:10E3D000000000000000000000000000000000003D
:10E3E000000000000000000000000000000000002D
:10E3F000000000000000000000000000000000001D
:10E40000000000000000000000000000000000000C
:10E4100000000000000000000000000000000000FC
:10E4200000000000000000000000000000000000EC
:10E4300000000000000000000000000000000000DC
:10E4400000000000000000000000000000000000CC
:10E4500000000000000000000000000000000000BC
:10E4600000000000000000000000000000000000AC
:10E47000000000000000000000000000000000009C
:10E48000000000000000000000000000000000008C
:10E49000000000000000000000000000000000007C
:10E4A000000000000000000000000000000000006C
:10E4B000000000000000000000000000000000005C
:10E4C000000000000000000000000000000000004C
:10E4D000000000000000000000000000000000003C
:10E4E000000000000000000000000000000000002C
:10E4F000000000000000000000000000000000001C
:10E50000000000000000000000000000000000000B
:10E5100000000000000000000000000000000000FB
:10E5200000000000000000000000000000000000EB
:10E5300000000000000000000000000000000000DB
:10E5400000000000000000000000000000000000CB
:10E5500000000000000000000000000000000000BB
:10E5600000000000000000000000000000000000AB
:10E57000000000000000000000000000000000009B
:10E58000000000000000000000000000000000008B
:10E59000000000000000000000000000000000007B
:10E5A000000000000000000000000000000000006B
:10E5B000000000000000000000000000000000005B
:10E5C000000000000000000000000000000000004B
:10E5D000000000000000000000000000000000003B
:10E5E000000000000000000000000000000000002B
:10E5F000000000000000000000000000000000001B
:10E60000000000000000000000000000000000000A
:10E6100000000000000000000000000000000000FA
:10E6200000000000000000000000000000000000EA
:10E6300000000000000000000000000000000000DA
:10E6400000000000000000000000000000000000CA
:10E6500000000000000000000000000000000000BA
:10E6600000000000000000000000000000000000AA
:10E67000000000000000000000000000000000009A
:10E68000000000000000000000000000000000008A
:10E69000000000000000000000000000000000007A
:10E6A000000000000000000000000000000000006A
:10E6B000000000000000000000000000000000005A
:10E6C000000000000000000000000000000000004A
:10E6D000000000000000000000000000000000003A
:10E6E000000000000000000000000000000000002A
:10E6F000000000000000000000000000000000001A
:10E700000000000000000000000000000000000009
:10E7100000000000000000000000000000000000F9
:10E7200000000000000000000000000000000000E9
:10E7300000000000000000000000000000000000D9
:10E7400000000000000000000000000000000000C9
:10E7500000000000000000000000000000000000B9
:10E7600000000000000000000000000000000000A9
:10E770000000000000000000000000000000000099
:10E780000000000000000000000000000000000089
:10E790000000000000000000000000000000000079
:10E7A0000000000000000000000000000000000069
:10E7B0000000000000000000000000000000000059
:10E7C0000000000000000000000000000000000049
:10E7D000030000000200000006000000020000002C
:10E7E0000000000000000000000000000000000029
:10E7F0000000000000000000000000000000000019
:10E800000000000000000000000000000000000008
:10E8100000000000000000000000000000000000F8
:10E8200000000000000000000000000000000000E8
:10E8300000000000000000000000000000000000D8
:10E8400000000000000000000000000000000000C8
:10E8500000000000000000000000000000000000B8
:10E8600000000000000000000000000000000000A8
:10E870000000000000000000000000000000000098
:10E880000000000000000000000000000000000088
:10E890000000000000000000000000000000000078
:10E8A0000000000000000000000000000000000068
:10E8B0000000000000000000000000000000000058
:10E8C0000000000000000000000000000000000048
:10E8D000D824E2FF0000000000000000000000005B
:10E8E0000000000000000000000000000000000028
:10E8F0000000000000000000000000000000000018
:10E900000000000000000000000000000000000007
:10E9100000000000000000000000000000000000F7
:10E9200000000000000000000000000000000000E7
:10E9300000000000000000000000000000000000D7
:10E9400000000000000000000000000000000000C7
:10E9500000000000000000000000000000000000B7
:10E9600000000000000000000000000000000000A7
:10E970000000000000000000000000000000000097
:10E980000000000000000000000000000000000087
:10E990000000000000000000000000000000000077
:10E9A0000000000000000000000000000000000067
:10E9B0000000000000000000000000000000000057
:10E9C0000000000000000000000000000000000047
:10E9D0000000000000000000000000000000000037
:10E9E0000000000000000000000000000000000027
:10E9F0000000000000000000000000000000000017
:10EA00000000000000000000000000000000000006
:10EA100000000000000000000000000000000000F6
:10EA200000000000000000000000000000000000E6
:10EA300000000000000000000000000000000000D6
:10EA400000000000000000000000000000000000C6
:10EA500000000000000000000000000000000000B6
:10EA600000000000000000000000000000000000A6
:10EA70000000000000000000000000000000000096
:10EA80000000000000000000000000000000000086
:10EA90000000000000000000000000000000000076
:10EAA0000000000000000000000000000000000066
:10EAB0000000000000000000000000000000000056
:10EAC0000000000000000000000000000000000046
:10EAD0000000000000000000000000000000000036
:10EAE0000000000000000000000000000000000026
:10EAF0000000000000000000000000000000000016
:10EB00000000000000000000000000000000000005
:10EB100000000000000000000000000000000000F5
:10EB200000000000000000000000000000000000E5
:10EB300000000000000000000000000000000000D5
:10EB400000000000000000000000000000000000C5
:10EB500000000000000000000000000000000000B5
:10EB600000000000000000000000000000000000A5
:10EB70000000000000000000000000000000000095
:10EB80000000000000000000000000000000000085
:10EB90000000000000000000000000000000000075
:10EBA0000000000000000000000000000000000065
:10EBB0000000000000000000000000000000000055
:10EBC0000000000000000000000000000000000045
:10EBD0000000000000000000000000000000000035
:10EBE0000000000000000000000000000000000025
:10EBF0000000000000000000000000000000000015
:10EC00000000000000000000000000000000000004
:10EC100000000000000000000000000000000000F4
:10EC200000000000000000000000000000000000E4
:10EC300000000000000000000000000000000000D4
:10EC400000000000000000000000000000000000C4
:10EC500000000000000000000000000000000000B4
:10EC600000000000000000000000000000000000A4
:10EC70000000000000000000000000000000000094
:10EC80000000000000000000000000000000000084
:10EC90000000000000000000000000000000000074
:10ECA0000000000000000000000000000000000064
:10ECB0000000000000000000000000000000000054
:10ECC0000000000000000000000000000000000044
:10ECD0000000000000000000000000000000000034
:10ECE0000000000000000000000000000000000024
:10ECF0000000000000000000000000000000000014
:10ED00000000000000000000000000000000000003
:10ED100000000000000000000000000000000000F3
:10ED200000000000000000000000000000000000E3
:10ED300000000000000000000000000000000000D3
:10ED400000000000000000000000000000000000C3
:10ED500000000000000000000000000000000000B3
:10ED600000000000000000000000000000000000A3
:10ED70000000000000000000000000000000000093
:10ED80000000000000000000000000000000000083
:10ED90000000000000000000000000000000000073
:10EDA0000000000000000000000000000000000063
:10EDB0000000000000000000000000000000000053
:10EDC0000000000000000000000000000000000043
:10EDD0000000000000000000000000000000000033
:10EDE0000000000000000000000000000000000023
:10EDF0000000000000000000000000000000000013
:10EE00000000000000000000000000000000000002
:10EE100000000000000000000000000000000000F2
:10EE200000000000000000000000000000000000E2
:10EE300000000000000000000000000000000000D2
:10EE400000000000000000000000000000000000C2
:10EE500000000000000000000000000000000000B2
:10EE600000000000000000000000000000000000A2
:10EE70000000000000000000000000000000000092
:10EE80000000000000000000000000000000000082
:10EE90000000000000000000000000000000000072
:10EEA0000000000000000000000000000000000062
:10EEB0000000000000000000000000000000000052
:10EEC0000000000000000000000000000000000042
:10EED0000000000000000000000000000000000032
:10EEE0000000000000000000000000000000000022
:10EEF0000000000000000000000000000000000012
:10EF00000000000000000000000000000000000001
:10EF100000000000000000000000000000000000F1
:10EF200000000000000000000000000000000000E1
:10EF300000000000000000000000000000000000D1
:10EF400000000000000000000000000000000000C1
:10EF500000000000000000000000000000000000B1
:10EF600000000000000000000000000000000000A1
:10EF70000000000000000000000000000000000091
:10EF80000000000000000000000000000000000081
:10EF90000000000000000000000000000000000071
:10EFA0000000000000000000000000000000000061
:10EFB0000000000000000000000000000000000051
:10EFC0000000000000000000000000000000000041
:10EFD0000000000000000000000000000000000031
:10EFE0000000000000000000000000000000000021
:10EFF0000000000000000000000000000000000011
:10F000000000000000000000000000000000000000
:10F0100000000000000000000000000000000000F0
:10F0200000000000000000000000000000000000E0
:10F0300000000000000000000000000000000000D0
:10F0400000000000000000000000000000000000C0
:10F0500000000000000000000000000000000000B0
:10F0600000000000000000000000000000000000A0
:10F070000000000000000000000000000000000090
:10F080000000000000000000000000000000000080
:10F090000000000000000000000000000000000070
:10F0A0000000000000000000000000000000000060
:10F0B0000000000000000000000000000000000050
:10F0C0000000000000000000000000000000000040
:10F0D0000000000000000000000000000000000030
:10F0E0000000000000000000000000000000000020
:10F0F0000000000000000000000000000000000010
:10F1000000000000000000000000000000000000FF
:10F1100000000000000000000000000000000000EF
:10F1200000000000000000000000000000000000DF
:10F1300000000000000000000000000000000000CF
:10F1400000000000000000000000000000000000BF
:10F1500000000000000000000000000000000000AF
:10F16000000000000000000000000000000000009F
:10F17000000000000000000000000000000000008F
:10F18000000000000000000000000000000000007F
:10F19000000000000000000000000000000000006F
:10F1A000000000000000000000000000000000005F
:10F1B000000000000000000000000000000000004F
:10F1C000000000000000000000000000000000003F
:10F1D000000000000000000000000000000000002F
:10F1E000000000000000000000000000000000001F
:10F1F000000000000000000000000000000000000F
:10F2000000000000000000000000000000000000FE
:10F2100000000000000000000000000000000000EE
:10F2200000000000000000000000000000000000DE
:10F2300000000000000000000000000000000000CE
:10F2400000000000000000000000000000000000BE
:10F2500000000000000000000000000000000000AE
:10F26000000000000000000000000000000000009E
:10F27000000000000000000000000000000000008E
:10F28000000000000000000000000000000000007E
:10F29000000000000000000000000000000000006E
:10F2A000000000000000000000000000000000005E
:10F2B000000000000000000000000000000000004E
:10F2C000000000000000000000000000000000003E
:10F2D000000000000000000000000000000000002E
:10F2E000000000000000000000000000000000001E
:10F2F000000000000000000000000000000000000E
:10F3000000000000000000000000000000000000FD
:10F3100000000000000000000000000000000000ED
:10F3200000000000000000000000000000000000DD
:10F3300000000000000000000000000000000000CD
:10F3400000000000000000000000000000000000BD
:10F3500000000000000000000000000000000000AD
:10F36000000000000000000000000000000000009D
:10F37000000000000000000000000000000000008D
:10F38000000000000000000000000000000000007D
:10F39000000000000000000000000000000000006D
:10F3A000000000000000000000000000000000005D
:10F3B000000000000000000000000000000000004D
:10F3C000000000000000000000000000000000003D
:10F3D000000000000000000000000000000000002D
:10F3E000000000000000000000000000000000001D
:10F3F000000000000000000000000000000000000D
:10F4000000000000000000000000000000000000FC
:10F4100000000000000000000000000000000000EC
:10F4200000000000000000000000000000000000DC
:10F4300000000000000000000000000000000000CC
:10F4400000000000000000000000000000000000BC
:10F4500000000000000000000000000000000000AC
:10F46000000000000000000000000000000000009C
:10F47000000000000000000000000000000000008C
:10F48000000000000000000000000000000000007C
:10F49000000000000000000000000000000000006C
:10F4A000000000000000000000000000000000005C
:10F4B000000000000000000000000000000000004C
:10F4C000000000000000000000000000000000003C
:10F4D000000000000000000000000000000000002C
:10F4E000000000000000000000000000000000001C
:10F4F000000000000000000000000000000000000C
:10F5000000000000000000000000000000000000FB
:10F5100000000000000000000000000000000000EB
:10F5200000000000000000000000000000000000DB
:10F5300000000000000000000000000000000000CB
:10F5400000000000000000000000000000000000BB
:10F5500000000000000000000000000000000000AB
:10F56000000000000000000000000000000000009B
:10F57000000000000000000000000000000000008B
:10F58000000000000000000000000000000000007B
:10F59000000000000000000000000000000000006B
:10F5A000000000000000000000000000000000005B
:10F5B000000000000000000000000000000000004B
:10F5C000000000000000000000000000000000003B
:10F5D000000000000000000000000000000000002B
:10F5E000000000000000000000000000000000001B
:10F5F000000000000000000000000000000000000B
:10F6000000000000000000000000000000000000FA
:10F6100000000000000000000000000000000000EA
:10F6200000000000000000000000000000000000DA
:10F6300000000000000000000000000000000000CA
:10F6400000000000000000000000000000000000BA
:10F6500000000000000000000000000000000000AA
:10F66000000000000000000000000000000000009A
:10F67000000000000000000000000000000000008A
:10F68000000000000000000000000000000000007A
:10F69000000000000000000000000000000000006A
:10F6A000000000000000000000000000000000005A
:10F6B000000000000000000000000000000000004A
:10F6C000000000000000000000000000000000003A
:10F6D000000000000000000000000000000000002A
:10F6E000000000000000000000000000000000001A
:10F6F000000000000000000000000000000000000A
:10F7000000000000000000000000000000000000F9
:10F7100000000000000000000000000000000000E9
:10F7200000000000000000000000000000000000D9
:10F7300000000000000000000000000000000000C9
:10F7400000000000000000000000000000000000B9
:10F7500000000000000000000000000000000000A9
:10F760000000000000000000000000000000000099
:10F770000000000000000000000000000000000089
:10F780000000000000000000000000000000000079
:10F790000000000000000000000000000000000069
:10F7A0000000000000000000000000000000000059
:10F7B0000000000000000000000000000000000049
:10F7C0000000000000000000000000000000000039
:10F7D0000000000000000000000000000000000029
:10F7E0000000000000000000000000000000000019
:10F7F0000000000000000000000000000000000009
:10F8000000000000000000000000000000000000F8
:10F8100000000000000000000000000000000000E8
:10F8200000000000000000000000000000000000D8
:10F8300000000000000000000000000000000000C8
:10F8400000000000000000000000000000000000B8
:10F8500000000000000000000000000000000000A8
:10F860000000000000000000000000000000000098
:10F870000000000000000000000000000000000088
:10F880000000000000000000000000000000000078
:10F890000000000000000000000000000000000068
:10F8A0000000000000000000000000000000000058
:10F8B0000000000000000000000000000000000048
:10F8C0000000000000000000000000000000000038
:10F8D0000000000000000000000000000000000028
:10F8E0000000000000000000000000000000000018
:10F8F0000000000000000000000000000000000008
:10F9000000000000000000000000000000000000F7
:10F9100000000000000000000000000000000000E7
:10F9200000000000000000000000000000000000D7
:10F9300000000000000000000000000000000000C7
:10F9400000000000000000000000000000000000B7
:10F9500000000000000000000000000000000000A7
:10F960000000000000000000000000000000000097
:10F970000000000000000000000000000000000087
:10F980000000000000000000000000000000000077
:10F990000000000000000000000000000000000067
:10F9A0000000000000000000000000000000000057
:10F9B0000000000000000000000000000000000047
:10F9C0000000000000000000000000000000000037
:10F9D0000000000000000000000000000000000027
:10F9E0000000000000000000000000000000000017
:10F9F0000000000000000000000000000000000007
:10FA000000000000000000000000000000000000F6
:10FA100000000000000000000000000000000000E6
:10FA200000000000000000000000000000000000D6
:10FA300000000000000000000000000000000000C6
:10FA400000000000000000000000000000000000B6
:10FA500000000000000000000000000000000000A6
:10FA60000000000000000000000000000000000096
:10FA70000000000000000000000000000000000086
:10FA80000000000000000000000000000000000076
:10FA90000000000000000000000000000000000066
:10FAA0000000000000000000000000000000000056
:10FAB0000000000000000000000000000000000046
:10FAC0000000000000000000000000000000000036
:10FAD0000000000000000000000000000000000026
:10FAE0000000000000000000000000000000000016
:10FAF0000000000000000000000000000000000006
:10FB000000000000000000000000000000000000F5
:10FB100000000000000000000000000000000000E5
:10FB200000000000000000000000000000000000D5
:10FB300000000000000000000000000000000000C5
:10FB400000000000000000000000000000000000B5
:10FB500000000000000000000000000000000000A5
:10FB60000000000000000000000000000000000095
:10FB70000000000000000000000000000000000085
:10FB80000000000000000000000000000000000075
:10FB90000000000000000000000000000000000065
:10FBA0000000000000000000000000000000000055
:10FBB0000000000000000000000000000000000045
:10FBC0000000000000000000000000000000000035
:10FBD0000000000000000000000000000000000025
:10FBE0000000000000000000000000000000000015
:10FBF0000000000000000000000000000000000005
:10FC000000000000000000000000000000000000F4
:10FC100000000000000000000000000000000000E4
:10FC200000000000000000000000000000000000D4
:10FC300000000000000000000000000000000000C4
:10FC400000000000000000000000000000000000B4
:10FC500000000000000000000000000000000000A4
:10FC60000000000000000000000000000000000094
:10FC70000000000000000000000000000000000084
:10FC80000000000000000000000000000000000074
:10FC90000000000000000000000000000000000064
:10FCA0000000000000000000000000000000000054
:10FCB0000000000000000000000000000000000044
:10FCC0000000000000000000000000000000000034
:10FCD0000000000000000000000000000000000024
:10FCE0000000000000000000000000000000000014
:10FCF0000000000000000000000000000000000004
:10FD000000000000000000000000000000000000F3
:10FD100000000000000000000000000000000000E3
:10FD200000000000000000000000000000000000D3
:10FD300000000000000000000000000000000000C3
:10FD400000000000000000000000000000000000B3
:10FD500000000000000000000000000000000000A3
:10FD60000000000000000000000000000000000093
:10FD70000000000000000000000000000000000083
:10FD80000000000000000000000000000000000073
:10FD90000000000000000000000000000000000063
:10FDA0000000000000000000000000000000000053
:10FDB0000000000000000000000000000000000043
:10FDC0000000000000000000000000000000000033
:10FDD0000000000000000000000000000000000023
:10FDE0000000000000000000000000000000000013
:10FDF0000000000000000000000000000000000003
:10FE000000000000000000000000000000000000F2
:10FE100000000000000000000000000000000000E2
:10FE200000000000000000000000000000000000D2
:10FE300000000000000000000000000000000000C2
:10FE400000000000000000000000000000000000B2
:10FE500000000000000000000000000000000000A2
:10FE60000000000000000000000000000000000092
:10FE70000000000000000000000000000000000082
:10FE80000000000000000000000000000000000072
:10FE90000000000000000000000000000000000062
:10FEA0000000000000000000000000000000000052
:10FEB0000000000000000000000000000000000042
:10FEC0000000000000000000000000000000000032
:10FED0000000000000000000000000000000000022
:10FEE0000000000000000000000000000000000012
:10FEF0000000000000000000000000000000000002
:10FF000000000000000000000000000000000000F1
:10FF100000000000000000000000000000000000E1
:10FF200000000000000000000000000000000000D1
:10FF300000000000000000000000000000000000C1
:10FF400000000000000000000000000000000000B1
:10FF500000000000000000000000000000000000A1
:10FF60000000000000000000000000000000000091
:10FF70000000000000000000000000000000000081
:10FF80000000000000000000000000000000000071
:10FF90000000000000000000000000000000000061
:10FFA0000000000000000000000000000000000051
:10FFB0000000000000000000000000000000000041
:10FFC0000000000000000000000000000000000031
:10FFD0000000000000000000000000000000000021
:10FFE0000000000000000000000000000000000011
:10FFF0000000000000000000000000000000000001
:02000004FFE318
:1000000000000000000000000000000000000000F0
:1000100000000000000000000000000000000000E0
:1000200000000000000000000000000000000000D0
:1000300000000000000000000000000000000000C0
:1000400000000000000000000000000000000000B0
:1000500000000000000000000000000000000000A0
:100060000000000000000000000000000000000090
:100070000000000000000000000000000000000080
:100080000000000000000000000000000000000070
:100090000000000000000000000000000000000060
:1000A0000000000000000000000000000000000050
:1000B0000000000000000000000000000000000040
:1000C0000000000000000000000000000000000030
:1000D0000000000000000000000000000000000020
:1000E0000000000000000000000000000000000010
:1000F0000000000000000000000000000000000000
:1001000000000000000000000000000000000000EF
:1001100000000000000000000000000000000000DF
:1001200000000000000000000000000000000000CF
:1001300000000000000000000000000000000000BF
:1001400000000000000000000000000000000000AF
:10015000000000000000000000000000000000009F
:10016000000000000000000000000000000000008F
:10017000000000000000000000000000000000007F
:10018000000000000000000000000000000000006F
:10019000000000000000000000000000000000005F
:1001A000000000000000000000000000000000004F
:1001B000000000000000000000000000000000003F
:1001C000000000000000000000000000000000002F
:1001D000000000000000000000000000000000001F
:1001E000000000000000000000000000000000000F
:1001F00000000000000000000000000000000000FF
:1002000000000000000000000000000000000000EE
:1002100000000000000000000000000000000000DE
:1002200000000000000000000000000000000000CE
:1002300000000000000000000000000000000000BE
:1002400000000000000000000000000000000000AE
:10025000000000000000000000000000000000009E
:10026000000000000000000000000000000000008E
:10027000000000000000000000000000000000007E
:10028000000000000000000000000000000000006E
:10029000000000000000000000000000000000005E
:1002A000000000000000000000000000000000004E
:1002B000000000000000000000000000000000003E
:1002C000000000000000000000000000000000002E
:1002D000000000000000000000000000000000001E
:1002E000000000000000000000000000000000000E
:1002F00000000000000000000000000000000000FE
:1003000000000000000000000000000000000000ED
:1003100000000000000000000000000000000000DD
:1003200000000000000000000000000000000000CD
:1003300000000000000000000000000000000000BD
:1003400000000000000000000000000000000000AD
:10035000000000000000000000000000000000009D
:10036000000000000000000000000000000000008D
:10037000000000000000000000000000000000007D
:10038000000000000000000000000000000000006D
:10039000000000000000000000000000000000005D
:1003A000000000000000000000000000000000004D
:1003B000000000000000000000000000000000003D
:1003C000000000000000000000000000000000002D
:1003D000000000000000000000000000000000001D
:1003E000000000000000000000000000000000000D
:1003F00000000000000000000000000000000000FD
:1004000000000000000000000000000000000000EC
:1004100000000000000000000000000000000000DC
:1004200000000000000000000000000000000000CC
:1004300000000000000000000000000000000000BC
:1004400000000000000000000000000000000000AC
:10045000000000000000000000000000000000009C
:10046000000000000000000000000000000000008C
:10047000000000000000000000000000000000007C
:10048000000000000000000000000000000000006C
:10049000000000000000000000000000000000005C
:1004A000000000000000000000000000000000004C
:1004B000000000000000000000000000000000003C
:1004C000000000000000000000000000000000002C
:1004D000000000000000000000000000000000001C
:1004E000000000000000000000000000000000000C
:1004F00000000000000000000000000000000000FC
:1005000000000000000000000000000000000000EB
:1005100000000000000000000000000000000000DB
:1005200000000000000000000000000000000000CB
:1005300000000000000000000000000000000000BB
:1005400000000000000000000000000000000000AB
:10055000000000000000000000000000000000009B
:10056000000000000000000000000000000000008B
:10057000000000000000000000000000000000007B
:10058000000000000000000000000000000000006B
:10059000000000000000000000000000000000005B
:1005A000000000000000000000000000000000004B
:1005B000000000000000000000000000000000003B
:1005C000000000000000000000000000000000002B
:1005D000000000000000000000000000000000001B
:1005E000000000000000000000000000000000000B
:1005F00000000000000000000000000000000000FB
:1006000000000000000000000000000000000000EA
:1006100000000000000000000000000000000000DA
:1006200000000000000000000000000000000000CA
:1006300000000000000000000000000000000000BA
:1006400000000000000000000000000000000000AA
:10065000000000000000000000000000000000009A
:10066000000000000000000000000000000000008A
:10067000000000000000000000000000000000007A
:10068000000000000000000000000000000000006A
:10069000000000000000000000000000000000005A
:1006A000000000000000000000000000000000004A
:1006B000000000000000000000000000000000003A
:1006C000000000000000000000000000000000002A
:1006D000000000000000000000000000000000001A
:1006E000000000000000000000000000000000000A
:1006F00000000000000000000000000000000000FA
:1007000000000000000000000000000000000000E9
:1007100000000000000000000000000000000000D9
:1007200000000000000000000000000000000000C9
:1007300000000000000000000000000000000000B9
:1007400000000000000000000000000000000000A9
:100750000000000000000000000000000000000099
:100760000000000000000000000000000000000089
:100770000000000000000000000000000000000079
:100780000000000000000000000000000000000069
:100790000000000000000000000000000000000059
:1007A0000000000000000000000000000000000049
:1007B0000000000000000000000000000000000039
:1007C0000000000000000000000000000000000029
:1007D0000000000000000000000000000000000019
:1007E0000000000000000000000000000000000009
:1007F00000000000000000000000000000000000F9
:1008000000000000000000000000000000000000E8
:1008100000000000000000000000000000000000D8
:1008200000000000000000000000000000000000C8
:1008300000000000000000000000000000000000B8
:1008400000000000000000000000000000000000A8
:100850000000000000000000000000000000000098
:100860000000000000000000000000000000000088
:100870000000000000000000000000000000000078
:100880000000000000000000000000000000000068
:100890000000000000000000000000000000000058
:1008A0000000000000000000000000000000000048
:1008B0000000000000000000000000000000000038
:1008C0000000000000000000000000000000000028
:1008D0000000000000000000000000000000000018
:1008E0000000000000000000000000000000000008
:1008F00000000000000000000000000000000000F8
:1009000000000000000000000000000000000000E7
:1009100000000000000000000000000000000000D7
:1009200000000000000000000000000000000000C7
:1009300000000000000000000000000000000000B7
:1009400000000000000000000000000000000000A7
:100950000000000000000000000000000000000097
:100960000000000000000000000000000000000087
:100970000000000000000000000000000000000077
:100980000000000000000000000000000000000067
:100990000000000000000000000000000000000057
:1009A0000000000000000000000000000000000047
:1009B0000000000000000000000000000000000037
:1009C0000000000000000000000000000000000027
:1009D0000000000000000000000000000000000017
:1009E0000000000000000000000000000000000007
:1009F00000000000000000000000000000000000F7
:100A000000000000000000000000000000000000E6
:100A100000000000000000000000000000000000D6
:100A200000000000000000000000000000000000C6
:100A300000000000000000000000000000000000B6
:100A400000000000000000000000000000000000A6
:100A50000000000000000000000000000000000096
:100A60000000000000000000000000000000000086
:100A70000000000000000000000000000000000076
:100A80000000000000000000000000000000000066
:100A90000000000000000000000000000000000056
:100AA0000000000000000000000000000000000046
:100AB0000000000000000000000000000000000036
:100AC0000000000000000000000000000000000026
:100AD0000000000000000000000000000000000016
:100AE0000000000000000000000000000000000006
:100AF00000000000000000000000000000000000F6
:100B000000000000000000000000000000000000E5
:100B100000000000000000000000000000000000D5
:100B200000000000000000000000000000000000C5
:100B300000000000000000000000000000000000B5
:100B400000000000000000000000000000000000A5
:100B50000000000000000000000000000000000095
:100B60000000000000000000000000000000000085
:100B70000000000000000000000000000000000075
:100B80000000000000000000000000000000000065
:100B90000000000000000000000000000000000055
:100BA0000000000000000000000000000000000045
:100BB0000000000000000000000000000000000035
:100BC0000000000000000000000000000000000025
:100BD0000000000000000000000000000000000015
:100BE0000000000000000000000000000000000005
:100BF00000000000000000000000000000000000F5
:100C000000000000000000000000000000000000E4
:100C100000000000000000000000000000000000D4
:100C200000000000000000000000000000000000C4
:100C300000000000000000000000000000000000B4
:100C400000000000000000000000000000000000A4
:100C50000000000000000000000000000000000094
:100C60000000000000000000000000000000000084
:100C70000000000000000000000000000000000074
:100C80000000000000000000000000000000000064
:100C90000000000000000000000000000000000054
:100CA0000000000000000000000000000000000044
:100CB0000000000000000000000000000000000034
:100CC0000000000000000000000000000000000024
:100CD0000000000000000000000000000000000014
:100CE0000000000000000000000000000000000004
:100CF00000000000000000000000000000000000F4
:100D000000000000000000000000000000000000E3
:100D100000000000000000000000000000000000D3
:100D200000000000000000000000000000000000C3
:100D300000000000000000000000000000000000B3
:100D400000000000000000000000000000000000A3
:100D50000000000000000000000000000000000093
:100D60000000000000000000000000000000000083
:100D70000000000000000000000000000000000073
:100D80000000000000000000000000000000000063
:100D90000000000000000000000000000000000053
:100DA0000000000000000000000000000000000043
:100DB0000000000000000000000000000000000033
:100DC0000000000000000000000000000000000023
:100DD0000000000000000000000000000000000013
:100DE0000000000000000000000000000000000003
:100DF00000000000000000000000000000000000F3
:100E000000000000000000000000000000000000E2
:100E100000000000000000000000000000000000D2
:100E200000000000000000000000000000000000C2
:100E300000000000000000000000000000000000B2
:100E400000000000000000000000000000000000A2
:100E50000000000000000000000000000000000092
:100E60000000000000000000000000000000000082
:100E70000000000000000000000000000000000072
:100E80000000000000000000000000000000000062
:100E90000000000000000000000000000000000052
:100EA0000000000000000000000000000000000042
:100EB0000000000000000000000000000000000032
:100EC0000000000000000000000000000000000022
:100ED0000000000000000000000000000000000012
:100EE0000000000000000000000000000000000002
:100EF00000000000000000000000000000000000F2
:100F000000000000000000000000000000000000E1
:100F100000000000000000000000000000000000D1
:100F200000000000000000000000000000000000C1
:100F300000000000000000000000000000000000B1
:100F400000000000000000000000000000000000A1
:100F50000000000000000000000000000000000091
:100F60000000000000000000000000000000000081
:100F70000000000000000000000000000000000071
:100F80000000000000000000000000000000000061
:100F90000000000000000000000000000000000051
:100FA0000000000000000000000000000000000041
:100FB0000000000000000000000000000000000031
:100FC0000000000000000000000000000000000021
:100FD0000000000000000000000000000000000011
:100FE0000000000000000000000000000000000001
:100FF00000000000000000000000000000000000F1
:1010000000000000000000000000000000000000E0
:1010100000000000000000000000000000000000D0
:1010200000000000000000000000000000000000C0
:1010300000000000000000000000000000000000B0
:1010400000000000000000000000000000000000A0
:101050000000000000000000000000000000000090
:101060000000000000000000000000000000000080
:101070000000000000000000000000000000000070
:101080000000000000000000000000000000000060
:101090000000000000000000000000000000000050
:1010A0000000000000000000000000000000000040
:1010B0000000000000000000000000000000000030
:1010C0000000000000000000000000000000000020
:1010D0000000000000000000000000000000000010
:1010E0000000000000000000000000000000000000
:1010F00000000000000000000000000000000000F0
:1011000000000000000000000000000000000000DF
:1011100000000000000000000000000000000000CF
:1011200000000000000000000000000000000000BF
:1011300000000000000000000000000000000000AF
:10114000000000000000000000000000000000009F
:10115000000000000000000000000000000000008F
:10116000000000000000000000000000000000007F
:10117000000000000000000000000000000000006F
:10118000000000000000000000000000000000005F
:10119000000000000000000000000000000000004F
:1011A000000000000000000000000000000000003F
:1011B000000000000000000000000000000000002F
:1011C000000000000000000000000000000000001F
:1011D000000000000000000000000000000000000F
:1011E00000000000000000000000000000000000FF
:1011F00000000000000000000000000000000000EF
:1012000000000000000000000000000000000000DE
:1012100000000000000000000000000000000000CE
:1012200000000000000000000000000000000000BE
:1012300000000000000000000000000000000000AE
:10124000000000000000000000000000000000009E
:10125000000000000000000000000000000000008E
:10126000000000000000000000000000000000007E
:10127000000000000000000000000000000000006E
:10128000000000000000000000000000000000005E
:10129000000000000000000000000000000000004E
:1012A000000000000000000000000000000000003E
:1012B000000000000000000000000000000000002E
:1012C000000000000000000000000000000000001E
:1012D000000000000000000000000000000000000E
:1012E00000000000000000000000000000000000FE
:1012F00000000000000000000000000000000000EE
:1013000000000000000000000000000000000000DD
:1013100000000000000000000000000000000000CD
:1013200000000000000000000000000000000000BD
:1013300000000000000000000000000000000000AD
:10134000000000000000000000000000000000009D
:10135000000000000000000000000000000000008D
:10136000000000000000000000000000000000007D
:10137000000000000000000000000000000000006D
:10138000000000000000000000000000000000005D
:10139000000000000000000000000000000000004D
:1013A000000000000000000000000000000000003D
:1013B000000000000000000000000000000000002D
:1013C000000000000000000000000000000000001D
:1013D000000000000000000000000000000000000D
:1013E00000000000000000000000000000000000FD
:1013F00000000000000000000000000000000000ED
:1014000000000000000000000000000000000000DC
:1014100000000000000000000000000000000000CC
:1014200000000000000000000000000000000000BC
:1014300000000000000000000000000000000000AC
:10144000000000000000000000000000000000009C
:10145000000000000000000000000000000000008C
:10146000000000000000000000000000000000007C
:10147000000000000000000000000000000000006C
:10148000000000000000000000000000000000005C
:10149000000000000000000000000000000000004C
:1014A000000000000000000000000000000000003C
:1014B000000000000000000000000000000000002C
:1014C000000000000000000000000000000000001C
:1014D000000000000000000000000000000000000C
:1014E00000000000000000000000000000000000FC
:1014F00000000000000000000000000000000000EC
:1015000000000000000000000000000000000000DB
:1015100000000000000000000000000000000000CB
:1015200000000000000000000000000000000000BB
:1015300000000000000000000000000000000000AB
:10154000000000000000000000000000000000009B
:10155000000000000000000000000000000000008B
:10156000000000000000000000000000000000007B
:10157000000000000000000000000000000000006B
:10158000000000000000000000000000000000005B
:10159000000000000000000000000000000000004B
:1015A000000000000000000000000000000000003B
:1015B000000000000000000000000000000000002B
:1015C000000000000000000000000000000000001B
:1015D000000000000000000000000000000000000B
:1015E00000000000000000000000000000000000FB
:1015F00000000000000000000000000000000000EB
:1016000000000000000000000000000000000000DA
:1016100000000000000000000000000000000000CA
:1016200000000000000000000000000000000000BA
:1016300000000000000000000000000000000000AA
:10164000000000000000000000000000000000009A
:10165000000000000000000000000000000000008A
:10166000000000000000000000000000000000007A
:10167000000000000000000000000000000000006A
:10168000000000000000000000000000000000005A
:10169000000000000000000000000000000000004A
:1016A000000000000000000000000000000000003A
:1016B000000000000000000000000000000000002A
:1016C000000000000000000000000000000000001A
:1016D000000000000000000000000000000000000A
:1016E00000000000000000000000000000000000FA
:1016F00000000000000000000000000000000000EA
:1017000000000000000000000000000000000000D9
:1017100000000000000000000000000000000000C9
:1017200000000000000000000000000000000000B9
:1017300000000000000000000000000000000000A9
:101740000000000000000000000000000000000099
:101750000000000000000000000000000000000089
:101760000000000000000000000000000000000079
:101770000000000000000000000000000000000069
:101780000000000000000000000000000000000059
:101790000000000000000000000000000000000049
:1017A0000000000000000000000000000000000039
:1017B0000000000000000000000000000000000029
:1017C0000000000000000000000000000000000019
:1017D0000000000000000000000000000000000009
:1017E00000000000000000000000000000000000F9
:1017F00000000000000000000000000000000000E9
:1018000000000000000000000000000000000000D8
:1018100000000000000000000000000000000000C8
:1018200000000000000000000000000000000000B8
:1018300000000000000000000000000000000000A8
:101840000000000000000000000000000000000098
:101850000000000000000000000000000000000088
:101860000000000000000000000000000000000078
:101870000000000000000000000000000000000068
:101880000000000000000000000000000000000058
:101890000000000000000000000000000000000048
:1018A0000000000000000000000000000000000038
:1018B0000000000000000000000000000000000028
:1018C0000000000000000000000000000000000018
:1018D0000000000000000000000000000000000008
:1018E00000000000000000000000000000000000F8
:1018F00000000000000000000000000000000000E8
:1019000000000000000000000000000000000000D7
:1019100000000000000000000000000000000000C7
:1019200000000000000000000000000000000000B7
:1019300000000000000000000000000000000000A7
:101940000000000000000000000000000000000097
:101950000000000000000000000000000000000087
:101960000000000000000000000000000000000077
:101970000000000000000000000000000000000067
:101980000000000000000000000000000000000057
:101990000000000000000000000000000000000047
:1019A0000000000000000000000000000000000037
:1019B0000000000000000000000000000000000027
:1019C0000000000000000000000000000000000017
:1019D0000000000000000000000000000000000007
:1019E00000000000000000000000000000000000F7
:1019F00000000000000000000000000000000000E7
:101A000000000000000000000000000000000000D6
:101A100000000000000000000000000000000000C6
:101A200000000000000000000000000000000000B6
:101A300000000000000000000000000000000000A6
:101A40000000000000000000000000000000000096
:101A50000000000000000000000000000000000086
:101A60000000000000000000000000000000000076
:101A70000000000000000000000000000000000066
:101A80000000000000000000000000000000000056
:101A90000000000000000000000000000000000046
:101AA0000000000000000000000000000000000036
:101AB0000000000000000000000000000000000026
:101AC0000000000000000000000000000000000016
:101AD0000000000000000000000000000000000006
:101AE00000000000000000000000000000000000F6
:101AF00000000000000000000000000000000000E6
:101B000000000000000000000000000000000000D5
:101B100000000000000000000000000000000000C5
:101B200000000000000000000000000000000000B5
:101B300000000000000000000000000000000000A5
:101B40000000000000000000000000000000000095
:101B50000000000000000000000000000000000085
:101B60000000000000000000000000000000000075
:101B70000000000000000000000000000000000065
:101B80000000000000000000000000000000000055
:101B90000000000000000000000000000000000045
:101BA0000000000000000000000000000000000035
:101BB0000000000000000000000000000000000025
:101BC0000000000000000000000000000000000015
:101BD0000000000000000000000000000000000005
:101BE00000000000000000000000000000000000F5
:101BF00000000000000000000000000000000000E5
:101C000000000000000000000000000000000000D4
:101C100000000000000000000000000000000000C4
:101C200000000000000000000000000000000000B4
:101C300000000000000000000000000000000000A4
:101C40000000000000000000000000000000000094
:101C50000000000000000000000000000000000084
:101C60000000000000000000000000000000000074
:101C70000000000000000000000000000000000064
:101C80000000000000000000000000000000000054
:101C90000000000000000000000000000000000044
:101CA0000000000000000000000000000000000034
:101CB0000000000000000000000000000000000024
:101CC0000000000000000000000000000000000014
:101CD0000000000000000000000000000000000004
:101CE00000000000000000000000000000000000F4
:101CF00000000000000000000000000000000000E4
:101D000000000000000000000000000000000000D3
:101D100000000000000000000000000000000000C3
:101D200000000000000000000000000000000000B3
:101D300000000000000000000000000000000000A3
:101D40000000000000000000000000000000000093
:101D50000000000000000000000000000000000083
:101D60000000000000000000000000000000000073
:101D70000000000000000000000000000000000063
:101D80000000000000000000000000000000000053
:101D90000000000000000000000000000000000043
:101DA0000000000000000000000000000000000033
:101DB0000000000000000000000000000000000023
:101DC0000000000000000000000000000000000013
:101DD0000000000000000000000000000000000003
:101DE00000000000000000000000000000000000F3
:101DF00000000000000000000000000000000000E3
:101E000000000000000000000000000000000000D2
:101E100000000000000000000000000000000000C2
:101E200000000000000000000000000000000000B2
:101E300000000000000000000000000000000000A2
:101E40000000000000000000000000000000000092
:101E50000000000000000000000000000000000082
:101E60000000000000000000000000000000000072
:101E70000000000000000000000000000000000062
:101E80000000000000000000000000000000000052
:101E90000000000000000000000000000000000042
:101EA0000000000000000000000000000000000032
:101EB0000000000000000000000000000000000022
:101EC0000000000000000000000000000000000012
:101ED0000000000000000000000000000000000002
:101EE00000000000000000000000000000000000F2
:101EF00000000000000000000000000000000000E2
:101F000000000000000000000000000000000000D1
:101F100000000000000000000000000000000000C1
:101F200000000000000000000000000000000000B1
:101F300000000000000000000000000000000000A1
:101F40000000000000000000000000000000000091
:101F50000000000000000000000000000000000081
:101F60000000000000000000000000000000000071
:101F70000000000000000000000000000000000061
:101F80000000000000000000000000000000000051
:101F90000000000000000000000000000000000041
:101FA0000000000000000000000000000000000031
:101FB0000000000000000000000000000000000021
:101FC0000000000000000000000000000000000011
:101FD0000000000000000000000000000000000001
:101FE00000000000000000000000000000000000F1
:101FF00000000000000000000000000000000000E1
:1020000000000000000000000000000000000000D0
:1020100000000000000000000000000000000000C0
:1020200000000000000000000000000000000000B0
:1020300000000000000000000000000000000000A0
:102040000000000000000000000000000000000090
:102050000000000000000000000000000000000080
:102060000000000000000000000000000000000070
:102070000000000000000000000000000000000060
:102080000000000000000000000000000000000050
:102090000000000000000000000000000000000040
:1020A0000000000000000000000000000000000030
:1020B0000000000000000000000000000000000020
:1020C0000000000000000000000000000000000010
:1020D0000000000000000000000000000000000000
:1020E00000000000000000000000000000000000F0
:1020F00000000000000000000000000000000000E0
:1021000000000000000000000000000000000000CF
:1021100000000000000000000000000000000000BF
:1021200000000000000000000000000000000000AF
:10213000000000000000000000000000000000009F
:10214000000000000000000000000000000000008F
:10215000000000000000000000000000000000007F
:10216000000000000000000000000000000000006F
:10217000000000000000000000000000000000005F
:10218000000000000000000000000000000000004F
:10219000000000000000000000000000000000003F
:1021A000000000000000000000000000000000002F
:1021B000000000000000000000000000000000001F
:1021C000000000000000000000000000000000000F
:1021D00000000000000000000000000000000000FF
:1021E00000000000000000000000000000000000EF
:1021F00000000000000000000000000000000000DF
:1022000000000000000000000000000000000000CE
:1022100000000000000000000000000000000000BE
:1022200000000000000000000000000000000000AE
:10223000000000000000000000000000000000009E
:10224000000000000000000000000000000000008E
:10225000000000000000000000000000000000007E
:10226000000000000000000000000000000000006E
:10227000000000000000000000000000000000005E
:10228000000000000000000000000000000000004E
:10229000000000000000000000000000000000003E
:1022A000000000000000000000000000000000002E
:1022B000000000000000000000000000000000001E
:1022C000000000000000000000000000000000000E
:1022D00000000000000000000000000000000000FE
:1022E00000000000000000000000000000000000EE
:1022F00000000000000000000000000000000000DE
:1023000000000000000000000000000000000000CD
:1023100000000000000000000000000000000000BD
:1023200000000000000000000000000000000000AD
:10233000000000000000000000000000000000009D
:10234000000000000000000000000000000000008D
:10235000000000000000000000000000000000007D
:10236000000000000000000000000000000000006D
:10237000000000000000000000000000000000005D
:10238000000000000000000000000000000000004D
:10239000000000000000000000000000000000003D
:1023A000000000000000000000000000000000002D
:1023B000000000000000000000000000000000001D
:1023C000000000000000000000000000000000000D
:1023D00000000000000000000000000000000000FD
:1023E00000000000000000000000000000000000ED
:1023F00000000000000000000000000000000000DD
:1024000000000000000000000000000000000000CC
:1024100000000000000000000000000000000000BC
:1024200000000000000000000000000000000000AC
:10243000000000000000000000000000000000009C
:10244000000000000000000000000000000000008C
:10245000000000000000000000000000000000007C
:10246000000000000000000000000000000000006C
:10247000000000000000000000000000000000005C
:10248000000000000000000000000000000000004C
:10249000000000000000000000000000000000003C
:1024A000000000000000000000000000000000002C
:1024B000000000000000000000000000000000001C
:1024C000000000000000000000000000000000000C
:1024D00000000000000000000000000000000000FC
:1024E00000000000000000000000000000000000EC
:1024F00000000000000000000000000000000000DC
:1025000000000000000000000000000000000000CB
:1025100000000000000000000000000000000000BB
:1025200000000000000000000000000000000000AB
:10253000000000000000000000000000000000009B
:10254000000000000000000000000000000000008B
:10255000000000000000000000000000000000007B
:10256000000000000000000000000000000000006B
:10257000000000000000000000000000000000005B
:10258000000000000000000000000000000000004B
:10259000000000000000000000000000000000003B
:1025A000000000000000000000000000000000002B
:1025B000000000000000000000000000000000001B
:1025C000000000000000000000000000000000000B
:1025D00000000000000000000000000000000000FB
:1025E00000000000000000000000000000000000EB
:1025F00000000000000000000000000000000000DB
:1026000000000000000000000000000000000000CA
:1026100000000000000000000000000000000000BA
:1026200000000000000000000000000000000000AA
:10263000000000000000000000000000000000009A
:10264000000000000000000000000000000000008A
:10265000000000000000000000000000000000007A
:10266000000000000000000000000000000000006A
:10267000000000000000000000000000000000005A
:10268000000000000000000000000000000000004A
:10269000000000000000000000000000000000003A
:1026A000000000000000000000000000000000002A
:1026B000000000000000000000000000000000001A
:1026C000000000000000000000000000000000000A
:1026D00000000000000000000000000000000000FA
:1026E00000000000000000000000000000000000EA
:1026F00000000000000000000000000000000000DA
:1027000000000000000000000000000000000000C9
:1027100000000000000000000000000000000000B9
:1027200000000000000000000000000000000000A9
:102730000000000000000000000000000000000099
:102740000000000000000000000000000000000089
:102750000000000000000000000000000000000079
:102760000000000000000000000000000000000069
:102770000000000000000000000000000000000059
:102780000000000000000000000000000000000049
:102790000000000000000000000000000000000039
:1027A0000000000000000000000000000000000029
:1027B0000000000000000000000000000000000019
:1027C0000000000000000000000000000000000009
:1027D00000000000000000000000000000000000F9
:1027E00000000000000000000000000000000000E9
:1027F00000000000000000000000000000000000D9
:1028000000000000000000000000000000000000C8
:1028100000000000000000000000000000000000B8
:1028200000000000000000000000000000000000A8
:102830000000000000000000000000000000000098
:102840000000000000000000000000000000000088
:102850000000000000000000000000000000000078
:102860000000000000000000000000000000000068
:102870000000000000000000000000000000000058
:102880000000000000000000000000000000000048
:102890000000000000000000000000000000000038
:1028A0000000000000000000000000000000000028
:1028B0000000000000000000000000000000000018
:1028C0000000000000000000000000000000000008
:1028D00000000000000000000000000000000000F8
:1028E00000000000000000000000000000000000E8
:1028F00000000000000000000000000000000000D8
:1029000000000000000000000000000000000000C7
:1029100000000000000000000000000000000000B7
:1029200000000000000000000000000000000000A7
:102930000000000000000000000000000000000097
:102940000000000000000000000000000000000087
:102950000000000000000000000000000000000077
:102960000000000000000000000000000000000067
:102970000000000000000000000000000000000057
:102980000000000000000000000000000000000047
:102990000000000000000000000000000000000037
:1029A0000000000000000000000000000000000027
:1029B0000000000000000000000000000000000017
:1029C0000000000000000000000000000000000007
:1029D00000000000000000000000000000000000F7
:1029E00000000000000000000000000000000000E7
:1029F00000000000000000000000000000000000D7
:102A000000000000000000000000000000000000C6
:102A100000000000000000000000000000000000B6
:102A200000000000000000000000000000000000A6
:102A30000000000000000000000000000000000096
:102A40000000000000000000000000000000000086
:102A50000000000000000000000000000000000076
:102A60000000000000000000000000000000000066
:102A70000000000000000000000000000000000056
:102A80000000000000000000000000000000000046
:102A90000000000000000000000000000000000036
:102AA0000000000000000000000000000000000026
:102AB0000000000000000000000000000000000016
:102AC0000000000000000000000000000000000006
:102AD00000000000000000000000000000000000F6
:102AE00000000000000000000000000000000000E6
:102AF00000000000000000000000000000000000D6
:102B000000000000000000000000000000000000C5
:102B100000000000000000000000000000000000B5
:102B200000000000000000000000000000000000A5
:102B30000000000000000000000000000000000095
:102B40000000000000000000000000000000000085
:102B50000000000000000000000000000000000075
:102B60000000000000000000000000000000000065
:102B70000000000000000000000000000000000055
:102B80000000000000000000000000000000000045
:102B90000000000000000000000000000000000035
:102BA0000000000000000000000000000000000025
:102BB0000000000000000000000000000000000015
:102BC0000000000000000000000000000000000005
:102BD00000000000000000000000000000000000F5
:102BE00000000000000000000000000000000000E5
:102BF00000000000000000000000000000000000D5
:102C000000000000000000000000000000000000C4
:102C100000000000000000000000000000000000B4
:102C200000000000000000000000000000000000A4
:102C30000000000000000000000000000000000094
:102C40000000000000000000000000000000000084
:102C50000000000000000000000000000000000074
:102C60000000000000000000000000000000000064
:102C70000000000000000000000000000000000054
:102C80000000000000000000000000000000000044
:102C90000000000000000000000000000000000034
:102CA0000000000000000000000000000000000024
:102CB0000000000000000000000000000000000014
:102CC0000000000000000000000000000000000004
:102CD00000000000000000000000000000000000F4
:102CE00000000000000000000000000000000000E4
:102CF00000000000000000000000000000000000D4
:102D000000000000000000000000000000000000C3
:102D100000000000000000000000000000000000B3
:102D200000000000000000000000000000000000A3
:102D30000000000000000000000000000000000093
:102D40000000000000000000000000000000000083
:102D50000000000000000000000000000000000073
:102D60000000000000000000000000000000000063
:102D70000000000000000000000000000000000053
:102D80000000000000000000000000000000000043
:102D90000000000000000000000000000000000033
:102DA0000000000000000000000000000000000023
:102DB0000000000000000000000000000000000013
:102DC0000000000000000000000000000000000003
:102DD00000000000000000000000000000000000F3
:102DE00000000000000000000000000000000000E3
:102DF00000000000000000000000000000000000D3
:102E000000000000000000000000000000000000C2
:102E100000000000000000000000000000000000B2
:102E200000000000000000000000000000000000A2
:102E30000000000000000000000000000000000092
:102E40000000000000000000000000000000000082
:102E50000000000000000000000000000000000072
:102E60000000000000000000000000000000000062
:102E70000000000000000000000000000000000052
:102E80000000000000000000000000000000000042
:102E90000000000000000000000000000000000032
:102EA0000000000000000000000000000000000022
:102EB0000000000000000000000000000000000012
:102EC0000000000000000000000000000000000002
:102ED00000000000000000000000000000000000F2
:102EE00000000000000000000000000000000000E2
:102EF00000000000000000000000000000000000D2
:102F000000000000000000000000000000000000C1
:102F100000000000000000000000000000000000B1
:102F200000000000000000000000000000000000A1
:102F30000000000000000000000000000000000091
:102F40000000000000000000000000000000000081
:102F50000000000000000000000000000000000071
:102F60000000000000000000000000000000000061
:102F70000000000000000000000000000000000051
:102F80000000000000000000000000000000000041
:102F90000000000000000000000000000000000031
:102FA0000000000000000000000000000000000021
:102FB0000000000000000000000000000000000011
:102FC0000000000000000000000000000000000001
:102FD00000000000000000000000000000000000F1
:102FE00000000000000000000000000000000000E1
:102FF00000000000000000000000000000000000D1
:1030000000000000000000000000000000000000C0
:1030100000000000000000000000000000000000B0
:1030200000000000000000000000000000000000A0
:103030000000000000000000000000000000000090
:103040000000000000000000000000000000000080
:103050000000000000000000000000000000000070
:103060000000000000000000000000000000000060
:103070000000000000000000000000000000000050
:103080000000000000000000000000000000000040
:103090000000000000000000000000000000000030
:1030A0000000000000000000000000000000000020
:1030B0000000000000000000000000000000000010
:1030C0000000000000000000000000000000000000
:1030D00000000000000000000000000000000000F0
:1030E00000000000000000000000000000000000E0
:1030F00000000000000000000000000000000000D0
:1031000000000000000000000000000000000000BF
:1031100000000000000000000000000000000000AF
:10312000000000000000000000000000000000009F
:10313000000000000000000000000000000000008F
:10314000000000000000000000000000000000007F
:10315000000000000000000000000000000000006F
:10316000000000000000000000000000000000005F
:10317000000000000000000000000000000000004F
:10318000000000000000000000000000000000003F
:10319000000000000000000000000000000000002F
:1031A000000000000000000000000000000000001F
:1031B000000000000000000000000000000000000F
:1031C00000000000000000000000000000000000FF
:1031D00000000000000000000000000000000000EF
:1031E00000000000000000000000000000000000DF
:1031F00000000000000000000000000000000000CF
:1032000000000000000000000000000000000000BE
:1032100000000000000000000000000000000000AE
:10322000000000000000000000000000000000009E
:10323000000000000000000000000000000000008E
:10324000000000000000000000000000000000007E
:10325000000000000000000000000000000000006E
:10326000000000000000000000000000000000005E
:10327000000000000000000000000000000000004E
:10328000000000000000000000000000000000003E
:10329000000000000000000000000000000000002E
:1032A000000000000000000000000000000000001E
:1032B000000000000000000000000000000000000E
:1032C00000000000000000000000000000000000FE
:1032D00000000000000000000000000000000000EE
:1032E00000000000000000000000000000000000DE
:1032F00000000000000000000000000000000000CE
:1033000000000000000000000000000000000000BD
:1033100000000000000000000000000000000000AD
:10332000000000000000000000000000000000009D
:10333000000000000000000000000000000000008D
:10334000000000000000000000000000000000007D
:10335000000000000000000000000000000000006D
:10336000000000000000000000000000000000005D
:10337000000000000000000000000000000000004D
:10338000000000000000000000000000000000003D
:10339000000000000000000000000000000000002D
:1033A000000000000000000000000000000000001D
:1033B000000000000000000000000000000000000D
:1033C00000000000000000000000000000000000FD
:1033D00000000000000000000000000000000000ED
:1033E00000000000000000000000000000000000DD
:1033F00000000000000000000000000000000000CD
:1034000000000000000000000000000000000000BC
:1034100000000000000000000000000000000000AC
:10342000000000000000000000000000000000009C
:10343000000000000000000000000000000000008C
:10344000000000000000000000000000000000007C
:10345000000000000000000000000000000000006C
:10346000000000000000000000000000000000005C
:10347000000000000000000000000000000000004C
:10348000000000000000000000000000000000003C
:10349000000000000000000000000000000000002C
:1034A000000000000000000000000000000000001C
:1034B000000000000000000000000000000000000C
:1034C00000000000000000000000000000000000FC
:1034D00000000000000000000000000000000000EC
:1034E000347CE2FF0000000000010000000000004A
:1034F00000000000000000000000000000000000CC
:10350000AC70E0FF000000002C7CE2FF0000000037
:10351000800100000000000000000000000000002A
:103520000000000000000000AC70E0FF00000000A0
:10353000247CE2FF00000000000200000000000008
:10354000000000000000000000000000000000007B
:10355000AC70E0FF000000008799E2FF000000006F
:103560006200000000000000C049E2FF000000000F
:1035700000000000000000008425E2FF00000000C1
:10358000000000000000000000000000000000003B
:103590000C25E2FF00000000000000000000000019
:1035A000000000000000000000000000000000001B
:1035B00020000000180000000000000000000000D3
:1035C000D0E8E2FF00000000000000000000000062
:1035D000B67EE2FF00000000540000000000000082
:1035E00000000000000000000000000000000000DB
:1035F00000000000000000000000000000000000CB
:1036000000000000000000000000000000000000BA
:1036100000000000000000000000000000000000AA
:10362000000000000000000000000000000000009A
:103630000000000000000000304AE2FF000000002F
:103640000000000000000000BD94E2FF0000000048
:103650007200000000000000584AE2FF0000000075
:1036600000000000000000006403E2FF0000000012
:1036700020FFE1FF0000000000000000000000004B
:10368000F004E2FF00000000000000000000000065
:10369000000000000000000000000000000000002A
:1036A000A80000005800000000000000000000001A
:1036B000D04AE2FF0000000000040000000000000B
:1036C0001D81E2FF000000001E000000000000005D
:1036D000204BE2FF0000000000000000000000009E
:1036E00000000000000000000000000000000000DA
:1036F00000000000000000000C09E1FF00000000D5
:1037000000000000000000000000000000000000B9
:103710000000000000000000000000003000000079
:103720000000000000000000404BE2FF000000002D
:103730000000000000000000DB80E2FF000000004D
:103740001E0000000000000000000000000000005B
:103750000000000000000000000000000000000069
:103760000000000000000000000000000000000059
:103770000000000000000000000000000000000049
:103780000000000000000000000000000000000039
:103790000000000000000000000000000000000029
:1037A000E04BE2FF00000000040000000000000009
:1037B0007990E2FF000000004B00000000000000D4
:1037C000204CE2FF000000000000000000000000AC
:1037D00058E4E1FF000000000000000000000000CD
:1037E00000000000000000000000000000000000D9
:1037F00000000000000000000000000000000000C9
:103800000000000000000000580700000000000059
:1038100000000000000000000000000000000000A8
:1038200000000000000000002B9BE2FF00000000F1
:103830008A00000000000000484DE2FF0000000088
:1038400000000000000000003834E2FF000000002B
:103850000000000000000000000000000000000068
:103860000000000000000000000000000000000058
:103870000000000000000000000000000000000048
:103880002000000000000000000000000000000018
:10389000684DE2FF0000000004000000000000008E
:1038A000B196E2FF0000000072000000000000007E
:1038B000B84EE2FF00000000000000000000000021
:1038C000881EE2FF000000001C1DE2FF0000000057
:1038D0000000000000000000AC1CE2FF000000003F
:1038E00000000000000000000000000000000000D8
:1038F0000000000000000000A80000001000000010
:1039000000000000000000001050E2FF0000000076
:103910000000000000000000F080E2FF0000000056
:103920001E00000000000000804BE2FF00000000CD
:103930000000000000000000000000000000000087
:103940000000000000000000000000000000000077
:103950009C08E1FF000000000000000000000000E3
:103960000000000000000000000000000000000057
:103970000000000030000000000000000000000017
:10398000A04BE2FF00000000040000000000000067
:10399000F790E2FF0000000073000000000000004C
:1039A000D057E2FF0000000000000000000000000F
:1039B00014E8E1FF0000000034E9E1FF000000002E
:1039C00000000000000000000000000000000000F7
:1039D00000000000000000000000000000000000E7
:1039E000000000000000000098020000000000003D
:1039F0000000000000000000F057E2FF000000009F
:103A00000004000000000000B883E2FF0000000096
:103A10001600000000000000000000000000000090
:103A20000000000000000000D04BE1FF000000009B
:103A30000000000000000000000000000000000086
:103A40000000000000000000000000000000000076
:103A50000000000000000000000000000000000066
:103A60000000000000000000000000000000000056
:103A70009851E2FF00000000000400000000000078
:103A80000298E2FF000000004A0000000000000071
:103A90000000000000000000000000000000000026
:103AA0000000000000000000000000000000000016
:103AB0000000000000000000000000000000000006
:103AC00000000000000000000000000000000000F6
:103AD00000000000000000000000000000000000E6
:103AE0000000000000000000C051E2FF00000000E4
:103AF00004000000000000003D80E2FF0000000024
:103B00001D00000000000000C851E2FF000000009E
:103B10000000000000000000B4FFE0FF0000000013
:103B20000000000000000000000000000000000095
:103B30000000000000000000000000000000000085
:103B40000000000000000000000000000000000075
:103B50000000000000000000000000000000000065
:103B60000000000000000000040000000000000051
:103B7000F091E2FF000000006D0000000000000076
:103B8000E851E2FF0000000000000000000000001B
:103B9000BCF6E1FF00000000000000000000000093
:103BA0000000000000000000D8F2E1FF000000006B
:103BB0000000000000000000000000000000000005
:103BC00000000000000000002000000028000000AD
:103BD00000000000000000005852E2FF000000005A
:103BE0000000000000000000FA7FE2FF000000007B
:103BF0001D000000000000005851E2FF000000001E
:103C000000000000000000003CFEE0FF000000009B
:103C100000000000000000000000000000000000A4
:103C20000000000000000000000000000000000094
:103C30000000000000000000000000000000000084
:103C40000000000000000000000000000000000074
:103C50000000000000000000040000000000000060
:103C60006581E2FF0000000000000000000000008D
:103C70000000000000000000000000000000000044
:103C80000000000000000000000000000000000034
:103C90000000000000000000000000000000000024
:103CA0000000000000000000000000000000000014
:103CB0000000000000000000000000000000000004
:103CC00000000000000000000000000000000000F4
:103CD00000000000000000007581E2FF000000000D
:103CE0006E000000000000001851E2FF000000001C
:103CF00000000000000000000000000000000000C4
:103D000000000000000000000000000000000000B3
:103D100000000000000000000000000000000000A3
:103D20000000000000000000000000000000000093
:103D30000000000000000000000000000000000083
:103D4000000000000000000004000000000000006F
:103D50004381E2FF000000001E00000000000000A0
:103D60000057E2FF0000000000000000000000001B
:103D7000D80BE1FF00000000000000000000000080
:103D80000000000000000000680AE1FF00000000E1
:103D90000000000000000000000000000000000023
:103DA000000000000000000000000000080000000B
:103DB0000000000000000000D8A7E2FF00000000A3
:103DC00000000000000000002882E2FF0000000068
:103DD0004D000000000000002057E2FF000000003E
:103DE00000000000000000008C31E1FF0000000036
:103DF00000000000000000000000000000000000C3
:103E000000000000000000000000000000000000B2
:103E100000000000000000000000000000000000A2
:103E20000000000000000000000000000000000092
:103E30000000000000000000000000000000000082
:103E40001084E2FF000000004900000000000000B4
:103E50004057E2FF00000000B85CE1FF00000000F6
:103E6000CC5BE1FF0000000000000000000000004B
:103E70000000000000000000D85AE1FF0000000030
:103E80000000000000000000000000000000000032
:103E90000000000000000000700000007001000041
:103EA0000000000000000000604EE2FF0000000083
:103EB00000000000000000001D9BE2FF0000000069
:103EC00066000000000000006057E2FF00000000F4
:103ED0006033E2FF000000000833E2FF0000000052
:103EE0004032E2FF0000000000000000000000007F
:103EF00000000000000000000000000000000000C2
:103F000000000000000000000000000000000000B1
:103F10000800000000000000000000000000000099
:103F20008057E2FF000000000004000000000000D5
:103F30001382E2FF000000004D00000000000000BE
:103F4000B057E2FF00000000000000000000000089
:103F5000F82FE1FF0000000000000000000000005A
:103F60000000000000000000000000000000000051
:103F70000000000000000000000000000000000041
:103F80000000000000000000000000000000000031
:103F90000000000000000000000000000000000021
:103FA00000000000000000006D93E2FF0000000030
:103FB000740000000000000000000000000000008D
:103FC00000000000000000000000000000000000F1
:103FD00000000000000000000000000000000000E1
:103FE00000000000000000000000000000000000D1
:103FF00000000000000000000000000000000000C1
:1040000000000000000000000000000000000000B0
:1040100000000000000000000000000000000000A0
:104020005F82E2FF00000000780000000000000056
:104030000000000000000000000000000000000080
:104040000000000000000000000000000000000070
:104050000000000000000000000000000000000060
:104060000000000000000000000000000000000050
:104070000000000000000000000000000000000040
:10408000000000000000000028A8E2FF000000007F
:1040900000000000000000000298E2FF00000000A5
:1040A00000000000000000009A78E2FF000000001D
:1040B000806CE0FF000000004F7FE2FF0000000086
:1040C000020000000800000068F7E0FF00000000A8
:1040D000000000000000000068F4E0FF00000000A5
:1040E000E484E2FF00000000060000004000000041
:1040F0005C62E1FF00000000000000000000000022
:104100006462E1FF00000000AB6DE2FF0000000010
:104110000100000000000000B836E0FF00000000D1
:10412000A66DE2FF00000000020000000000000099
:10413000B836E0FF000000009F6DE2FF00000000C5
:104140000300000000000000B836E0FF000000009F
:10415000816CE2FF0000000004000000000000008D
:104160004033E0FF000000002E6EE2FF0000000080
:1041700000000000000000007C3BE0FF00000000A9
:104180002A6EE2FF000000000800000000000000AE
:10419000A83AE0FF00000000BC83E2FF000000003E
:1041A00016000000000000000000000000000000F9
:1041B00000000000000000000000000000000000FF
:1041C000A8F7E0FF00000000000000000000000071
:1041D00000000000000000000000000000000000DF
:1041E00000000000000000000000000000000000CF
:1041F00000000000000000000000000000000000BF
:10420000900000000000000000000000000000001E
:104210001080E2FF000000001D0000000000000010
:10422000A420E1FF000000000000000000000000EA
:10423000000000000000000000000000000000007E
:10424000000000000000000000000000000000006E
:10425000000000000000000000000000000000005E
:10426000000000000000000000000000000000004E
:10427000000000000000000000000000000000003E
:104280000000000000000000C780E2FF0000000006
:104290001E00000000000000000000000000000000
:1042A000000000000000000000000000000000000E
:1042B0000408E1FF00000000000000000000000012
:1042C00000000000000000000000000000000000EE
:1042D00000000000000000000000000000000000DE
:1042E00000000000000000000000000000000000CE
:1042F00000000000000000000000000000000000BE
:10430000A881E2FF0000000048000000000000005B
:10431000A420E1FF000000000000000000000000F9
:10432000000000000000000000000000000000008D
:10433000000000000000000000000000000000007D
:10434000000000000000000000000000000000006D
:10435000000000000000000000000000000000005D
:10436000000000000000000000000000000000004D
:1043700000000000000000002773E2FF00000000C2
:1043800049000000000000000000000000000000E4
:10439000000000000000000000000000000000001D
:1043A0000000000000000000EC4BE1FF00000000F6
:1043B00000000000000000000000000000000000FD
:1043C00000000000000000000000000000000000ED
:1043D00000000000000000000000000008000000D5
:1043E00000000000000000000000000001000000CC
:1043F000F697E2FF000000004A0000000000000005
:1044000000000000000000000000000000000000AC
:10441000000000000000000000000000000000009C
:10442000000000000000000000000000000000008C
:10443000000000000000000000000000000000007C
:10444000000000000000000000000000000000006C
:10445000000000000000000000000000000000005C
:104460000000000000000000A07FE2FF000000004C
:104470004B000000000000000000000000000000F1
:10448000000000000000000000000000000000002C
:10449000000000000000000000000000000000001C
:1044A000000000000000000000000000000000000C
:1044B00000000000000000000000000000000000FC
:1044C000000000000000000000000000900100005B
:1044D00000000000000000000000000000000000DC
:1044E0007181E2FF000000004D00000000000000AC
:1044F00000000000000000000000000000000000BC
:1045000000000000000000000000000000000000AB
:10451000000000000000000000000000000000009B
:10452000000000000000000000000000000000008B
:10453000000000000000000000000000000000007B
:10454000000000000000000000000000000000006B
:104550000000000000000000BA7EE2FF0000000042
:1045600054000000000000000000000000000000F7
:10457000000000000000000000000000000000003B
:10458000000000000000000000000000000000002B
:10459000000000000000000000000000000000001B
:1045A000000000000000000000000000000000000B
:1045B00000000000000000000000000000000000FB
:1045C0007800000000000000000000000000000073
:1045D0004D71E2FF000000006200000000000000DA
:1045E00000000000000000000000000000000000CB
:1045F00000000000000000000000000000000000BB
:1046000000000000000000000000000000000000AA
:10461000000000000000000000000000000000009A
:10462000000000000000000000000000000000008A
:10463000000000000000000000000000000000007A
:104640000000000000000000259BE2FF00000000C9
:1046500066000000000000000000000000000000F4
:10466000000000000000000000000000000000004A
:10467000000000000000000000000000000000003A
:10468000000000000000000000000000000000002A
:10469000000000000000000000000000000000001A
:1046A000000000000000000000000000000000000A
:1046B00000000000000000000000000000000000FA
:1046C0006081E2FF00000000000000000000000028
:1046D00000000000000000000000000000000000DA
:1046E00000000000000000000000000000000000CA
:1046F00000000000000000000000000000000000BA
:1047000000000000000000000000000000000000A9
:104710000000000000000000000000000000000099
:104720000000000000000000000000000000000089
:104730000000000000000000F891E2FF000000000F
:104740006D000000000000000000000000000000FC
:104750000000000000000000000000000000000059
:10476000D0F0E1FF00000000F4F0E1FF00000000E5
:104770000000000000000000000000000000000039
:104780000000000000000000000000000000000029
:104790000000000000000000000000000800000011
:1047A0000000000000000000000000000100000008
:1047B0007581E2FF000000006E00000000000000B4
:1047C0003C2AE1FF000000000000000000000000A3
:1047D00000000000000000000000000000000000D9
:1047E00000000000000000000000000000000000C9
:1047F00000000000000000000000000000000000B9
:1048000000000000000000000000000000000000A8
:104810000000000000000000180000000000000080
:1048200000000000000000007E97E2FF0000000092
:104830007200000000000000A420E1FF0000000062
:104840000000000000000000000000000000000068
:104850001CF8E1FF00000000000000000000000064
:1048600000FEE1FF00000000D0F7E1FF00000000C3
:104870000000000000000000000000000000000038
:104880000000000000000000000000000C0000001C
:1048900000000000300000001000000001000000D7
:1048A0007D93E2FF000000007400000000000000A3
:1048B00000000000000000000000000000000000F8
:1048C00000000000000000000000000000000000E8
:1048D00000000000000000000000000000000000D8
:1048E00000000000000000000000000000000000C8
:1048F00000000000000000000000000000000000B8
:1049000000000000000000000000000000000000A7
:1049100000000000000000000591E2FF0000000020
:104920007300000000000000D4E6E1FF000000007A
:104930000000000000000000000000000000000077
:104940000000000000000000000000000000000067
:104950000000000000000000000000000000000057
:104960000000000000000000000000000000000047
:10497000000000000000000000000000980200009D
:104980000000000000000000000000000000000027
:104990006782E2FF000000007800000000000000D5
:1049A0000000000000000000000000000000000007
:1049B00000000000000000000000000000000000F7
:1049C00000000000000000000000000000000000E7
:1049D00000000000000000000000000000000000D7
:1049E00000000000000000000000000000000000C7
:1049F00000000000000000000000000000000000B7
:104A00000000000000000000F79BE2FF0000000033
:104A10008A0000000000000000000000000000000C
:104A200000000000000000008C35E2FF00000000E4
:104A30000000000000000000000000000000000076
:104A40000000000000000000000000000000000066
:104A50000000000000000000000000000000000056
:104A600000000000000000000000000078000000CE
:104A70000000000000000000000000000100000035
:104A8000D00DFEED0000142300000038000011E4FA
:104A900000000028000000110000000200000000DB
:104AA0000000023F000011AC000000000000000008
:104AB00000000000000000000000000100000000F5
:104AC000000000030000001500000000696E74651E
:104AD0006C2C736F63667067612D6167696C6578B4
:104AE0000000000000000003000000040000000BB4
:104AF0000000000200000003000000040000001A93
:104B00000000000200000003000000150000002665
:104B1000536F4346504741204167696C6578205385
:104B20006F43444B0000000000000001736F6300FE
:104B300000000003000000040000000B0000000162
:104B400000000003000000040000001A0000000143
:104B5000000000030000000B0000000073696D708E
:104B60006C652D62757300000000000300000004F6
:104B70000000002C736F63000000000300000010B1
:104B800000000038000000000000000000000000ED
:104B9000FFFFFFFF00000001636C6F636B2D636F0D
:104BA0006E74726F6C6C6572406666643130303062
:104BB00030000000000000030000001400000000AE
:104BC000696E74656C2C6167696C65782D636C6BBC
:104BD0006D67720000000003000000080000003F45
:104BE000FFD10000000010000000000300000004DE
:104BF000000000430000000100000003000000046A
:104C0000000000500000000A000000020000000147
:104C100064776D6D63304066663830383030300010
:104C200000000003000000040000000B0000000171
:104C300000000003000000040000001A0000000053
:104C4000000000030000001500000000616C747299
:104C50002C736F63667067612D64772D6D73686365
:104C60000000000000000003000000080000003FFA
:104C7000FF8080000000100000000003000000041E
:104C800000000058000004000000000300000010B5
:104C9000000000630000000700000027000000077C
:104CA0000000002F00000003000000060000006A62
:104CB00072657365740000000000000300000010BE
:104CC000000000760000000A000000210000000A39
:104CD0000000003000000003000000080000007D1C
:104CE0006269750063697500000000030000000838
:104CF000000000890000000800000005000000031B
:104D000000000005000000906F6B6179000000005A
:104D100000000003000000000000009700000003F6
:104D200000000000000000A80000000300000004D4
:104D3000000000B2000000040000000300000004B6
:104D4000000000BC0000000300000003000000049D
:104D5000000000C300000000000000030000000489
:104D600000000050000000110000000200000001DF
:104D70006E616E644066666239303030300000002B
:104D800000000003000000040000000B0000000110
:104D900000000003000000040000001A00000000F2
:104DA000000000030000001900000000616C747234
:104DB0002C736F63667067612D64656E616C692D1D
:104DC0006E616E640000000000000003000000102F
:104DD0000000003FFFB9000000010000FFB8000024
:104DE000000010000000000300000015000000CBD0
:104DF0006E616E645F646174610064656E616C69AC
:104E00005F726567000000000000000300000010F2
:104E1000000000760000000A0000002D0000000ADB
:104E200000000033000000030000000C0000007DC3
:104E30006E616E64006E616E645F78000000000356
:104E400000000010000000630000000700000025C3
:104E5000000000070000002D000000030000000516
:104E6000000000906F6B61790000000000000003FB
:104E700000000004000000D5000000100000000247
:104E8000000000017273746D6772406666643131B0
:104E9000303030000000000300000004000000E497
:104EA00000000001000000030000000D00000000F1
:104EB000616C74722C7273742D6D67720000000047
:104EC00000000003000000080000003FFFD11000B8
:104ED000000001000000000300000004000000F1D9
:104EE000000000200000000300000004000000504B
:104EF0000000000700000002000000017379736DDC
:104F00006772406666643132303030000000000362
:104F10000000001400000000616C74722C7379733F
:104F20002D6D677200737973636F6E00000000036C
:104F3000000000080000003FFFD120000000050035
:104F40000000000300000004000000500000000901
:104F5000000000020000000173657269616C30405E
:104F6000666663303230303000000000000000031D
:104F70000000001100000000736E70732C64772D28
:104F80006170622D75617274000000000000000302
:104F9000000000080000003FFFC0200000000100EA
:104FA00000000003000000040000010400000002F3
:104FB00000000003000000040000010E00000004D7
:104FC000000000030000000800000063000000076C
:104FD00000000050000000030000000500000090E9
:104FE0006F6B617900000000000000030000000802
:104FF000000000760000000A00000022000000030C
:10500000000000040000011B05F5E10000000002A3
:10501000000000017761746368646F6740666664CE
:105020003030323030000000000000030000000C7F
:1050300000000000736E70732C64772D7764740029
:1050400000000003000000080000003FFFD0020045
:1050500000000100000000030000000800000063E1
:1050600000000007000000400000000300000008EE
:10507000000000760000000A0000000300000003AA
:1050800000000005000000906F6B617900000000D7
:105090000000000200000001736472406638303185
:1050A0003131303000000000000000030000001526
:1050B00000000000696E74656C2C7364722D63745B
:1050C0006C2D6167696C65780000000000000003CA
:1050D000000000180000003FF800040000000080FD
:1050E000F801000000000190F80110000000050028
:1050F000000000030000000800000063000000073B
:1051000000000066000000030000000400000050E2
:105110000000000D000000020000000173706940F3
:105120006666386432303030000000000000000352
:105130000000000E0000000063646E732C71737039
:10514000692D6E6F72000000000000030000000473
:105150000000000B0000000100000003000000043C
:105160000000001A00000000000000030000001012
:105170000000003FFF8D200000000100FF900000B4
:105180000010000000000003000000040000012BDC
:105190000000008000000003000000040000013B4C
:1051A0000000000400000003000000040000014BA8
:1051B0000000000000000003000000040000007672
:1051C0000000001200000003000000050000009035
:1051D0006F6B61790000000000000001666C617374
:1051E0006840300000000003000000040000000BD5
:1051F0000000000100000003000000040000001A8D
:1052000000000001000000030000000E000000008C
:105210006A656465632C7370692D6E6F720000009F
:1052200000000003000000040000003F0000000038
:1052300000000003000000040000016005F5E1002B
:1052400000000003000000000000017200000003E5
:1052500000000004000001810000010000000003C4
:105260000000000400000190000000100000000396
:1052700000000004000001A0000000320000000354
:1052800000000004000001AE000000320000000336
:1052900000000004000001BC000000040000000346
:1052A00000000004000001CA000000040000000328
:1052B00000000004000001D800000004000000030A
:1052C00000000004000001E90000000400000002EA
:1052D0000000000200000001736F63667067612DBB
:1052E000736563726567000000000003000000152D
:1052F00000000000696E74656C2C736F63667067E4
:10530000612D736563726567000000000000000393
:10531000000000040000000B00000001000000037A
:10532000000000040000001A00000001000000015D
:10533000695F7379735F6D67725F636F72654066F3
:105340006664313230303000000000030000000895
:105350000000003FFFD120000000023000000003E9
:1053600000000018000001FA00000020FF0100000A
:10537000FF01001100000024FFFFFFFFFFFFFFFF00
:1053800000000002000000016E6F635F66775F6CD3
:10539000345F7065725F6C345F7065725F736372E7
:1053A0004066666432313030300000000000000397
:1053B000000000080000003FFFD210000000007451
:1053C0000000000300000114000001FA00000000CA
:1053D00001010001010100010000000401010001C0
:1053E000010100010000000C0101000101010001A8
:1053F0000000001001010001010100010000001C7B
:105400000101000101010101000000200101000172
:10541000010101010000002401010001010101015D
:105420000000002801010001010101010000002C21
:105430000101000101010001000000300101000133
:10544000010100010000003401010001010100011F
:1054500000000040010100010101000100000044C2
:1054600001010001010101010000004801010001EA
:1054700001010101000000500101000101010101D1
:105480000000005401010001010101010000005869
:1054900001010001010101010000005C01010001A6
:1054A0000101010100000060010100010101010191
:1054B0000000006401010001010101010000006819
:1054C00001010001010101010000006C0101000166
:1054D0000101010100000070010100010101010151
:1054E00000000002000000016E6F635F66775F6C72
:1054F000345F7379735F6C345F7379735F73637256
:105500004066666432313130300000000000000334
:10551000000000080000003FFFD2110000000098CA
:105520000000000300000144000001FA0000000830
:1055300001010001010100010000000C0101000156
:105540000101000100000010010100010101000142
:105550000000001401010001010100010000001819
:1055600001010001010100010000001C0101000116
:105570000101000100000020010100010101000102
:105580000000002C010100010101000100000030B9
:1055900001010001010100010000003401010001CE
:1055A00001010001000000380101000101010001BA
:1055B0000000004001010001010100010000004461
:1055C000010100010101000100000048010100018A
:1055D000010100010000004C010100010101000176
:1055E0000000005401010001010100010000005809
:1055F00001010001010100010000005C0101000146
:105600000101000100000060010100010101010130
:1056100000000064010100010101010100000068B7
:1056200001010001010101010000006C0101000104
:1056300001010101000000700101000101010101EF
:105640000000007401010001010101010000007867
:1056500001010001030100010000009001010001AF
:10566000010100010000009401010001010100019D
:1056700000000002000000016E6F635F66775F73D9
:105680006F6332667067615F736F63326670676104
:105690005F736372406666643231323030000000FE
:1056A00000000003000000080000003FFFD21200CD
:1056B00000000004000000030000000C000001FADC
:1056C000000000000FFE01010FFE010100000002BA
:1056D000000000016E6F635F66775F6C77736F63C6
:1056E00032667067615F6C77736F63326670676193
:1056F0005F7363724066666432313330300000009D
:1057000000000003000000080000003FFFD213006B
:1057100000000004000000030000000C000001FA7B
:10572000000000000FFE01010FFE01010000000259
:10573000000000016E6F635F66775F7463755F746E
:1057400063755F7363724066666432313430300073
:1057500000000003000000080000003FFFD214001A
:1057600000000004000000030000000C000001FA2B
:105770000000000001010001010100010000000221
:10578000000000016E6F635F66775F707269765F1D
:105790004D656D6F72794D61705F707269764066AC
:1057A0006664323438303000000000030000000826
:1057B0000000003FFFD248000000000C0000000382
:1057C0000000000C000001FA00000000FFF73FFBA2
:1057D000FFF73FFB00000002000000014343555F5C
:1057E000636F685F637075305F6279706173735F58
:1057F0004F435F4669726577616C6C5F6D61696E7E
:105800005F4669726577616C6C4066373130303263
:105810003030000000000003000000080000003FDE
:10582000F710020000000014000000030000003028
:10583000000001FA000000048000FFFFE003FFFF0A
:10584000000000088000FFFFE003FFFF0000000CE5
:105850008000FFFFE003FFFF000000108000FFFF5B
:10586000E003FFFF0000000200000001736F635FB0
:105870006E6F635F66775F6D7066655F6373725F9F
:10588000696E73745F305F6D7066655F73637240DD
:105890006638303230303030000000000000000345
:1058A000000000080000003FF80200000000001C9B
:1058B0000000000300000018000001FA00000000D2
:1058C00000010101000101010000000400000001CD
:1058D000000101010000000200000001736F635F1E
:1058E0006E6F635F66775F6464725F667067613274
:1058F000736472616D5F696E73745F305F6464724C
:105900005F736372406638303230313030000000EF
:1059100000000003000000080000003FF802010042
:105920000000005000000003000000E4000001FA45
:1059300000000000000000000000000F0000000454
:10594000000000000000000F000000080000000040
:105950000000000F0000001000000000FFFF00002A
:105960000000001400000000000000FF000000180C
:1059700000000000FFFF00000000001C000000000D
:10598000000000FF0000002000000000FFFF0000FA
:105990000000002400000000000000FF00000028BC
:1059A00000000000FFFF00000000002C00000000CD
:1059B000000000FF0000003000000000FFFF0000BA
:1059C0000000003400000000000000FF000000386C
:1059D00000000000FFFF00000000003C000000008D
:1059E000000000FF0000004000000000FFFF00007A
:1059F0000000004400000000000000FF000000481C
:105A000000000000FFFF00000000004C000000004C
:105A1000000000FF0000000200000001736F635FE0
:105A20006D7066655F6E6F635F696E73745F305F24
:105A30006363755F6D656D305F495F6D61696E5F52
:105A4000516F7347656E657261746F72406638306E
:105A5000323230383000000000000003000000083F
:105A60000000003FF80220800000001C000000033E
:105A70000000003C000001FA0000000800000200E5
:105A8000000003030000000C0000000300000003FE
:105A90000000001000000BFE00007FFF000000145B
:105AA00000000008000003FF0000001800000000D4
:105AB0000000000F000000020000000200000001D2
:105AC00063616368652D636F6E74726F6C6C657271
:105AD00040663730303030303000000000000003C6
:105AE0000000001200000000617274657269732C7E
:105AF0006E636F72652D6363750000000000000324
:105B0000000000080000003FF7000000001009003E
:105B1000000000020000000200000001616C6961E9
:105B200073657300000000030000001600000210FF
:105B30002F736F632F73657269616C3040666663A3
:105B4000303230303000000000000003000000124E
:105B5000000002182F736F632F73706940666638F8
:105B6000643230303000000000000002000000010C
:105B70006D656D6F72790000000000030000000782
:105B80000000002C6D656D6F72790000000000034D
:105B9000000000200000003F0000000000000000A6
:105BA00000000000800000000000000280000000F3
:105BB000000000018000000000000003000000045D
:105BC0000000000B000000020000000300000004C1
:105BD0000000001A000000020000000200000001A6
:105BE00063686F73656E0000000000030000001121
:105BF0000000021D73657269616C303A31313532D3
:105C000030306E3800000000000000030000004249
:105C1000000002292F736F632F64776D6D6330402E
:105C20006666383038303030002F736F632F7370F2
:105C3000694066663864323030302F666C61736854
:105C40004030002F736F632F6E616E644066666232
:105C50003930303030000000000000020000000247
:105C600000000009636F6D70617469626C650023E8
:105C7000616464726573732D63656C6C7300237368
:105C8000697A652D63656C6C73006D6F64656C007B
:105C90006465766963655F747970650072616E67CB
:105CA0006573007265670023636C6F636B2D6365BA
:105CB0006C6C73007068616E646C65006669666F19
:105CC0002D64657074680072657365747300726525
:105CD0007365742D6E616D657300636C6F636B73B8
:105CE00000636C6F636B2D6E616D657300696F6D22
:105CF0006D757300737461747573006361702D73D7
:105D0000642D6869676873706565640062726F6BA3
:105D1000656E2D6364006275732D77696474680025
:105D200064727673656C00736D706C73656C007271
:105D300065672D6E616D6573006E616E642D6275B1
:105D4000732D7769647468002372657365742D63BD
:105D5000656C6C7300616C74722C6D6F647273741B
:105D60002D6F6666736574007265672D736869666A
:105D700074007265672D696F2D77696474680063BC
:105D80006C6F636B2D6672657175656E6379006308
:105D9000646E732C6669666F2D6465707468006349
:105DA000646E732C6669666F2D776964746800632E
:105DB000646E732C747269676765722D61646472B6
:105DC000657373007370692D6D61782D66726571EE
:105DD00075656E6379006D3235702C666173742D54
:105DE000726561640063646E732C706167652D7306
:105DF000697A650063646E732C626C6F636B2D73DC
:105E0000697A650063646E732C747368736C2D6EAD
:105E1000730063646E732C74736432642D6E73004C
:105E200063646E732C74636873682D6E73006364AF
:105E30006E732C74736C63682D6E73007370692DB0
:105E400074782D6275732D77696474680073706956
:105E50002D72782D6275732D776964746800696E90
:105E600074656C2C6F66667365742D7365747469E4
:105E70006E67730073657269616C300073706930AE
:105E8000007374646F75742D7061746800752D6291
:105E90006F6F742C73706C2D626F6F742D6F7264E2
:035EA00065720028
:04000005FFE0000018
:00000001FF
